p,p_hat,g,Y
0.417022004702574,0.561833814390239,0,0
0.720324493442158,0.781554747936216,0,1
0.000114374817344887,0.00383985989632973,0,0
0.30233257263184,0.540820896203266,0,0
0.146755890817113,0.397635805669235,0,0
0.0923385947687978,0.289874162514402,0,0
0.186260211377671,0.435642042228465,0,0
0.345560727043048,0.565284586761684,0,0
0.39676747423067,0.65506642469174,0,1
0.538816734003357,0.63881972505872,0,1
0.419194514403295,0.563985644287167,0,0
0.685219500396759,0.767642606094421,0,0
0.204452249731517,0.489717336017391,0,1
0.878117436390945,0.887867105009153,0,1
0.0273875931979262,0.217497955723119,0,0
0.670467510178402,0.761261236296805,0,0
0.417304802367127,0.562114374971162,0,0
0.558689828445752,0.701650693647013,0,0
0.140386938595234,0.370729329789128,0,0
0.198101489084879,0.378192789046915,0,1
0.800744568675537,0.827679711650824,0,1
0.968261575719398,0.931158415007905,0,1
0.313424178159243,0.578266204188529,0,0
0.692322615669314,0.771409947144284,0,1
0.876389152296038,0.887484718166143,0,1
0.894606663503847,0.891244653968245,0,1
0.0850442113697779,0.214177749864711,0,0
0.0390547832328824,0.197242216488445,0,0
0.169830419564569,0.416957796770191,0,0
0.878142503429413,0.887872611537868,0,1
0.0983468338330501,0.325797641919515,0,0
0.421107625005052,0.565873891963138,0,1
0.957889530150502,0.930444461910488,0,1
0.533165284973017,0.634564243050227,0,0
0.691877113950473,0.771176189747377,0,1
0.315515631006063,0.592337470998654,0,0
0.686500927681584,0.768328604346736,0,1
0.834625671897373,0.820458023269,0,0
0.0182882773441918,0.117383691249569,0,0
0.750144314944967,0.797263350097677,0,1
0.988861088906495,0.931981692069221,0,1
0.748165654379839,0.796419230705912,0,1
0.280443992064405,0.474332732113687,0,0
0.789279328451489,0.865463354070878,0,1
0.103226006577642,0.277218656266613,0,0
0.447893526175905,0.58908365338482,0,1
0.908595503093096,0.924309872214898,0,1
0.293614148373679,0.478446140032988,0,0
0.287775338586349,0.434833567232983,0,1
0.130028572118278,0.336777218326172,0,0
0.0193669578702971,0.124239562195753,0,0
0.678835532939891,0.765911297320929,0,0
0.211628116000059,0.464615239124948,0,0
0.265546659372226,0.499688965601268,0,1
0.491573159280338,0.632728297884031,0,1
0.0533625451170804,0.230354109349963,0,0
0.574117605492013,0.705095068761116,0,1
0.14672857490581,0.397567652939925,0,0
0.589305536903284,0.708243866044402,0,1
0.699758360020931,0.775261592458425,0,0
0.102334428827826,0.274953460198559,0,0
0.414055987819568,0.620354532229639,0,1
0.694400157727745,0.772495579468088,0,1
0.414179269526903,0.620491000631298,0,0
0.0499534589460872,0.283294941837579,0,0
0.535896405915512,0.636627220056364,0,1
0.663794645219789,0.79366056541513,0,1
0.514889112058309,0.618870073304665,0,0
0.944594755990813,0.929236044876976,0,1
0.586555040501993,0.682235948244543,0,0
0.903401915287883,0.923399764992035,0,1
0.137474704146238,0.355562399905291,0,0
0.139276347250759,0.359873693921539,0,0
0.807391288709524,0.829924624706979,0,1
0.397676836985534,0.656195381174684,0,1
0.165354197116933,0.464341644152081,0,0
0.927508580396034,0.927199165315617,0,1
0.347765859745507,0.568133595089668,0,0
0.750812103136156,0.797546733439548,0,1
0.725997985350451,0.784218162054335,0,0
0.88330609120581,0.888982761146916,0,1
0.623672207055609,0.715793092304135,0,1
0.750942434027337,0.797601952349022,0,1
0.348898341977843,0.569593012944572,0,0
0.269927891765026,0.506650252109026,0,0
0.895886218196067,0.891486258793656,0,0
0.428091189871295,0.520090770804831,0,0
0.964840047148386,0.930945062858234,0,1
0.663441497818448,0.793447973611699,0,1
0.621695720209122,0.71454932705073,0,1
0.114745972953375,0.316380649660488,0,0
0.949489258707071,0.929719249804318,0,1
0.449912133479941,0.590968997774662,0,0
0.578389614387132,0.676624938273386,0,0
0.408136802761281,0.535778312408795,0,0
0.237026980243028,0.474314611142367,0,1
0.903379520562254,0.923395731735314,0,1
0.573679486672286,0.704773482100097,0,1
0.00287032703115897,0.09623154351473,0,0
0.617144913620724,0.711660821501929,0,0
0.326644901772096,0.621482240814092,0,1
0.527058102257609,0.628923683973334,0,0
0.885942099310775,0.889530962146905,0,1
0.3572697600025,0.551899618202003,0,0
0.908535150919799,0.92429958506436,0,1
0.623360115791803,0.715597132418379,0,1
0.0158212428465563,0.101675397049475,0,0
0.929437233743761,0.927456332775485,0,1
0.690896917516924,0.770660684119446,0,1
0.997322850451481,0.932090661901663,0,1
0.172340508345329,0.422540108924415,0,0
0.137135749628878,0.354750281330146,0,1
0.932595463037164,0.927862477767521,0,1
0.6968181614899,0.773749859911105,0,1
0.0660001727220625,0.253202369377916,0,0
0.755463052602466,0.793844441869325,0,0
0.753876188461246,0.79883728855613,0,1
0.923024535546483,0.926574458565941,0,1
0.711524758628472,0.779482155076745,0,1
0.124270961972165,0.255867774248017,0,1
0.0198801338397956,0.127498556968501,0,0
0.0262109868777193,0.208278120906954,0,0
0.0283064880207946,0.224690622712393,0,0
0.246211067603046,0.461972632683682,0,0
0.860027948682888,0.883598023301401,0,1
0.538831064341653,0.638830449774318,0,1
0.552821978685766,0.697107896030689,0,1
0.842030892359606,0.822477790034795,0,1
0.124173315119911,0.255680033719764,0,0
0.279183679011139,0.472547174646378,0,1
0.585759271458288,0.681693948086669,0,1
0.969595748319675,0.931235694318265,0,1
0.56103021925571,0.703445848585088,0,1
0.018647289372943,0.119666334485684,0,0
0.800632672680616,0.827641267236718,0,1
0.23297427384102,0.467276448948002,0,0
0.807105195618779,0.829829565907159,0,1
0.387860644064172,0.585714959981815,0,0
0.863541854559429,0.88447345763268,0,0
0.747121642737185,0.795971159861901,0,1
0.556240233990419,0.699761551998336,0,1
0.136455225660685,0.353118815513496,0,0
0.0599176895122117,0.317358277791598,0,1
0.121343455740737,0.362739258760093,0,0
0.0445518785447617,0.226302268640151,0,0
0.107494129106093,0.330420512599028,0,0
0.225709338607855,0.411699725373449,0,0
0.712988980382677,0.780198598495431,0,1
0.559716982054142,0.702439728823848,0,1
0.0125559801591159,0.161766521700959,0,0
0.0719742796894868,0.322401960525964,0,0
0.967276330000272,0.931099216571324,0,1
0.568100461919942,0.700649468858018,0,0
0.20329323466099,0.487255505234984,0,1
0.252325744570323,0.444289832554328,0,0
0.743825854075093,0.794544504605984,0,1
0.195429481109319,0.373644947916459,0,1
0.581358927273258,0.678678048020091,0,1
0.970019989088312,0.931259572290219,0,1
0.846828801490035,0.823737027028287,0,1
0.239847759147586,0.4535628822057,0,0
0.49376971426873,0.634630103978083,0,1
0.61995571838138,0.713448984762811,0,0
0.828980899550179,0.818856279233389,0,1
0.156791394646084,0.383298600836676,0,0
0.0185762021774095,0.119214419526773,0,0
0.0700221437192223,0.313975132455988,0,0
0.486345110937032,0.688262517238513,0,1
0.60632946165333,0.797648522176496,0,1
0.568851437086481,0.701207712368172,0,1
0.317362409322161,0.59515133671301,0,1
0.988616154412449,0.931976550061011,0,1
0.579745219245797,0.677564061504282,0,0
0.38014117262355,0.578565799700709,0,1
0.550948219117897,0.622933663259825,0,1
0.745334430906502,0.795199818227618,0,0
0.669232893453185,0.760565042400174,0,0
0.264919557662809,0.480799517111259,0,0
0.0663348344284416,0.254442225417582,0,0
0.370084197914106,0.596408092075399,0,0
0.629717507021564,0.789643084812095,0,1
0.21017400991484,0.461798025389808,0,0
0.752755553738814,0.798367142943909,0,1
0.0665364813541149,0.255189073238766,0,0
0.260315098578541,0.473696678799059,0,0
0.804754563743345,0.829043190530936,0,1
0.193434282623328,0.366446992090838,0,1
0.63946088087994,0.702741597148409,0,0
0.524670309123734,0.627089329438542,0,0
0.924807970399351,0.926827411899919,0,1
0.263296770487111,0.478301266889892,0,0
0.0659610906840238,0.253057549111154,0,0
0.735065963288669,0.788361773811925,0,1
0.772178029543247,0.80051085594326,0,1
0.907815852503524,0.924176456466601,0,0
0.931972069196837,0.927783782871038,0,1
0.013951572975597,0.1796205950974,0,0
0.234362086121421,0.469690801204255,0,0
0.616778357001658,0.711426656186066,0,1
0.949016320687616,0.92967450860034,0,1
0.95017611924708,0.929783486124732,0,1
0.556653188195156,0.700080757549036,0,1
0.915606349766275,0.925458676461653,0,1
0.641566208946338,0.703964249404558,0,0
0.390007714141246,0.588172905373696,0,0
0.48599066709691,0.687921966860928,0,0
0.604310482919973,0.79614416949511,0,0
0.549547921508563,0.621950851169155,0,0
0.926181426706454,0.927018174524773,0,1
0.918733435633606,0.925941534311457,0,1
0.394875612923555,0.652712257579203,0,0
0.963262528440712,0.930839344813845,0,0
0.173955666680464,0.426123202233199,0,0
0.126329519439637,0.259820783469564,0,0
0.135079158046731,0.349815946323845,0,0
0.505662165676897,0.578111163096936,0,1
0.021524805274198,0.176843726105563,0,0
0.947970211217681,0.929574062654681,0,1
0.827115471170732,0.818315133150369,0,0
0.0150189807421224,0.193259094618996,0,0
0.176196255575055,0.418017118775812,0,0
0.332063574366837,0.55178472682792,0,1
0.130996844810917,0.339109386474093,0,0
0.809490692126582,0.830617867067671,0,1
0.344736652683293,0.564217423090848,0,1
0.940107482333367,0.928753803243366,0,1
0.58201417994708,0.679129163312093,0,1
0.878831984411844,0.888023627246771,0,1
0.844734445392222,0.823192128256612,0,1
0.905392318708649,0.923754499439456,0,1
0.459880265816807,0.625303450130904,0,1
0.546346816020373,0.619692631970725,0,1
0.798603591152039,0.868943593416271,0,1
0.285718851734148,0.481772020065061,0,1
0.490253522619928,0.631581779748396,0,1
0.599110307645878,0.715023095623726,0,1
0.0155332755508357,0.0998392596910362,0,0
0.593481408196637,0.711151178701012,0,0
0.433676348989458,0.525004169729317,0,0
0.807360528884841,0.829914411054698,0,1
0.315244803095373,0.591924181660803,0,1
0.892888708525151,0.890915629543971,0,1
0.577857215284535,0.676255280656627,0,1
0.184010201627465,0.430913419519567,0,0
0.787929233825504,0.864946385204243,0,1
0.612031177044934,0.801855349933127,0,1
0.053909272073753,0.23264884725902,0,0
0.420193680001132,0.56497260185336,0,0
0.67906883656543,0.766039229037168,0,0
0.918601777977526,0.92592157245465,0,1
0.000402024891357433,0.0134950792080245,0,0
0.97675914903106,0.931593881958681,0,1
0.376580314745774,0.574406178824327,0,0
0.973783538358323,0.931456709194067,0,1
0.604716100974053,0.796447015562928,0,0
0.828845807980693,0.818817287410725,0,0
0.574711504708102,0.705530472967132,0,1
0.62807619830735,0.788528303015464,0,1
0.285576281695694,0.481571669108974,0,0
0.586833340656083,0.682425253154809,0,1
0.75002176370266,0.797211261753458,0,0
0.858313836429042,0.826593587861364,0,1
0.75508218846768,0.793687044663504,0,1
0.698057248447303,0.774388744908892,0,1
0.8644794300546,0.88470327832731,0,1
0.322680996836746,0.615394747033218,0,0
0.670788790787587,0.761441977851045,0,1
0.450873936413349,0.59186487603245,0,1
0.382102752031517,0.580847043185495,0,0
0.410811349922186,0.616752511795098,0,0
0.401479583469541,0.529243194424571,0,0
0.317383945958277,0.595184106419893,0,0
0.621919367920301,0.714690391165298,0,1
0.430247270821264,0.521993241351736,0,0
0.973802077927252,0.931457614950413,0,1
0.677800891434311,0.765342832767077,0,1
0.198569888427111,0.378988460908287,0,0
0.426701009348033,0.518860300871244,0,1
0.343346239774423,0.633562152414022,0,0
0.797638803958567,0.868590795311972,0,1
0.879998288563432,0.888277129941482,0,1
0.903841955826372,0.923478825964684,0,1
0.662719812375262,0.793012830875545,0,0
0.270208262029758,0.50709431103154,0,0
0.25236670150459,0.444351534987563,0,0
0.854897942697402,0.825767236319518,0,1
0.527714646308747,0.629426436132674,0,1
0.802161084004598,0.828164521682542,0,0
0.572488517191606,0.703897619133853,0,1
0.733142525287511,0.787494510532071,0,0
0.519011627464056,0.622093449012412,0,1
0.770883910501888,0.800011573901341,0,1
0.568857990704716,0.701212579777639,0,1
0.465709878591981,0.626520472307566,0,1
0.342688907953282,0.632600111406283,0,0
0.0682093484167041,0.30613394257678,0,0
0.3779241793281,0.575978815334729,0,1
0.0796260776982524,0.255817467163326,0,0
0.982817113730445,0.931822139150651,0,1
0.181612851330764,0.425860778559914,0,0
0.81185869772054,0.831390686438347,0,1
0.874961644955898,0.887164818793815,0,1
0.688413252385943,0.76934714269671,0,1
0.569494412745376,0.701684901585873,0,0
0.160971436815609,0.366947017935155,0,0
0.466880022763306,0.62761564601425,0,0
0.345172051155215,0.56478142476872,0,1
0.225039957814085,0.484777123351628,0,1
0.592511868765797,0.710478817248499,0,1
0.312269837701917,0.576530775389658,0,1
0.916305553468351,0.925568223829894,0,1
0.909635524951557,0.924486079349009,0,1
0.257118293782196,0.451486959936988,0,0
0.110891300744029,0.340251027481941,0,0
0.192962732019113,0.365649091211105,0,0
0.499584170678886,0.639624589812793,0,0
0.728585667974596,0.785414821368428,0,1
0.208194438408791,0.457954420252638,0,0
0.248033558377231,0.464908599297017,0,0
0.851671874936367,0.824968731669881,0,1
0.415848718267527,0.62233619278855,0,1
0.616685067155236,0.711367024581887,0,0
0.23366613923925,0.46848062137224,0,0
0.101967259425797,0.274019953158027,0,0
0.51585701696853,0.619629344857784,0,1
0.477140987049782,0.668042284447278,0,1
0.152671644093163,0.374061490896603,0,0
0.621806231740415,0.714619041795333,0,0
0.544010118813938,0.618034112538053,0,0
0.654137346970744,0.787766551278285,0,1
0.14454554012466,0.380857621150945,0,0
0.751527817135244,0.797849612622239,0,1
0.222049139799923,0.479140351908559,0,0
0.519351824366033,0.622358218665814,0,0
0.785296028221619,0.863928596861501,0,1
0.0223304279918062,0.183387865061889,0,0
0.324362459726186,0.617981386273429,0,0
0.872922376400111,0.886701454290577,0,1
0.84470960760207,0.823185621688441,0,1
0.538440592594544,0.638538104532946,0,1
0.866608274166513,0.885219222234173,0,1
0.949805991353627,0.929748980430392,0,1
0.826406997629341,0.835926535100828,0,1
0.854115443836539,0.825575167925597,0,0
0.0987434018203484,0.327043153835608,0,0
0.651304332340991,0.709526426979607,0,0
0.703516988152653,0.77549946444777,0,1
0.61024081264663,0.800540997152589,0,1
0.799615261736028,0.869311724656579,0,1
0.0345712198716343,0.199593403306212,0,0
0.77023873455498,0.799761603159484,0,1
0.731728600739527,0.786852981987019,0,1
0.259698393298353,0.47274198124429,0,0
0.257069298822147,0.45141361676124,0,1
0.632303317430128,0.791389372315332,0,0
0.345297461591082,0.564943808017157,0,0
0.796588678007287,0.868204874661187,0,1
0.446146232003457,0.587446134869476,0,1
0.782749414784172,0.862932331378752,0,1
0.990471783623841,0.932012720129187,0,1
0.3002483395339,0.537751952885503,0,0
0.143005828258099,0.377113372651991,0,0
0.901308436349274,0.923018691193389,0,1
0.541559378887373,0.640866228009098,0,1
0.974740370855082,0.931502618713278,0,1
0.636604400001897,0.794266935970668,0,1
0.993913024610479,0.932062806974481,0,1
0.546070804142952,0.61949717060045,0,0
0.526425933905521,0.628438937639456,0,1
0.13542790307217,0.350653509682959,0,0
0.355705170983881,0.550006032927915,0,0
0.0262185672963733,0.20833755640658,0,0
0.160395179519649,0.365747964989342,0,0
0.745637192707496,0.79533086917994,0,1
0.0303996899287888,0.241049818307691,0,0
0.366543097243744,0.519593563408907,0,1
0.862346252838044,0.884178090357397,0,1
0.692677717507354,0.771596028946633,0,1
0.690942142066169,0.770684504676312,0,0
0.188636800955311,0.358307511152529,0,0
0.441904280748423,0.642548658192665,0,0
0.581577407344291,0.67882854134798,0,1
0.989751707663705,0.931999446514493,0,1
0.203906225233122,0.488557987488847,0,0
0.247732901762355,0.464424741901299,0,0
0.262173083772912,0.476568144276103,0,1
0.750172413297993,0.797275289230482,0,1
0.456975327435693,0.622525561364055,0,0
0.056929438411095,0.301995233527539,0,0
0.50851624061024,0.580263775315172,0,0
0.211960164643676,0.465257828612655,0,0
0.79860424476021,0.868943831852631,0,0
0.297331381507272,0.483447941115253,0,0
0.0276060119545036,0.219208248708712,0,0
0.593432449464621,0.711117264931885,0,1
0.843840428931189,0.822957274049553,0,1
0.381016124062214,0.579584228795329,0,0
0.749858310726143,0.797141749062773,0,1
0.511141478297128,0.615915945017705,0,1
0.540951804962189,0.640413921894493,0,1
0.959434321061752,0.930563506925324,0,1
0.803960891498647,0.828775526199689,0,1
0.032323066623574,0.18682737848276,0,0
0.709387251231295,0.778429727384162,0,1
0.465001481563506,0.62585629503373,0,1
0.9475489413951,0.929533036736858,0,1
0.221432734323488,0.477975918734242,0,0
0.267072019684366,0.502117318075503,0,1
0.081473964877262,0.261502364504316,0,0
0.428618828663787,0.520557009832682,0,1
0.109018764019068,0.334837039238453,0,0
0.633786760611918,0.79238566888677,0,0
0.802963237373738,0.828437529077756,0,0
0.696800496120178,0.773740732561943,0,0
0.76621138107577,0.798185333155521,0,1
0.34245411984352,0.632256252883967,0,0
0.845851483027678,0.823483674229606,0,1
0.428768774999443,0.520689428830733,0,0
0.824009870412319,0.835204267446597,0,1
0.626496158624294,0.78745047753036,0,0
0.143423048670245,0.378128628120126,0,0
0.078386899854948,0.251998822241848,0,1
0.0183326429130073,0.117665818280072,0,0
0.0667249976393565,0.255887142677297,0,0
0.458583813708432,0.624065540357185,0,1
0.11334192276759,0.31274210768217,0,0
0.02778334884867,0.220596574226478,0,0
0.754861481390467,0.799248889098122,0,0
0.394850480460639,0.652680933992659,0,0
0.746938495607525,0.795892365322298,0,0
0.452404826746452,0.618124790663683,0,1
0.450086747000761,0.59113175927048,0,1
0.478072506717831,0.668937066189276,0,0
0.474003926562194,0.665017211086442,0,0
0.80316334211417,0.828505460493518,0,1
0.402392519857736,0.530143711115329,0,1
0.904686160343623,0.92362949151131,0,1
0.0370610479540359,0.18736336182185,0,0
0.773874342720419,0.80116102481302,0,1
0.125641381137739,0.258500399573579,0,0
0.618513566912085,0.712533170224996,0,1
0.0103642613352319,0.133676495174897,0,0
0.538627282576347,0.638677909734133,0,0
0.00301795661959636,0.101173543054525,0,0
0.951193785490205,0.929877043082477,0,1
0.905402033702778,0.92375621275718,0,1
0.795966941942269,0.867975445620381,0,1
0.915274319914787,0.925406336710788,0,1
0.145558231158397,0.3833165976261,0,0
0.157730069870533,0.360191804268662,0,0
0.187631672902434,0.356596079473164,0,0
0.622495902299921,0.715053651195376,0,1
0.905809496008302,0.923827913585918,0,1
0.989955178359074,0.932003295194765,0,1
0.711122458765816,0.779284671388163,0,1
0.731800409142295,0.786885644746653,0,0
0.909293204544254,0.924428303862825,0,1
0.400873732371121,0.528644826581927,0,0
0.249850680225037,0.467828841045661,0,0
0.173430170787123,0.424958201816321,0,0
0.119457050333729,0.357458687150578,0,0
0.812610588032829,0.831634050568162,0,0
0.146792373417243,0.397726825726716,0,0
0.264297482726901,0.47984249564309,0,0
0.819089178633531,0.833690599961808,0,0
0.31058725179421,0.573995963687261,0,0
0.982417449292943,0.931809188115913,0,1
0.266638702151635,0.501427995953375,0,0
0.533653344971211,0.634933791875874,0,1
0.31446701118585,0.590736345132343,0,1
0.910772831173837,0.924676460878107,0,1
0.366556643851234,0.51960845715717,0,1
0.433592327273165,0.524930611042451,0,0
0.512292692278361,0.616825825755434,0,0
0.938886477369713,0.928616086815654,0,1
0.0309490062711507,0.17901022585417,0,0
0.716878663631689,0.782084113566059,0,1
0.891018954292339,0.890551486633867,0,0
0.0272872235174688,0.216711898249671,0,0
0.522051247252511,0.625066685811491,0,0
0.325989811770025,0.620478662997699,0,0
0.859489320865586,0.883461865392768,0,1
0.558516550922518,0.701517404692784,0,1
0.690227868162748,0.770307876993232,0,1
0.452853499951537,0.618558434672108,0,1
0.628309037521357,0.788686748215948,0,0
0.290096851687426,0.437747090621795,0,1
0.00934857796651578,0.178212822736865,0,0
0.576755934987091,0.675489154510172,0,0
0.311444214132463,0.575287749415392,0,0
0.51726759850113,0.620733158072787,0,1
0.916405853053898,0.925583863469384,0,1
0.426474788501396,0.518659786741409,0,0
0.247396036602385,0.463882383040436,0,0
0.371293761279054,0.597913318287857,0,1
0.931861116636541,0.927769700691578,0,1
0.936868381309094,0.928382374004768,0,1
0.844329948565713,0.823086035738775,0,1
0.92020651430566,0.926162678250522,0,1
0.227900289951317,0.415182762888586,0,0
0.0874822095535909,0.220037179270472,0,0
0.227309736284689,0.414244909191526,0,1
0.31437661611405,0.579695898874375,0,0
0.174765876356312,0.427917948358862,0,1
0.60709416197246,0.798216295449168,0,1
0.413586415001161,0.619834469070246,0,1
0.816351511827214,0.832830388158383,0,1
0.185130398269031,0.433269257943676,0,1
0.70187652975631,0.774670119997522,0,1
0.240355624849139,0.454392133132107,0,0
0.57421908884086,0.705169512097954,0,1
0.348987597220789,0.569707927409503,0,0
0.0569643994828327,0.30217525548853,0,0
0.228813670960376,0.416631884013177,0,0
0.664102555354793,0.793845742625802,0,1
0.497250093360531,0.637626602283339,0,1
0.519015984073679,0.622096840874181,0,0
0.174720150108923,0.427816704182605,0,0
0.570715851546256,0.702589440121818,0,0
0.99675342520821,0.932087517827178,0,1
0.816835108791622,0.832983280364854,0,1
0.594372623830978,0.711767810941027,0,1
0.975989068330905,0.931559965093398,0,1
0.901562584669321,0.923065389269161,0,1
0.595607933602646,0.712620283991835,0,0
0.0324263253144571,0.187414378339647,0,0
0.0935770958174807,0.293571412348367,0,0
0.0653717150422264,0.250872856164159,0,0
0.451733148691475,0.592663869635726,0,0
0.375434833167858,0.603044716472767,0,1
0.975350034270287,0.931530980621603,0,1
0.167983293199615,0.471048582353086,0,0
0.972787591932655,0.931407110158286,0,1
0.767474868863013,0.798682799443316,0,0
0.824237839624498,0.835273382038176,0,0
0.632615816777997,0.791599585132976,0,1
0.668732770206732,0.760282284609195,0,1
0.476882333521193,0.667793548852123,0,0
0.0131363569230722,0.169194454562984,0,0
0.353006085541825,0.546728571558631,0,0
0.492071801493558,0.633160751299213,0,0
0.730091211090104,0.786105826289246,0,1
0.468628342746109,0.629247478226612,0,0
0.457404916089432,0.622937300459394,0,0
0.137662740945603,0.356012789345772,0,0
0.010888733803479,0.140404032060364,0,0
0.758278260476996,0.795000267249026,0,1
0.319952838077678,0.599085463851256,0,0
0.984383450193511,0.931870025607522,0,1
0.220234226159156,0.475709212838279,0,1
0.33870802548168,0.626753306308869,0,1
0.523896135666132,0.626492609455922,0,0
0.754891457060533,0.799261385385587,0,0
0.463857783900296,0.624782132261349,0,1
0.124822543111676,0.256927877558649,0,0
0.31250137849205,0.576879106216079,0,0
0.504519169700995,0.577245592603724,0,1
0.673849008016868,0.763154714808538,0,1
0.770149956312092,0.799727151381774,0,1
0.130335780954354,0.337517438543025,0,0
0.0229151313223818,0.188134082078848,0,0
0.519082322211989,0.622148484991686,0,1
0.809988710662416,0.83078120245659,0,1
0.0126037670298763,0.162378285374566,0,0
0.672469844653734,0.762384807051393,0,0
0.686808226656992,0.768492697539889,0,1
0.449246753586638,0.590348307429817,0,0
0.914788686741934,0.925329413474954,0,0
0.644361084756993,0.705576288591372,0,1
0.00523983765146585,0.100093688559274,0,0
0.484428445514376,0.686418181677454,0,0
0.8593178060976,0.883418398980375,0,1
0.830399570037339,0.81926389433028,0,1
0.649154197112478,0.708311500810155,0,1
0.673698423898632,0.763070810330719,0,1
0.578499579789201,0.676701231792707,0,0
0.274119775166852,0.537232394913608,0,0
0.560529990536059,0.703062959166439,0,1
0.67172978481742,0.761970334745931,0,1
0.352429630216409,0.546026814385984,0,1
0.855828367253928,0.825994269472395,0,1
0.195037486008707,0.372976487476022,0,0
0.747320810331923,0.796056782062285,0,1
0.289602746186877,0.437127779842032,0,0
0.773799287244182,0.801132360028783,0,0
0.427737329336076,0.519777846888096,0,0
0.807698409112209,0.830026513124696,0,1
0.35353486266799,0.54737173733661,0,1
0.213693237629581,0.394629651736813,0,1
0.767284508421767,0.798608022326496,0,1
0.308641947630651,0.57105764730695,0,1
0.733245067726428,0.7875409044369,0,1
0.744473153077732,0.794826160150832,0,1
0.221396700908201,0.477907820553236,0,0
0.214112136820648,0.39531051315002,0,0
0.198947923427067,0.379630291478921,0,1
0.142518337765845,0.375926497131553,0,0
0.377082599207334,0.574994366529606,0,0
0.0266278846916215,0.21154618871871,0,0
0.110920369034241,0.340334981650102,0,0
0.674564023763411,0.763552588313583,0,1
0.799776536897386,0.869370238862872,0,0
0.0805295271283859,0.258598294434881,0,0
0.231702310485792,0.421203553410929,0,1
0.207625661803814,0.456848284386577,0,0
0.917333563081631,0.925727631664956,0,1
0.711314518136487,0.77937898512774,0,0
0.553884611051414,0.697935018678304,0,1
0.30451798792062,0.544028993928929,0,1
0.834854047631798,0.820521695086993,0,1
0.43530595762952,0.635634875885846,0,1
0.923456215118775,0.926636229704396,0,0
0.706051804335933,0.776771958784514,0,1
0.478031307965283,0.668897525985182,0,1
0.126210103749359,0.259591725946681,0,0
0.976043550467748,0.931562401004367,0,1
0.159833650344093,0.364578765770058,0,0
0.202602125219663,0.485785833718191,0,0
0.431181755160371,0.522815574211057,0,1
0.404201905775147,0.531924419885401,0,0
0.146751480764294,0.397624802810922,0,0
0.729318919361123,0.785751844718204,0,1
0.188745066877186,0.358491729148088,0,1
0.643895644311663,0.705308705827274,0,1
0.754305950576299,0.799017022263639,0,1
0.210732392083321,0.462880459987116,0,0
0.60095424810764,0.793626390541875,0,1
0.748928375245836,0.796745404846775,0,1
0.638218710620333,0.795338223423629,0,0
0.597127302946649,0.713665217591939,0,1
0.295482285655497,0.480963150104193,0,1
0.731606471241509,0.786797410098968,0,0
0.94530843999995,0.929309283799729,0,1
0.425561390261547,0.517849378440983,0,0
0.782181816831405,0.862708679409705,0,0
0.0561410396619153,0.242002334604831,0,0
0.835271602489966,0.82063788308509,0,1
0.192250016822148,0.364442235692416,0,0
0.395096868889973,0.652987961536808,0,1
0.300081045925356,0.537505223372368,0,0
0.0801036438060493,0.257287761151635,0,0
0.904631002936243,0.923619688111421,0,1
0.370154177553738,0.59649525622383,0,1
0.530697438476139,0.631701731118853,0,1
0.494116265896325,0.634929400884904,0,1
0.132161141942938,0.341910257331345,0,0
0.206454058889433,0.454567290890231,0,0
0.0761888090323212,0.315329912639752,0,0
0.507921699945287,0.579816386177943,0,1
0.261549551832987,0.4756052977836,0,0
0.357061608882792,0.551647963306833,0,0
0.108065328697237,0.33207603472469,0,0
0.787551839652507,0.864801285594277,0,1
0.106583876788801,0.327780115185475,0,0
0.985708823713188,0.931906972928507,0,0
0.177161164438417,0.420083949585928,0,0
0.572405112434649,0.703836190045701,0,1
0.0448453345890881,0.227758700109671,0,0
0.787116289655834,0.864633505691535,0,1
0.189605947818297,0.359955671237846,0,0
0.527903978408127,0.629571288468861,0,0
0.740077543159072,0.792899512887168,0,0
0.149931484917256,0.4055439878302,0,0
0.551087174186972,0.623031023295844,0,1
0.216617208328779,0.399374580288591,0,0
0.759196049317145,0.79537418630458,0,1
0.722915193556214,0.78277772068635,0,1
0.176549034277083,0.418773050211041,0,1
0.861966557667073,0.884083749541785,0,1
0.0197750995163443,0.126831660857884,0,0
0.860236997423115,0.883650727160117,0,1
0.558903811160938,0.701815221740969,0,0
0.403220472105849,0.530959211161743,0,0
0.758746931022337,0.795191387419457,0,1
0.71692900169247,0.782108346195932,0,0
0.987326174808427,0.931947623440986,0,1
0.278085048612983,0.543751551911201,0,0
0.00379367240934259,0.127129125725514,0,0
0.933902608314888,0.928025134733727,0,1
0.857897104537894,0.826493828981157,0,1
0.728850877519256,0.785536824521073,0,1
0.516688782921538,0.620280610916808,0,1
0.706956245248761,0.777223349298481,0,1
0.780529556876743,0.862054313665474,0,1
0.374875943536859,0.602354149359276,0,1
0.770322525329958,0.799794107263901,0,1
0.750624319175175,0.797467121876325,0,1
0.61321121154426,0.709136175364282,0,1
0.401865923967837,0.529624446872549,0,0
0.697308019264341,0.774002747953484,0,0
0.00311285782519211,0.104350038211939,0,0
0.774896646724598,0.80155051046215,0,0
0.896416602456847,0.891585540490984,0,1
0.239315707437505,0.452693545557782,0,0
0.12076718430923,0.361127316653174,0,0
0.220283987793728,0.47580339504096,0,0
0.302096731290098,0.540474089337676,0,0
0.883028508563834,0.888924304394913,0,1
0.543166430238095,0.617433193353166,0,1
0.286711649606431,0.433495448697697,0,0
0.138354689792947,0.357669313283186,0,0
0.290144463104542,0.437806743909338,0,0
0.613871089741253,0.709561486019779,0,1
0.324138529897447,0.61763728014484,0,1
0.457360181690998,0.622894439990324,0,0
0.444117107016614,0.585537998504451,0,1
0.828135360731512,0.818611722501608,0,1
0.426348154236231,0.518547508087748,0,0
0.345698821175502,0.56546328517089,0,0
0.674971604809105,0.763778997746261,0,1
0.221482055733529,0.478069124281863,0,0
0.467245823926554,0.627957517863207,0,1
0.314765687324016,0.591192640022536,0,0
0.626855602162835,0.787696073754827,0,1
0.877360474694813,0.887700288139269,0,1
0.447689000145629,0.588892244305501,0,0
0.784457418791923,0.863601820119566,0,1
0.45696570056155,0.62251633075692,0,1
0.656229331717131,0.789057486946618,0,0
0.131840975027502,0.341140427769201,0,0
0.432981506967648,0.524395526741564,0,0
0.909311988654937,0.924431479835503,0,1
0.605479001030935,0.797015777132924,0,1
0.766774587237102,0.79840741431259,0,1
0.504700608095894,0.577383126145403,0,1
0.498055624828007,0.638317193874322,0,1
0.84289984019285,0.822708729910889,0,1
0.0678069343409538,0.304391241894816,0,0
0.573272271549685,0.704474282784492,0,0
0.942762575432949,0.929043677036041,0,1
0.517860048172322,0.621195803439457,0,1
0.194465809527885,0.372001036734096,0,1
0.847939392443476,0.824022972417838,0,1
0.251639142355853,0.470696125617934,0,0
0.700726036482538,0.774085750526229,0,1
0.5402609403969,0.639898882519018,0,1
0.94883628828022,0.929657367478682,0,1
0.624336702402676,0.716209783065511,0,1
0.837977962047729,0.82138381785411,0,1
0.0079328761945231,0.151332714025533,0,0
0.989340056166638,0.931991424039614,0,1
0.0777145703323865,0.321389632696217,0,0
0.32212951361477,0.614544985521758,0,0
0.946152395456765,0.929394665985727,0,1
0.00893910237124507,0.170442003467136,0,0
0.822730005421936,0.83481458091952,0,1
0.861211638366794,0.883895406842635,0,0
0.439830814208573,0.640384816896473,0,0
0.255745193805931,0.449429661393295,0,0
0.802689519633299,0.828344495789952,0,0
0.477862004432221,0.668735005380893,0,1
0.134338608655696,0.348036285971474,0,0
0.927848992825011,0.927245059998972,0,1
0.895969967006648,0.891501969297908,0,1
0.491545150016935,0.632703993928583,0,1
0.856702496517792,0.82620623540407,0,1
0.418578025764099,0.563375840335406,0,0
0.683464900166301,0.76843242464053,0,1
0.397990639407922,0.656584565615277,0,1
0.50574201745081,0.578171558716365,0,0
0.189551702833927,0.359863472640643,0,0
0.964988924110914,0.930954800338997,0,1
0.294215688244255,0.479257344407513,0,0
0.103459556116401,0.277811654227488,0,0
0.144315400229048,0.380298398348797,0,0
0.014092294192443,0.181419465819479,0,0
0.715945699462395,0.781634206706183,0,0
0.564498320240874,0.697958281563577,0,1
0.794578351184752,0.867460508576516,0,1
0.507079923284136,0.579182028065525,0,1
0.791821039504154,0.866427649601112,0,1
0.695764214271839,0.773204375487425,0,1
0.777848476859175,0.860981968890013,0,1
0.406482868977086,0.53416153786027,0,0
0.647770633187481,0.707525773883787,0,1
0.179794297692974,0.425711785979692,0,0
0.321819963387904,0.614067707182605,0,0
0.172604620119792,0.423126497423811,0,0
0.408637225013262,0.614327787075965,0,0
0.241418747965599,0.456126222548614,0,1
0.406921994129358,0.534591237022732,0,1
0.975222342437312,0.931525097685668,0,1
0.320319325822031,0.599640847112517,0,1
0.982490944974895,0.931811592070919,0,1
0.636306125855984,0.794068473484184,0,1
0.375091018393911,0.602619970152561,0,0
0.857484499083597,0.826394769257364,0,1
0.619586739368574,0.713215000920491,0,1
0.252033080130839,0.443848829404422,0,0
0.792855677976888,0.866816828153805,0,1
0.432938508734163,0.524357838158671,0,1
0.357511167330441,0.552191377828536,0,0
0.330276936525081,0.549403772599432,0,1
0.697368875613139,0.774034136358422,0,1
0.268650123906227,0.504624324646442,0,0
0.80827801370538,0.830218356285549,0,0
0.295288794399848,0.48070276164927,0,0
0.544121383585357,0.618113278228636,0,1
0.487921491805202,0.689774261565795,0,0
0.85535641259537,0.825879290205805,0,1
0.888386434395386,0.890028109760441,0,1
0.184384442367767,0.431700829471192,0,0
0.585348458938251,0.681413734823947,0,0
0.898205046017137,0.891916578506416,0,0
0.44611721903443,0.587418901001012,0,0
0.921868305483815,0.926407296638558,0,1
0.278990890456971,0.47227376454495,0,0
0.608831174193796,0.799501887176143,0,0
0.682453709766815,0.767884860538233,0,1
0.228205733350484,0.415667553833627,0,1
0.0137675125577168,0.177267322174981,0,0
0.416723962370696,0.623301470068121,0,0
0.938481891856734,0.928569840823495,0,1
0.343028109830407,0.633096672067859,0,1
0.7797442954826,0.861741582952392,0,1
0.174736312827407,0.427852491296635,0,1
0.341952836302452,0.631521687948509,0,0
0.144597720838097,0.380984395477483,0,0
0.716770814146376,0.782032180559622,0,1
0.699307623696814,0.775030797961133,0,1
0.688497317948919,0.769391774518328,0,0
0.2533960344863,0.445901135580324,0,0
0.692360121623409,0.771429611305234,0,1
0.22729754091595,0.414225534264234,0,0
0.42464911593134,0.569352916604293,0,0
0.371922121667687,0.598694131760902,0,0
0.355307911620122,0.549524506380313,0,0
0.0576548072412564,0.305728944000303,0,0
0.63164662686594,0.790947045686089,0,1
0.707316602681699,0.777402809819371,0,1
0.613588694502836,0.709379562982403,0,1
0.648312756163125,0.707834014364538,0,1
0.169940714217258,0.417203441642071,0,0
0.149446798938862,0.404338881162215,0,0
0.514175043525883,0.618308951272875,0,0
0.875332726354539,0.88724833013985,0,1
0.183953441547222,0.4307939636364,0,1
0.46283911870826,0.623823468795952,0,0
0.428932334029903,0.520833829694669,0,0
0.497289185919516,0.637660142360249,0,1
0.161510770486012,0.368068495879063,0,0
0.342440641134811,0.632236508937029,0,0
0.26188040410352,0.476116295030068,0,1
0.844526943229479,0.823137738510833,0,0
0.800332245776402,0.827537941974647,0,1
0.426639158268144,0.518805486126644,0,1
0.607015460789039,0.798157912502807,0,0
0.14546561026622,0.383091820238873,0,0
0.509613294217559,0.581087883351661,0,0
0.296947085786905,0.482932067067798,0,1
0.859650953569201,0.883502778896349,0,1
0.67159838090639,0.761896643872447,0,1
0.633474012622421,0.792175958989143,0,1
0.124751300069179,0.256790990597658,0,0
0.470587879498886,0.631070083450153,0,0
0.986572779586881,0.931929294303177,0,1
0.948299174072665,0.929605869096206,0,1
0.645085640260444,0.705992140741539,0,0
0.151724871031974,0.371932319053539,0,0
0.639126848719905,0.795938784984821,0,1
0.565662112543928,0.698830203783427,0,0
0.468665837661252,0.629282416204169,0,1
0.42803746946827,0.52004327754822,0,0
0.59926975565803,0.71513198787021,0,0
0.849969888515965,0.824540387063343,0,1
0.751121040371937,0.797677577799531,0,1
0.579360540297233,0.677297874575782,0,1
0.924704181536028,0.926812853506301,0,1
0.0647399834415489,0.248529628269503,0,0
0.991346508731809,0.932027544201762,0,1
0.0529945426679895,0.228808772540543,0,0
0.199495546138561,0.380559512233587,0,0
0.422752661644561,0.567492567932262,0,1
0.107508876185168,0.330463267757246,0,1
0.623670410997702,0.715791965036878,0,1
0.0479925640488673,0.27244804694592,0,0
0.284623881006942,0.480232252831198,0,1
0.0610366811196711,0.323098633069924,0,0
0.703519331105081,0.775500645670096,0,1
0.668456167589482,0.760125716590044,0,0
0.378580593250602,0.576745739791903,0,0
0.188194260029821,0.357554257731553,0,1
0.747004829029945,0.795920910231829,0,0
0.340379290765467,0.629212227908184,0,0
0.795301167405643,0.867728989446191,0,1
0.48790093917962,0.689754581557979,0,1
0.525669444350979,0.627858010833975,0,0
0.0284908494915672,0.226132896835433,0,0
0.644232019879032,0.705502123968662,0,0
0.350656502432167,0.571853710593829,0,0
0.229205027292066,0.417252263964589,0,0
0.433883376211701,0.525185369761511,0,1
0.382467457270918,0.581270384596553,0,0
0.46978904008636,0.630327879569739,0,0
0.979483354179806,0.931704992061301,0,1
0.36437807036823,0.517209142459229,0,0
0.774410133336039,0.801365374747888,0,1
0.552767596549892,0.624206039786577,0,1
0.889131089107483,0.89017742313779,0,1
0.354952851149572,0.549093878821149,0,1
0.245518680186507,0.46085535870493,0,0
0.911019239656968,0.924717391085814,0,1
0.0435342637577654,0.221248349160063,0,0
0.950753428061002,0.929836796728996,0,0
0.556406915670925,0.699890429456462,0,1
0.376363216687087,0.574151804811953,0,1
0.995052322339111,0.932074525074052,0,1
0.0583626461476316,0.309369652618,0,0
0.516706359767612,0.620294361363741,0,0
0.0310970754555479,0.179853137973557,0,0
0.571175739186233,0.702929344689921,0,1
0.180468508995116,0.427149887567886,0,0
0.63095920033953,0.790483170706927,0,1
0.980923675750581,0.931758146411847,0,1
0.874902551212381,0.887151496919568,0,1
0.451836249420871,0.592759660383195,0,0
0.708460870051717,0.777971199121877,0,1
0.777468750003189,0.860829037859084,0,1
0.494843084182564,0.635556446748625,0,0
0.528533490177565,0.630052491529425,0,0
0.150784398372193,0.407662974752968,0,1
0.369399925611906,0.595555276552965,0,0
0.142221253072787,0.375202864747735,0,0
0.726893753344563,0.784633689945041,0,1
0.477012994402263,0.667919214985931,0,0
0.448878836706766,0.590004779156487,0,0
0.885997971165351,0.889542446063772,0,1
0.527618772311561,0.62935306364799,0,1
0.40909083191686,0.614834416112885,0,0
0.268892022212646,0.505008131285359,0,0
0.07201203516977,0.322564765885254,0,0
0.418136133725316,0.562938341759545,0,0
0.0257534824065834,0.204690126419278,0,0
0.291153940552428,0.439070596489197,0,0
0.503509509848396,0.576479332336593,0,0
0.965933065019722,0.931015591146001,0,1
0.109382914193585,0.335890783777739,0,0
0.673041054216622,0.76270407469891,0,0
0.4999323710992,0.639921854997631,0,0
0.777098229275783,0.860679562737887,0,1
0.143606997874209,0.378576089247667,0,0
0.0832026364358756,0.266810159733232,0,0
0.399218605352454,0.65810556544843,0,0
0.7969622519799,0.868342391772914,0,1
0.19167573890989,0.363469023880632,0,0
0.767777192147274,0.798801431880939,0,1
0.290297997061868,0.437999082391957,0,0
0.216891487611795,0.39981876528683,0,0
0.0167155890770064,0.107374503595716,0,0
0.398659059922379,0.65741287885578,0,1
0.381081491293452,0.579660257426328,0,0
0.659344936195365,0.790965566589627,0,1
0.0709184004703872,0.317846222230863,0,0
0.152603987042272,0.373909417705537,0,0
0.0165758829009341,0.106484585390736,0,0
0.113796356447407,0.313920386194198,0,0
0.65178927601009,0.70979941047353,0,1
0.402656852174919,0.530404190798272,0,0
0.321026314167316,0.600711386333906,0,1
0.557911994243772,0.701051956398688,0,1
0.99346046309985,0.932057480715361,0,1
0.83448651401803,0.820419182505731,0,1
0.699623182399584,0.775192412614544,0,0
0.918258589132058,0.925869386466167,0,1
0.0397287066830848,0.200576841938185,0,0
0.0703334416155252,0.315320105621658,0,0
0.474006289988055,0.665019496953849,0,0
0.349167412957077,0.569939388985486,0,1
0.937252062128449,0.928427392042715,0,1
0.489564961145169,0.691345396094356,0,1
0.539649110093351,0.639442116462572,0,0
0.895260365731221,0.891368454392224,0,0
0.446635045823691,0.587904759709152,0,0
0.877034389270352,0.887628108152489,0,1
0.253581749371628,0.446180491132242,0,0
0.273809704158109,0.536721113454655,0,1
0.32836139008759,0.624107219804143,0,1
0.547564270480953,0.620553369331151,0,1
0.220128674026981,0.475509417906692,0,0
0.671429171081273,0.761801708128724,0,1
0.142793282803,0.376595978883888,0,0
0.0941002744996394,0.29513172095971,0,0
0.870191746205378,0.886069259250596,0,1
0.236868703556999,0.474040438433614,0,0
0.386004011022596,0.58358254115118,0,1
0.571542092725332,0.703199857158334,0,1
0.52580196995147,0.62795984746989,0,0
0.0760238794421069,0.31467427768536,0,0
0.874125935598028,0.886975834640079,0,1
0.951135618418692,0.92987174763936,0,1
0.812507304174672,0.831600678449447,0,1
0.283801834946874,0.479074727059836,0,1
0.527846796117959,0.629527546127834,0,1
0.339416724017609,0.627796769626831,0,0
0.554667310787667,0.698542991245031,0,1
0.974403468913003,0.931486648586972,0,1
0.311702917718981,0.575677403675437,0,0
0.66879660592287,0.760318399589607,0,1
0.325967207308986,0.620444016238028,0,0
0.77447726601508,0.801390944900603,0,1
0.325809966613205,0.620202974993975,0,0
0.889827341447375,0.890316127011465,0,1
0.751707720919267,0.797925608130766,0,1
0.762632095445111,0.796761444760611,0,1
0.469479028559926,0.63003954559971,0,0
0.210764502468705,0.462942683311421,0,0
0.0414750795764989,0.211005083391137,0,0
0.321828799970244,0.61408133484054,0,1
0.0371126644939944,0.187619377275508,0,0
0.6938554113739,0.772211630392221,0,1
0.670350031936168,0.761195103010387,0,0
0.430471782744975,0.52219093183099,0,0
0.767788977658173,0.798806053420188,0,1
0.536008494739564,0.636711628782266,0,1
0.0398599266354526,0.201225856326941,0,0
0.134793117960679,0.349128726117222,0,0
0.193416399014918,0.366416740120199,0,0
0.33566380116465,0.556563230321983,0,1
0.0523129464374767,0.22594498844851,0,0
0.605116780500366,0.796745869429668,0,0
0.512061027523919,0.616642898149804,0,1
0.617461012017156,0.711862572931383,0,1
0.432355594764344,0.523846623516751,0,1
0.847700468237438,0.823961631946839,0,1
0.454059056059151,0.619721847636035,0,0
0.0154035197919209,0.0990117353379818,0,0
0.873068148447099,0.886734825514593,0,1
0.656201547744099,0.78904039314883,0,1
0.823003040648471,0.834897950178226,0,1
0.951775693033852,0.929929671901225,0,1
0.0509123835168872,0.288591190531818,0,0
0.235071864091015,0.470923899350411,0,0
0.0633434434563398,0.243343943340831,0,0
0.421657886032451,0.566415848111442,0,0
0.863829145501452,0.884544047432562,0,1
0.0816239827150681,0.261963382600187,0,0
0.473111952885878,0.664153775103792,0,0
0.125543109808724,0.258311753984526,0,0
0.772885602167118,0.800782647563664,0,0
0.841422156795843,0.822315247888486,0,1
0.0432909381861586,0.220039091096883,0,0
0.486440743170395,0.688354360645521,0,0
0.239411044137756,0.452849364033922,0,0
0.952473781693259,0.929991975483447,0,1
0.943892627783796,0.929163065240577,0,1
0.613934002384701,0.709601997125701,0,1
0.973487397325196,0.931442154270752,0,1
0.344861343716251,0.56437898229506,0,0
0.897850717667682,0.89185145087195,0,1
0.434594973408509,0.634885050469028,0,1
0.235814637147514,0.472213095255866,0,0
0.940827963201399,0.928833762033429,0,1
0.684218050983228,0.767104542976783,0,1
0.0649115853391293,0.249166293111713,0,0
0.870424856823066,0.886123753690798,0,1
0.701380294633346,0.77441834358349,0,1
0.604926872974282,0.796604261346792,0,0
0.732374899179331,0.787146642392419,0,1
0.253439042499781,0.445965835163779,0,0
0.600488955274544,0.793275658900313,0,1
0.814619181261655,0.832279392419923,0,0
0.0541136603239999,0.23350637099032,0,1
0.130510671339266,0.337938720444339,0,0
0.842445809956414,0.82258822140651,0,0
0.618345869327885,0.712426451512502,0,0
0.531287810481058,0.633139055027341,0,1
0.248290728997099,0.465322319652353,0,0
0.295078575249496,0.480419780793707,0,0
0.872686164919462,0.886647297677708,0,0
0.421665934849709,0.566423771626423,0,0
0.0644302555796068,0.247380202824648,0,0
0.896985069507582,0.891691387859811,0,1
0.203380832824051,0.487441695190933,0,0
0.826227535492391,0.835872805193674,0,1
0.881770623082807,0.888657662742512,0,1
0.486750744818338,0.688651962860241,0,0
0.598464693104636,0.714581741597763,0,0
0.527267456485417,0.629084073951065,0,1
0.624821294185499,0.716513195823087,0,1
0.855041721347351,0.825802415192962,0,0
0.282139448404861,0.47672985270765,0,0
0.883755508180601,0.889077110413392,0,1
0.567690330119149,0.700344183876338,0,0
0.115103040966903,0.317305057973568,0,0
0.227001165214658,0.413754584647831,0,0
0.595982385613014,0.712878175481438,0,1
0.23944623690468,0.452906878220837,0,0
0.131415660537461,0.340117335581541,0,0
0.161847714123835,0.368768762689983,0,1
0.844872518235739,0.823228279182012,0,1
0.602183653892711,0.794551133850112,0,1
0.963567087188342,0.930860116305434,0,1
0.345679213296025,0.565437914218596,0,1
0.59562509813495,0.71263211072282,0,1
0.59898528897342,0.714937685997811,0,0
0.615704287203949,0.710739223874204,0,1
0.0591772071857224,0.313555891820996,0,1
0.750317184574686,0.79733678199939,0,1
0.948209498187625,0.92959721860239,0,1
0.534679057179589,0.635709179863832,0,1
0.192556020955068,0.364960529385584,0,1
0.752925914979942,0.798438753128822,0,1
0.0073189693278638,0.139664454661808,0,0
0.328256103650781,0.623946400994095,0,1
0.917606347644393,0.925769600134749,0,1
0.588367332893877,0.70758658479696,0,1
0.855190283904135,0.825838727928029,0,1
0.604672052349188,0.796414142630509,0,1
0.822578152523871,0.834768158165787,0,1
0.879483523429317,0.888165545148012,0,1
0.320986374524453,0.600650938432062,0,1
0.122954771552178,0.25333544282982,0,1
0.721303344186571,0.782018164550191,0,0
0.440347086831238,0.640924342187035,0,1
0.126735709142009,0.260599682974213,0,0
0.589823648109889,0.708606198418596,0,1
0.0360683145698599,0.182436783774749,0,0
0.200182116410987,0.480629545811973,0,0
0.788301189667969,0.86508914146257,0,1
0.0120967600153579,0.155886113069925,0,0
0.303345671708569,0.542309334484491,0,1
0.0213759610880707,0.175634062711283,0,0
0.997484992728329,0.932091446604708,0,1
0.582029976343462,0.679140029777151,0,1
0.293376278486057,0.478125170798716,0,0
0.928949461893116,0.927391948166899,0,1
0.507119423548204,0.579211819485472,0,0
0.454692227552407,0.620331857229544,0,0
0.587871506296186,0.707238615864949,0,0
0.26413764421057,0.479596463845792,0,0
0.305288299347433,0.545157379614382,0,0
0.371654576724182,0.598361770387466,0,1
0.244447999371611,0.461053999293454,0,0
0.58454726611663,0.680866445940589,0,1
0.695846133932326,0.773246841947968,0,1
0.0719472201640011,0.322285273105202,0,1
0.971083319625464,0.931317946424601,0,1
0.753070655869455,0.798499555190956,0,1
0.806163162953408,0.829515564002093,0,0
0.751640404081291,0.797897178390281,0,0
0.0800609772712173,0.257156433732253,0,0
0.481696283021177,0.683777248764338,0,0
0.445672956401656,0.587001702770328,0,0
0.67247265052493,0.762386376706297,0,1
0.448737258824322,0.589872525115098,0,1
0.70431339838391,0.775900444743382,0,1
0.681645337602623,0.767445867280871,0,1
0.697148528752756,0.77392045620946,0,0
0.618600742561536,0.712588628185306,0,1
0.150980733279646,0.408150450022998,0,0
0.760802456305756,0.79602523363015,0,1
0.781045822193957,0.862259308011339,0,1
0.904102985913805,0.923525554007208,0,1
0.233768692604106,0.46865902016818,0,0
0.176678893072341,0.419051229089879,0,0
0.391099123106762,0.589419029143065,0,1
0.32056465399516,0.600012455320762,0,0
0.815476929005626,0.83255285952724,0,1
0.613525899668432,0.70933909157956,0,0
0.760001752349749,0.795701267689444,0,1
0.427665099696964,0.519713949401753,0,1
0.0994405629155892,0.329231418432067,0,1
0.115035012050246,0.317128967634237,0,0
0.373407131737195,0.600536332643911,0,1
0.193847767509507,0.370945693507589,0,0
0.820746498622938,0.834205074247474,0,1
0.599636008423717,0.715381949793878,0,0
0.688845259018665,0.769576374208353,0,1
0.491109961304296,0.632326203739885,0,0
0.0881736812421811,0.221696200729539,0,0
0.23507763668617,0.470933923398623,0,0
0.461602080891622,0.622656848676347,0,1
0.198591503053926,0.379025166540965,0,0
0.0254762357788203,0.202514990144776,0,0
0.729397698256153,0.785787999516673,0,1
0.724916747219119,0.783714786048591,0,1
0.330391746361703,0.549556964592483,0,0
0.843494126063655,0.822865939486568,0,0
0.428442475951073,0.52040122664369,0,1
0.864686144763534,0.884753735534994,0,1
0.65706542462289,0.789571238031162,0,0
0.58103565741809,0.678455229332479,0,1
0.200727488035091,0.481792927377788,0,0
0.529546610478395,0.630825579347177,0,0
0.894432418427572,0.891211524803352,0,1
0.304993975835216,0.544726389348172,0,0
0.870945609161053,0.886245136535867,0,1
0.908745272858388,0.924335371442611,0,1
0.329844562681882,0.54882661585459,0,0
0.683074366336564,0.768221155831822,0,1
0.899220949565969,0.892102052984408,0,1
0.0756968817583034,0.313374036852207,0,0
0.87858786320477,0.88797025582895,0,1
0.190839363268481,0.362050405574043,0,0
0.849768910017931,0.824489483522248,0,1
0.667118788699204,0.795650734247963,0,1
0.344339195450054,0.563702242012328,0,0
0.151375569992799,0.409130439440773,0,0
0.635370961488453,0.793445188185619,0,0
0.847788043714742,0.823984126914604,0,1
0.821849374764011,0.834544811302874,0,1
0.628239597130658,0.788639504975457,0,0
0.956301509755232,0.930317448381024,0,1
0.58992312707577,0.708675715022439,0,0
0.197832784647919,0.377736129885608,0,1
0.429330722616492,0.521185380786113,0,1
0.336745998701167,0.623858649054048,0,0
0.991945011907281,0.932036865247847,0,1
0.380236496117265,0.578676824506873,0,0
0.992700873664818,0.932047682785501,0,1
0.518804250733414,0.621931959210846,0,0
0.172279701477125,0.422405077276138,0,0
0.0745740712514799,0.308905903529386,0,0
0.370305693773888,0.596683946252927,0,0
0.12341885981473,0.25422877604356,0,0
0.634518716291842,0.792875774356439,0,1
0.413919845729409,0.620203794482915,0,0
0.99091563252545,0.932020420348355,0,1
0.929955623653318,0.927524272720614,0,1
0.14923603230975,0.403814623909585,0,0
0.3948822625368,0.652720545038612,0,1
0.461579710962386,0.622635727440387,0,1
0.560948755121945,0.703383523324571,0,1
0.780363523289269,0.8619882838277,0,1
0.487193909073424,0.689077089389619,0,0
0.419993552010241,0.564775055168768,0,0
0.261999704719336,0.476300497184359,0,1
0.910806139086758,0.924682000176134,0,1
0.0222715115328042,0.182909464552846,0,0
0.821121898218965,0.834320950131892,0,1
0.188468399666418,0.358020922012537,0,1
0.685756899172547,0.767930637415278,0,1
0.355209389339644,0.549405039490098,0,0
0.974212627895091,0.931477508294663,0,1
0.12277212944942,0.252983741563833,0,0
0.18756989261724,0.438388457700453,0,0
0.889442475464479,0.890239563962988,0,1
0.583406314608228,0.680085246956941,0,1
0.30924638465878,0.571971515664782,0,1
0.000764385478188023,0.0256540663641906,0,0
0.227597738322253,0.414702372571352,0,1
0.145403634171236,0.382941399695726,0,0
0.203433824370091,0.487554318820151,0,0
0.896322556804005,0.891567973234264,0,1
0.873094378269641,0.886740826175079,0,1
0.70028943763345,0.773863399943334,0,1
0.470497676152209,0.630986331322098,0,0
0.827136002332288,0.818321121029689,0,1
0.495826397085212,0.636403342565558,0,1
0.363488683284905,0.516227271404497,0,0
0.275603102760859,0.539675258663566,0,0
0.924740813538372,0.926817994145523,0,1
0.386989234256292,0.584714914450969,0,0
0.49288087343132,0.63386152577321,0,0
0.254438102314422,0.447467733013904,0,0
0.884966518838063,0.889329534157593,0,1
0.383263456805287,0.582193494364021,0,0
0.297574715313875,0.483774443707723,0,0
0.717594962194754,0.780253925588737,0,1
0.190869943172307,0.362102299508787,0,0
0.118192629347038,0.353912882952769,0,0
0.836997782213512,0.821115085029834,0,1
0.744135921369535,0.794679511346058,0,0
0.590520547647117,0.709092842037696,0,0
0.242891574964871,0.458524578492423,0,0
0.623247145187584,0.715526158936124,0,0
0.638355320741173,0.795428661627767,0,0
0.327569444112325,0.622896950825504,0,0
0.0674893430675423,0.303015344899816,0,0
0.880538597564327,0.88839373806183,0,1
0.459956731074258,0.625376369855326,0,1
0.76387271806643,0.797257431024444,0,0
0.25388862094274,0.446641940378267,0,1
0.591387182267517,0.709696856951487,0,1
0.428795160348798,0.520712726381261,0,1
0.38210064254914,0.580844593820084,0,1
0.126713383846923,0.260556881937757,0,0
0.244266663208976,0.460759568995692,0,1
0.0793415829583189,0.254941223823647,0,0
0.302858304717579,0.541593568195219,0,0
0.741704800231555,0.793616589373598,0,1
0.615015724971049,0.710297514246665,0,1
0.672411098933926,0.762351940549273,0,1
0.00838307952503159,0.159884944178488,0,0
0.67837697225132,0.7656595752687,0,1
0.503180690542887,0.576229445067582,0,0
0.230908450484179,0.419948870334859,0,1
0.174896508981922,0.42820715598336,0,0
0.18498296555083,0.432959383339534,0,0
0.844260005075098,0.823067662779925,0,1
0.982589789305085,0.931814809271477,0,1
0.913739624841632,0.925161743689521,0,1
0.347369420372813,0.56762210855677,0,0
0.780224579691364,0.861932989020366,0,1
0.546454590701431,0.619768921726851,0,1
0.816442397555938,0.832859153013033,0,1
0.483726951188906,0.685741442755064,0,0
0.589951298299404,0.708695398208818,0,1
0.787263447524261,0.864690231380767,0,1
0.100234643103132,0.269609724985565,0,0
0.537007116840541,0.637462743282483,0,0
0.365983346669654,0.51897787001817,0,0
0.604306843668872,0.796141450920014,0,1
0.958802515637,0.930515356258541,0,1
0.392822944996962,0.650149650151527,0,0
0.392972997941616,0.650337274399512,0,0
0.790636993589599,0.865979892302545,0,1
0.645078399085426,0.705987988929462,0,1
0.393884007855376,0.651475393888047,0,0
0.688955048230251,0.769634579914417,0,0
0.404001609054379,0.531727563471624,0,1
0.136113154248122,0.352298258992283,0,0
0.450643268672134,0.591650161817228,0,0
0.334419392697273,0.554914474373753,0,1
0.217968930061168,0.401562137219213,0,0
0.92577480163644,0.926962063840925,0,0
0.689639399079558,0.769996931397638,0,1
0.598820890623422,0.714825332627405,0,0
0.746657472123005,0.795771350970874,0,0
0.541971061771441,0.616579887474882,0,1
0.700533072619503,0.773987518073738,0,1
0.930559819249845,0.927602826114463,0,1
0.862616694505222,0.884245127080482,0,1
0.167441857506521,0.469669086526222,0,0
0.263139023923874,0.478058125241429,0,0
0.0716102794418045,0.320832015754121,0,0
0.978672805158347,0.931673378596606,0,1
0.236384098660376,0.473200634347715,0,0
0.660598355928599,0.791728294266916,0,0
0.089630698927462,0.281772798960105,0,0
0.210770942087019,0.46295516166284,0,0
0.502824383518405,0.575958481654072,0,1
0.104953668329928,0.281601650694762,0,0
0.388873402694724,0.586875432508553,0,0
0.537987720139681,0.638198730140296,0,1
0.3392041848851,0.627483951786333,0,0
0.555900211126576,0.699498497861235,0,0
0.536768321942464,0.637283280709704,0,1
0.390610498736906,0.5888614147698,0,0
0.696270083101103,0.77346643088111,0,1
0.678482453997924,0.765717510166466,0,1
0.68730314937439,0.768756640783759,0,1
0.561491258799374,0.703798355316378,0,1
0.358079914012936,0.552878319357665,0,1
0.613112335367012,0.709072384236707,0,1
0.9357362666082,0.928247941192798,0,1
0.596888524945973,0.713501260516438,0,1
0.979590174359425,0.931709066979326,0,1
0.441006620408871,0.641612857140047,0,1
0.739611962507547,0.792693518865213,0,1
0.0376038786496001,0.190055088146385,0,0
0.764726639000486,0.797597308368571,0,1
0.518281580326812,0.621524632978488,0,1
0.00531653296110324,0.101554851401253,0,0
0.277200104782598,0.542299744481266,0,0
0.534832232519811,0.635824826369372,0,1
0.767962878281312,0.798874219088869,0,1
0.0530925954525251,0.229220580065959,0,0
0.54905344385052,0.621603066301417,0,0
0.800994555798356,0.827765522440073,0,1
0.649583054878479,0.708554421605568,0,1
0.931447014992911,0.927716939948476,0,1
0.0747314450147611,0.309532486517719,0,0
0.276806462600587,0.541653377558055,0,1
0.919237504256172,0.92601766221089,0,1
0.765005148298143,0.797707894255903,0,1
0.599740344472099,0.715453115725005,0,1
0.83296814383707,0.819993262817438,0,1
0.896043491575002,0.891515751407009,0,1
0.972720352852825,0.931403694957677,0,1
0.998520507089806,0.93209530209702,0,1
0.139649333684103,0.360765116264321,0,0
0.0705420447436992,0.316221130573117,0,0
0.0734666543601233,0.304493714458841,0,0
0.0147437908999469,0.189744347836793,0,0
0.971820072977926,0.93135715614038,0,1
0.0947669164572291,0.314529298892502,0,0
0.84173682618585,0.822399347710667,0,1
0.6851729969077,0.767617658335647,0,1
0.487557167482918,0.689425288530413,0,1
0.346694881358578,0.566751103249244,0,0
0.353647787067005,0.547509022164426,0,0
0.253838882347187,0.446567160289676,0,0
0.911017973698626,0.924717181090365,0,0
0.725642545494869,0.78405290392328,0,0
0.0259257927842699,0.206041674297964,0,0
0.461521253247115,0.622580528701791,0,1
0.281301272536811,0.4755455047021,0,0
0.0289661861778985,0.229850230271322,0,0
0.884681894309294,0.889270444496403,0,1
0.771005357954682,0.800058549601396,0,0
0.329735079244261,0.548680412147702,0,0
0.796558587536711,0.868193786993113,0,1
0.324638322202997,0.618405138951976,0,0
0.307882443817647,0.56990819512042,0,1
0.928109078500726,0.927279979387603,0,1
0.97691616194585,0.931600661638096,0,1
0.523555304716893,0.626229594776164,0,0
0.951935167567925,0.92994398487636,0,1
0.887996493926465,0.889949522665945,0,1
0.518032561594409,0.621330412779118,0,1
0.372748802097486,0.599720192476167,0,1
0.710354578319609,0.778906965032192,0,1
0.455643424642054,0.621246928288279,0,0
0.605212895123213,0.79681751313816,0,1
0.990406196889947,0.932011551138556,0,1
0.773916249956468,0.801177025660884,0,1
0.334276404993826,0.554724827827742,0,0
0.088998220822378,0.279877102125657,0,0
0.184905590278408,0.432796733289612,0,0
0.526851875891834,0.628765620875063,0,1
0.417102418106858,0.561913605531614,0,1
0.80065965812924,0.827650540676284,0,1
0.933202338186682,0.927938391484316,0,1
0.177864747951349,0.421589495501229,0,0
0.860066770876216,0.883607816828432,0,1
0.957394926326669,0.930405406442977,0,1
0.959470606849782,0.930566249713655,0,1
0.0378625877204305,0.191337410817703,0,0
0.0575835056081737,0.305362058508156,0,1
0.00579739291768899,0.110713400880689,0,0
0.312681156155476,0.577149483510443,0,1
0.0556984127121046,0.24014901156095,0,0
0.293862485470544,0.478781117870838,0,0
0.356016486031187,0.550383177100978,0,0
0.953677018473922,0.930097230533678,0,1
0.476950922486778,0.667859519795329,0,1
0.27823844242133,0.544003023480952,0,0
0.503005195050955,0.57609600900196,0,0
0.643357924649136,0.704999133868542,0,1
0.111245672567435,0.307299024759864,0,0
0.758061658133109,0.794911813187032,0,1
0.851945771287296,0.825037207573133,0,1
0.844249859569428,0.823064997043686,0,1
0.890506832412089,0.890450649270301,0,1
0.381842396755761,0.580544675895893,0,0
0.443805198366519,0.585244068971121,0,0
0.101581475946166,0.273038709626108,0,0
0.225806922431235,0.411855068042018,0,0
0.971320469273211,0.931330677868727,0,1
0.284623968968735,0.480232376619359,0,1
0.907396142240997,0.92410416539949,0,1
0.890552286378311,0.890459618323778,0,1
0.922504497260393,0.926499582424878,0,1
0.156149564440795,0.381862480094988,0,0
0.879722143501381,0.888217329816608,0,0
0.631994950463137,0.791181764074914,0,1
0.210628178418802,0.462678497893282,0,0
0.345115914780081,0.564708728500429,0,1
0.159918788589283,0.364756088347694,0,0
0.444348157446127,0.585755624361851,0,0
0.0837749538454605,0.211121056862786,0,0
0.16531849048024,0.464250409331148,0,1
0.197196346466669,0.376653902404959,0,0
0.691027341556704,0.770729371261933,0,0
0.573802869165353,0.704864080394808,0,1
0.873323134036732,0.886793106620209,0,1
0.244634065719208,0.46135603641124,0,0
0.629607956718913,0.789568831478535,0,1
0.0344312653070956,0.198799545078649,0,0
0.516198461077069,0.619896828348101,0,1
0.86322648171385,0.884395796576938,0,1
0.984126543884917,0.931862484957565,0,1
0.00987297535891851,0.188159879618408,0,0
0.252841482076815,0.445066554631531,0,0
0.223849670327525,0.482536398821368,0,0
0.0475375942277605,0.269928137305401,0,0
0.0101724562617757,0.131215273887176,0,0
0.490195312244232,0.631531137349184,0,0
0.0454821456702941,0.230917674454781,0,0
0.278328130846902,0.544150032619164,0,1
0.639974569108912,0.703040577847147,0,1
0.294692041560904,0.479899238591635,0,0
0.269654701159051,0.506217400478303,0,0
0.590546522243567,0.709110964052562,0,0
0.38053407720964,0.579023312135163,0,0
0.702523033961401,0.774997510777045,0,1
0.496123951249861,0.63665929119122,0,0
0.633209265806478,0.791998295865438,0,1
0.353394347001629,0.547200875672387,0,0
0.287043946155509,0.433913691547831,0,0
0.133207113751102,0.3444232788668,0,0
0.937080384798964,0.928407282723064,0,1
0.804835846015795,0.829070541513233,0,1
0.938028543156352,0.928517658440797,0,1
0.185380524647802,0.43379484621189,0,0
0.933155762823226,0.927932589718959,0,1
0.935753207692133,0.928249970469008,0,1
0.283544513603655,0.47871211883625,0,0
0.274634248423863,0.538080237068889,0,1
0.551431573673372,0.623272199798163,0,0
0.185289239368552,0.433603047989037,0,0
0.442101110626766,0.642753650138827,0,1
0.185317645937684,0.433662734937275,0,0
0.947375917953959,0.929516090776159,0,1
0.493824657491086,0.63467756898215,0,0
0.963917767423998,0.930883819194364,0,1
0.644941672512212,0.705909579255749,0,0
0.484315773032386,0.686309547381609,0,0
0.967695245961197,0.931124608249572,0,1
0.143189781708763,0.37756106208586,0,0
0.632329874666497,0.791407243850586,0,1
0.661888367836798,0.792510353015644,0,0
0.433839827152726,0.525147259064516,0,0
0.0593572253389575,0.31448056272778,0,0
0.492722601166033,0.633724526767214,0,1
0.465133943518077,0.625980555304086,0,0
0.806746810774864,0.829710287994114,0,1
0.256660989952976,0.450802209258986,0,0
0.391430362984269,0.589796783158341,0,0
0.240172207221377,0.454092709944163,0,0
0.686443415172364,0.768297875623964,0,1
0.989883453337115,0.932001947312488,0,1
0.177429536868262,0.420658371679246,0,0
0.821446740226297,0.834421024177072,0,1
0.230988559281633,0.420075539792574,0,0
0.057975813372767,0.30738035047506,0,0
0.138816518045674,0.358774189115753,0,0
0.935153115542389,0.928177762657008,0,1
0.888542103356228,0.890059406133303,0,1
0.28926049548291,0.436698550933769,0,0
0.947764066101607,0.929554028276039,0,1
0.849930535231419,0.824530425086024,0,1
0.434654794071674,0.634948175497497,0,1
0.468049554866473,0.62870784759143,0,0
0.629853021583423,0.789734906362564,0,1
0.158031834963813,0.360821801375556,0,1
0.0147820867420929,0.190233524220326,0,0
0.265512017472386,0.499633757546439,0,0
0.0154436319427609,0.0992675643904402,0,0
0.674498844162257,0.763516355023701,0,0
0.551468835812777,0.623298282678978,0,0
0.321648145602778,0.601652057942129,0,1
0.780202337119759,0.861924133989371,0,1
0.145785431214777,0.395213187463421,0,1
0.244880638761884,0.461756178011235,0,0
0.292313762039284,0.44052045750315,0,0
0.195931946498992,0.374501314689044,0,0
0.0879386837706033,0.221132521398647,0,0
0.869976180271608,0.886018779075151,0,1
0.0881886455715101,0.221732090167276,0,0
0.683710335821638,0.768565065749487,0,1
0.120400876857723,0.360102134802262,0,0
0.0106990031441742,0.137970722104381,0,0
0.557268230074914,0.700555622012858,0,1
0.907109055220371,0.924054528279714,0,1
0.860456667336885,0.883706023875227,0,1
0.33845138411825,0.626375160452561,0,1
0.0271588293258622,0.215706245129382,0,0
0.800859355130033,0.827719126721372,0,1
0.805984932289666,0.829455983389089,0,1
0.868488116302772,0.885668026754856,0,1
0.669646599875533,0.760798619313512,0,1
0.807778862315076,0.830053176920068,0,1
0.89749828230282,0.89178644668676,0,1
0.453829950490012,0.619500948513588,0,0
0.55782530371491,0.700985161129854,0,0
0.506131128828235,0.57846572218268,0,0
0.691983904524219,0.771232254215875,0,1
0.682906867629875,0.768130463494553,0,1
0.520313635863316,0.623105767218627,0,1
0.828468148085471,0.818708119130967,0,1
0.505779386789866,0.578199819538334,0,1
0.824858562385232,0.835461115680345,0,1
0.281845088143243,0.476314077178221,0,1
0.178494832977488,0.422936674366848,0,0
0.969870570344714,0.931251200679295,0,1
0.741939525456077,0.793719653096235,0,1
0.259791693304415,0.472886466449398,0,0
0.581235342291172,0.678592885490229,0,1
0.955262253538187,0.93023178126348,0,1
0.0807539078120788,0.25928851727622,0,0
0.0835342070617411,0.210540799654097,0,0
0.619134831419907,0.71292811929253,0,0
0.224493478835958,0.483748799844007,0,0
0.765183956733508,0.797778823522904,0,1
0.568152542949105,0.700688215066676,0,0
0.666188090223495,0.795095517157018,0,0
0.107813900794592,0.331347445504222,0,0
0.0842830514365568,0.212345192935791,0,0
0.62512106830549,0.716700694413273,0,0
0.40973126113402,0.615549043227545,0,1
0.0872525238719818,0.21948582498593,0,0
0.371063945016189,0.597627548898061,0,0
0.672144409656849,0.76220266162536,0,1
0.189587400191586,0.359924147079038,0,0
0.895729108528704,0.891456752364865,0,1
0.949846388880087,0.92975275896252,0,1
0.961572542434534,0.930720942652424,0,1
0.73008255774026,0.786101865610555,0,1
0.406288427688315,0.533971168737558,0,1
0.74374919635122,0.794511101773542,0,1
0.287986879274752,0.435099446918642,0,1
0.314417222390746,0.57975680842161,0,0
0.605896361217858,0.797326464885492,0,0
0.594847133407918,0.712095572093371,0,1
0.878660976315811,0.887986251576656,0,1
0.254600755660577,0.447712061244235,0,0
0.766188365202822,0.798176246238242,0,0
0.941013266818901,0.92885417053545,0,1
0.00103293265773463,0.0346623061811162,0,0
0.476089118002105,0.667029981667456,0,1
0.657040329024729,0.789555835838165,0,1
0.843323213919522,0.822820788233084,0,1
0.183739411876002,0.430343447262576,0,0
0.856159237987372,0.826074653305749,0,1
0.364365479857028,0.517195252288947,0,1
0.892273929276172,0.890796593913006,0,1
0.027711740122365,0.220035998170112,0,0
0.0853901391231706,0.215010096533537,0,0
0.981410465754113,0.931775236755334,0,1
0.609501925773497,0.799996797143573,0,1
0.417632346814183,0.562439158218777,0,0
0.169214184693691,0.474181367602921,0,1
0.64990115308969,0.708734412196772,0,0
0.0369750683593578,0.186936876868153,0,0
0.311613913460705,0.575543363732693,0,0
0.323479196989075,0.616623441247221,0,0
0.607441893514554,0.79847411337797,0,1
0.650831256675697,0.709259758118404,0,0
0.846054599236469,0.823536461218219,0,1
0.927580942597543,0.927208939326693,0,1
0.6604577276111,0.791642859521103,0,1
0.578173918408538,0.676475231534705,0,1
0.398715543629008,0.657482831852167,0,0
0.966612492642142,0.931058309550647,0,1
0.154079171832357,0.377222446230442,0,0
0.895086808648648,0.891335660646262,0,1
0.311013067884842,0.574638040043313,0,0
0.548489089666104,0.621205668368229,0,1
0.682066258432815,0.767674591129777,0,0
0.236469651326155,0.473348933008861,0,0
0.167736685050272,0.470420373569837,0,0
0.508482013429616,0.580238034190453,0,0
0.791863875584672,0.866443800841131,0,1
0.692414462167076,0.771458097494209,0,1
0.118973337173015,0.356102815669129,0,0
0.900742215071733,0.922914218802958,0,1
0.479737567049155,0.670532483775858,0,1
0.946676679239648,0.929447038650817,0,1
0.553433706248266,0.697584287618396,0,1
0.0848018216603529,0.213594341505784,0,0
0.202463035674536,0.485489900268327,0,1
0.854237972916383,0.825605311534444,0,1
0.705927366764719,0.776709745329769,0,1
0.894939520152924,0.891307787779738,0,0
0.3291460017943,0.6253048739284,0,0
0.528001396637626,0.629645797616853,0,0
0.65039813248412,0.709015292539407,0,1
0.594290853586664,0.711711290484616,0,1
0.231462935534248,0.420825361566763,0,0
0.426821349448236,0.518966933831815,0,0
0.248111464060175,0.465033944133749,0,0
0.845614962231145,0.82342211815513,0,1
0.986677444968083,0.931931903966428,0,1
0.0665708031323793,0.25531617612268,0,0
0.713928032266961,0.78065615758515,0,1
0.330115552199074,0.549188391360696,0,1
0.625435378311433,0.716897123757714,0,0
0.258129649281871,0.452999831635233,0,0
0.651007609308495,0.709359208914145,0,0
0.37114718446273,0.597731066629705,0,1
0.294820879536964,0.480072775493747,0,1
0.911763173697799,0.924840277117312,0,1
0.942498874226207,0.929015474851803,0,1
0.613550026560135,0.709354642189975,0,1
0.214467780830693,0.395888277432747,0,0
0.939418870906159,0.928676476886082,0,1
0.750453546723324,0.79739467032431,0,1
0.751089807322806,0.797664357024333,0,1
0.211721334848486,0.464795666084693,0,0
0.830156526162299,0.819194303522931,0,1
0.24009515416121,0.453966901819003,0,0
0.63162074525016,0.790929596456797,0,1
0.710739569899586,0.779096460686008,0,1
0.742383429707102,0.793914307490124,0,1
0.390264704599581,0.588466526882206,0,1
0.759825396716097,0.795629768466169,0,1
0.90293590212171,0.923315644020722,0,1
0.587420019237577,0.682823905180559,0,0
0.0904097156947986,0.284105899756258,0,0
0.128975984142276,0.334239023348654,0,0
0.105262526662787,0.282384318803631,0,0
0.17272746332288,0.423399173642115,0,0
0.126430890289685,0.260015203666791,0,0
0.778300890067628,0.861163832629539,0,1
0.0394115121844443,0.199007630404724,0,0
0.241558417340864,0.456353860630109,0,0
0.879066401358465,0.888074775953442,0,1
0.973518860836294,0.931443708421137,0,1
0.605422007727048,0.796973325138724,0,1
0.976238264560388,0.931571061496493,0,1
0.0434515417149768,0.220837278924967,0,0
0.948572768376008,0.92963216845487,0,1
0.311296082456167,0.575064570468566,0,0
0.798972840361593,0.869078172317905,0,1
0.810629103446902,0.830990604048318,0,1
0.859998591580345,0.883590615692912,0,1
0.458550810902501,0.62403398908331,0,1
0.930644392165448,0.927613767412831,0,1
0.25789298442704,0.452645992904338,0,0
0.934445492529585,0.928091753350665,0,1
0.619119633251661,0.712918465223551,0,1
0.985444914944831,0.931899877075287,0,1
0.0326438659625924,0.188650837571138,0,0
0.725166658832708,0.78383130984595,0,1
0.565554235380381,0.69874947948769,0,1
0.49242404739832,0.633465985012847,0,0
0.259218125650737,0.471997946429653,0,1
0.326830684866375,0.621766677199711,0,0
0.249462206701388,0.467205130725258,0,0
0.219267910325061,0.473879107140175,0,0
0.799660837524839,0.869328265339544,0,1
0.502395005898258,0.575631691608252,0,1
0.0831898886969977,0.266771055065405,0,0
0.77698419202738,0.860633507893393,0,1
0.533649076083731,0.634930561239267,0,0
0.739387787346382,0.792594202108126,0,1
0.515393693143121,0.619266080388117,0,1
0.399945923985132,0.659004982224374,0,0
0.986246782436295,0.931921035226002,0,1
0.0282426201629127,0.224190915667776,0,0
0.932763907964858,0.927883617298108,0,1
0.930854967759968,0.927640951896317,0,0
0.390918711501458,0.589213196892745,0,0
0.21446487113332,0.395883551521978,0,0
0.619213297933239,0.712977956086987,0,1
0.177972335470169,0.421819600487798,0,0
0.803208194328008,0.828520677421781,0,0
0.253933855877735,0.446709945055993,0,0
0.290806155032678,0.438635376645105,0,0
0.915915790009957,0.925507270266158,0,1
0.902916833474409,0.923312193279187,0,1
0.535380891730522,0.636238748492129,0,1
0.862838980578616,0.884300128347232,0,1
0.352532568805062,0.546152174170894,0,1
0.997884278224902,0.932093170036799,0,1
0.433689739404977,0.525015891659308,0,1
0.294812011798495,0.480060832206381,0,0
0.0415742339491673,0.211498824627549,0,0
0.989706953786742,0.931998589633177,0,1
0.464887630911822,0.625749469116331,0,0
0.734585014050371,0.788145505754203,0,1
0.640807624045875,0.703524532556395,0,0
0.72309339966601,0.782861426762419,0,1
0.0511109038261163,0.289686972376601,0,0
0.920045405409714,0.926138689013298,0,1
0.926841217902241,0.92710856407273,0,1
0.551995027154197,0.623666376569374,0,0
0.963915888684551,0.930883692818969,0,1
0.280955536990367,0.475056575495294,0,0
0.602146627136545,0.7945233244724,0,1
0.396462690052624,0.654687659878648,0,0
0.628023231755228,0.788492245852345,0,1
0.300632288523748,0.538317989085777,0,1
0.81935838465602,0.833774490441625,0,1
0.0697859785042085,0.312954472214252,0,0
0.0418775702999963,0.213008977076023,0,0
0.0493963846333143,0.280215701431217,0,0
0.150455028367663,0.406844936652723,0,0
0.39535047379469,0.653303851037138,0,1
0.955389989257175,0.930242419197245,0,1
0.110795439695956,0.339974145012714,0,0
0.647552985816427,0.707401890292329,0,0
0.527621508456349,0.62935515782932,0,0
0.353242405983059,0.547016079431495,0,1
0.198199229320192,0.378358859164227,0,0
0.220594081847336,0.476390164387008,0,0
0.0438215097271469,0.222675483070189,0,0
0.713163973159815,0.780283978536019,0,1
0.653840199196255,0.787582550136653,0,1
0.443769792724722,0.58521069377003,0,0
0.718939488089844,0.780896269933939,0,0
0.10997597244532,0.337605999580466,0,0
0.938719173368931,0.928597000198436,0,1
0.847626709239388,0.823942675894237,0,1
0.659035659665883,0.79077693398644,0,0
0.378831168661732,0.577038287278341,0,0
0.416566729014747,0.623128169340842,0,1
0.482153922157467,0.684220580068798,0,1
0.935283770006801,0.928193541200191,0,0
0.863592954918103,0.884486024298072,0,1
0.477923849216559,0.668794378543333,0,1
0.554518498278167,0.698427481317853,0,0
0.875403862279322,0.887264310828234,0,1
0.94926443377229,0.929698032757283,0,1
0.639184755868246,0.79597702841691,0,0
0.748520320089754,0.796571024963502,0,1
0.351624906360443,0.573096303880767,0,0
0.91802831908618,0.925834248054416,0,1
0.836752049853831,0.821047459251662,0,1
0.552055881224763,0.623708918782543,0,0
0.867627209615174,0.885463279439374,0,1
0.849871881440332,0.82451557248687,0,1
0.808411356606142,0.830262409476917,0,1
0.130692824397388,0.338377406840038,0,0
0.536002574821812,0.63670717128566,0,0
0.900783114706916,0.922921785141914,0,1
0.77083183055383,0.799991421821842,0,1
0.420713199025192,0.565485101780831,0,0
0.977880393359966,0.931641288574782,0,1
0.250773156673002,0.469308621345709,0,0
0.333610228847898,0.553840732272438,0,0
0.954200507429589,0.930142181019134,0,1
0.80871534818529,0.83036272617839,0,1
0.900340004510662,0.922839644647415,0,0
0.0115895894098952,0.149388511649923,0,0
0.379764433033995,0.578126837943579,0,1
0.235521956609869,0.471705253078437,0,1
0.295935051887411,0.481572175218676,0,0
0.737995496403841,0.791975458959999,0,1
0.724084844864074,0.78332614017273,0,1
0.461799410199061,0.622843125015059,0,0
0.365274461207094,0.518197356391732,0,0
0.584691613004526,0.680965126252917,0,0
0.533707754634276,0.634974965786264,0,1
0.550579559007862,0.622675212439424,0,1
0.615477071114658,0.710593553170523,0,1
0.395648272267549,0.653674618811535,0,1
0.771718482415458,0.800333882608509,0,1
0.251203183349387,0.46999782158977,0,0
0.655760767903366,0.78876902317127,0,0
0.960397148220018,0.930635454063817,0,1
0.00355476046442604,0.119137244234216,0,0
0.723361044394306,0.782987042319268,0,1
0.108995033929644,0.334768356321474,0,0
0.543787491663825,0.617875653708182,0,1
0.626916016680335,0.787737329841774,0,1
0.242947125770801,0.458614946376599,0,0
0.913843875246608,0.925178497663825,0,1
0.622312528691618,0.714938172147131,0,1
0.23169469139486,0.421191517717542,0,1
0.770132187599808,0.799720254358162,0,0
0.105507079997335,0.283003842035613,0,0
0.555225318531344,0.698975779399867,0,1
0.0949560698024915,0.315125805565298,0,0
0.58098407267502,0.678419657847813,0,1
0.252980112720188,0.445275246735063,0,0
0.649466807954746,0.708488604430161,0,0
0.71582695285818,0.781576836895942,0,1
0.524185614568661,0.626715848631685,0,0
0.65752140770311,0.789850897173271,0,1
0.813293845325056,0.831854355110188,0,1
0.807512271643032,0.829964780686894,0,0
0.619681992053863,0.713275426069154,0,1
0.451102462120775,0.59207750743955,0,1
0.407949989047367,0.53559592189369,0,1
0.874747619904363,0.887116539895529,0,1
0.702931732114371,0.77520410951288,0,0
0.184935022373402,0.432858604122042,0,0
0.565732146629263,0.698882599437013,0,0
0.908808032300057,0.924346044192724,0,1
0.150689992248271,0.407428535904722,0,0
0.845517675530706,0.823396771265485,0,0
0.82020246631535,0.834036714801316,0,1
0.499341101297834,0.639416954317678,0,0
0.0375838514857032,0.189955806719081,0,0
0.147502505396935,0.399497751412664,0,1
0.922638694688671,0.926518952698972,0,0
0.0441547960318625,0.224330823515036,0,0
0.37249876640536,0.599409995279178,0,1
0.619039634725471,0.712867642795831,0,1
0.196948038914017,0.376231436561801,0,0
0.981079757240297,0.931763674271791,0,1
0.155975233043422,0.381472217915558,0,1
0.539679195161274,0.639464590874684,0,1
0.618011324346645,0.712213415013566,0,0
0.230989948669704,0.420077736601337,0,0
0.466308989209341,0.627081498224123,0,1
0.491008529132929,0.632238103357652,0,1
0.766862376326542,0.798441982694442,0,1
0.634280752773873,0.792716545477038,0,0
0.46755005306534,0.628241666760094,0,1
0.666942543193975,0.79554571228467,0,1
0.453377426522198,0.619064361406298,0,0
0.52571159134141,0.627890400928177,0,1
0.658568041558362,0.790491401299536,0,1
0.181195381953862,0.428698992388485,0,0
0.788049551172307,0.864992590295244,0,0
0.602865337538397,0.795062657848911,0,0
0.980332885137328,0.93173681139329,0,0
0.222383193531176,0.479771017494868,0,0
0.466266474166574,0.627041706557492,0,0
0.895641802599447,0.891440336394197,0,1
0.601433409698788,0.793987149096605,0,1
0.725958845848815,0.784199975039291,0,0
0.41367016420136,0.619927253843726,0,1
0.68430962183132,0.767153813555451,0,1
0.946055029847563,0.929384883354087,0,1
0.200186065739322,0.480637973334083,0,0
0.80736526387732,0.829915983392454,0,0
0.969538012099896,0.931232418754288,0,1
0.0145687317633317,0.187507967521216,0,0
0.215209586594428,0.397092542216145,0,0
0.11737692031313,0.351622697621151,0,0
0.767423517741453,0.798662633796138,0,1
0.0812165859427333,0.260711240833881,0,0
0.998413558590908,0.932094996465029,0,1
0.389612015879305,0.587720562927205,0,1
0.90520276593304,0.923721035068693,0,1
0.188577603499468,0.358206774356029,0,0
0.440872199822291,0.641472595685503,0,1
0.844811819006204,0.823212390566498,0,1
0.595269780673256,0.712387187007082,0,0
0.462158096691357,0.623181545599852,0,1
0.512649746757118,0.617107593730611,0,1
0.573885526892347,0.704924760310042,0,1
0.440319207585593,0.640895219980471,0,1
0.19355895772381,0.366657874261798,0,0
0.113965761459186,0.314359473471726,0,0
0.151227927370148,0.408764042054398,0,0
0.0524909638531339,0.226693142440267,0,0
0.558676411063632,0.70164037456495,0,1
0.847721014036011,0.823966910579924,0,0
0.359119338924111,0.554132181842827,0,0
0.0753108726358178,0.311838556735173,0,0
0.425724411985116,0.517994113245287,0,0
0.602007838472001,0.794419062591591,0,0
0.425403465575638,0.570091202712979,0,1
0.81072123360737,0.831020671458085,0,1
0.941886246186705,0.928949455406487,0,1
0.869910773268354,0.886003445820302,0,1
0.703999498279889,0.775742529648467,0,1
0.470298924782175,0.630801744019099,0,1
0.682698042903251,0.768017328031687,0,0
0.0134183105565295,0.172801452697793,0,0
0.982478118502044,0.931811173257813,0,1
0.172077331828896,0.421955610754088,0,0
0.906260395961682,0.923906897349401,0,1
0.807109901666106,0.829831130704619,0,0
0.800139684386988,0.82747163287635,0,0
0.268936057785065,0.505077986427585,0,1
0.219153805757258,0.473662854862673,0,0
0.428800692914089,0.520717611350436,0,0
0.849371100730655,0.824388526034656,0,1
0.45037964247172,0.591404658205991,0,0
0.935420114007062,0.928209972910909,0,1
0.352679327251738,0.546330863817758,0,0
0.61939216569676,0.71309152280235,0,0
0.98069903635578,0.931750110753376,0,1
0.643462522240805,0.705059388608279,0,1
0.0454982160406038,0.230997366113911,0,0
0.463557090951712,0.624499340116961,0,1
0.334751343713664,0.555354588479833,0,0
0.532181548521675,0.633818203591672,0,1
0.284746208613131,0.480404389108422,0,0
0.122261230230003,0.365304268768095,0,0
0.668288988750802,0.796346628448366,0,0
0.681359754891306,0.767290512402024,0,1
0.867139299999088,0.88534664798132,0,1
0.132381493562737,0.342439919723035,0,0
0.798620308278031,0.868949691583165,0,1
0.826768738405129,0.836034669420711,0,1
0.646549935751152,0.706829971138782,0,0
0.204922145780634,0.490714407713284,0,0
0.261420714405838,0.475406248018841,0,0
0.418496817539176,0.563295464443076,0,1
0.541799072782731,0.616456930774816,0,0
0.477437955592217,0.668327714186578,0,0
0.467459892045369,0.628157473622216,0,0
0.839840710197667,0.82189005462625,0,1
0.870102365307568,0.886048338634194,0,1
0.816753964376767,0.832957654197184,0,1
0.8778014186347,0.887797587583038,0,1
0.571008761937073,0.702805973345752,0,0
0.964036133339082,0.930891767936378,0,1
0.606544348250468,0.797808182301861,0,1
0.603947741079681,0.795873072947253,0,1
0.319297737074619,0.598091964093148,0,0
0.681204184117019,0.76720582444315,0,0
0.051965688505361,0.224485162653705,0,0
0.134546421011942,0.348535846520171,0,0
0.130242167572765,0.337291904634544,0,0
0.655201287224736,0.788424073225157,0,1
0.175332591771338,0.429172268326043,0,0
0.341146823251547,0.6303394084373,0,0
0.0443116558331046,0.225109702835133,0,0
0.233734360116511,0.46859929904822,0,0
0.964224324849294,0.930904351970746,0,1
0.509139402516368,0.580732121249635,0,0
0.151074518471432,0.408383267263691,0,0
0.523008531734464,0.625807264217227,0,0
0.943509383911081,0.929122842920172,0,0
0.865686014006334,0.884996707357088,0,1
0.392065868930387,0.649202304865555,0,0
0.283867515973403,0.479167261594488,0,0
0.761729862692742,0.796399110370532,0,0
0.240484324803088,0.454602188377451,0,1
0.254232354657352,0.447158594694157,0,1
0.0840863541799295,0.211871379868932,0,0
0.864144094764027,0.884621262168593,0,1
0.44789891562028,0.5890886962271,0,0
0.561786260609974,0.704023716734551,0,1
0.73671095769352,0.791401677687529,0,1
0.796488867131196,0.868168090274378,0,1
0.447508138990314,0.588722923328055,0,1
0.184127556175798,0.431160374695873,0,0
0.828732851528302,0.818784660868627,0,0
0.0309979598282558,0.179288917582914,0,0
0.946728269607952,0.929452164513178,0,1
0.576977846477502,0.675643691953147,0,1
0.875388738450687,0.887260914022988,0,1
0.608565436973559,0.799305579678869,0,0
0.251659584152324,0.470728858597577,0,0
0.296129923495904,0.481834180482897,0,0
0.532922559031653,0.634380312116761,0,1
0.962078212847093,0.930756928650973,0,1
0.184495604490178,0.431934647203388,0,0
0.509898378143109,0.581301737294181,0,0
0.343788103436844,0.634208303018877,0,1
0.769725344957186,0.799562190285228,0,1
0.802866486432424,0.828404659381952,0,1
0.424559910302217,0.569265546524624,0,0
0.204122499994336,0.489017288809102,0,0
0.0670894603288553,0.257236335923183,0,0
0.198648264420561,0.379121553122798,0,0
0.272400850129382,0.534395279626355,0,0
0.59878891790921,0.714803476437505,0,0
0.873083497274436,0.886738337053782,0,1
0.128230938845486,0.332440577172403,0,0
0.958188741714896,0.930467867202445,0,1
0.683170843854147,0.7682733719279,0,0
0.74196423567838,0.793730497469423,0,1
0.982880785920991,0.931824174935014,0,1
0.416100772618142,0.62261432344413,0,0
0.531583465895902,0.633363866069782,0,1
0.679212950195719,0.766118207094657,0,1
0.512875142589991,0.617285357612435,0,0
0.299112344660836,0.485835002563114,0,0
0.105384672730039,0.282693770741779,0,0
0.284932145722145,0.480665978672224,0,0
0.768852848287758,0.7992222706296,0,0
0.640782704451846,0.703510072040755,0,1
0.801330703203193,0.827880738861939,0,0
0.517120531970427,0.620618225445424,0,1
0.232100021846335,0.465753283622751,0,1
0.627961926981903,0.788450506005655,0,1
0.304005490022303,0.543277571974796,0,1
0.029528744942021,0.23424732654274,0,0
0.903331176816876,0.923387021911245,0,1
0.420369568802785,0.565146165704024,0,0
0.426130780424712,0.518354718579218,0,0
0.741251735331859,0.793417391554971,0,1
0.948458404305794,0.929621192137901,0,1
0.0725155280454634,0.324735243747935,0,0
0.172701088132275,0.423340631795602,0,0
0.322357489132711,0.614896349005761,0,0
0.248424246330199,0.46553705835874,0,0
0.495494981361193,0.63611808920415,0,1
0.824459610797683,0.835340531573204,0,1
0.853972414942176,0.825539949079666,0,1
0.595829942058702,0.712773213836991,0,1
0.240173733831067,0.454095202382124,0,1
0.186492688272685,0.436129871680022,0,0
0.743390512402039,0.794354676066953,0,1
0.237214057643548,0.474638600175588,0,0
0.53949089092655,0.639323898014484,0,0
0.749280787127192,0.796895778024361,0,1
0.228249104615386,0.415736375900552,0,0
0.174501187572744,0.427331813381187,0,0
0.0397356865758512,0.200611366748056,0,0
0.147568837699948,0.399663095473397,0,0
0.851438906946991,0.824910388521928,0,1
0.104635911744959,0.280796151895686,0,0
0.223645045527318,0.482150844784881,0,0
0.0327571997459771,0.18929489485941,0,0
0.676356635451279,0.764546255695498,0,0
0.23170314146472,0.421204866080993,0,1
0.413591717801764,0.619840344374886,0,0
0.139301171323727,0.35993303444389,0,0
0.377217287611507,0.575152009421133,0,0
0.424437466239615,0.569145599889631,0,1
0.472964951860013,0.66401133679224,0,1
0.422841813038613,0.567580159149117,0,0
0.102756563874164,0.27602624246951,0,0
0.772580266631544,0.800665466283988,0,1
0.137206003489911,0.354918632385761,0,0
0.424292374325812,0.569003434302921,0,0
0.27195611245278,0.509858763446482,0,0
0.301007943079906,0.538871496559095,0,0
0.672420772586433,0.76235735307868,0,1
0.517786723813415,0.621138575078889,0,0
0.190087050479941,0.360773117133902,0,0
0.469134439833377,0.629718854457057,0,0
0.339540868796304,0.627979440959597,0,0
0.704497198248126,0.775992831965712,0,0
0.226095202432549,0.412313863608308,0,0
0.844988137358345,0.823258526419379,0,1
0.52622966489163,0.628288306946802,0,1
0.500619572923089,0.574277452995713,0,1
0.25368580688768,0.446336985873774,0,0
0.186155669736664,0.435422626644509,0,0
0.471819062737597,0.662899652451129,0,0
0.981824417825257,0.931789422341141,0,1
0.132906237661827,0.343700713204503,0,0
0.283462432428057,0.478596425516872,0,1
0.800641174283456,0.827644188913366,0,0
0.664776898510755,0.794250700024892,0,0
0.278758408693437,0.544855051007176,0,0
0.314647606775112,0.591012269227218,0,1
0.419948254401929,0.564730332359864,0,0
0.602786762242296,0.795003740994384,0,1
0.719338767221075,0.781086434332315,0,1
0.857300333451231,0.826350461436991,0,1
0.68111147045841,0.767155334312016,0,0
0.236982064471698,0.474236812167354,0,1
0.92572053533626,0.926954552256147,0,1
0.781195400675766,0.862318611191163,0,1
0.307381480427844,0.569149333757872,0,1
0.304965641642063,0.544684888767319,0,0
0.881168318428905,0.888528978786082,0,1
0.126078480397198,0.259339215994588,0,0
0.633460834235726,0.792167118429015,0,1
0.277712732473424,0.543140960004023,0,1
0.827200325139306,0.818339876065988,0,0
0.364523447555888,0.517369506318733,0,0
0.733366094468834,0.787595638366925,0,0
0.192417890413739,0.364726595461691,0,0
0.481445897540739,0.683534525701103,0,0
0.803594626431027,0.828651637886095,0,1
0.396988211672374,0.655340622542599,0,1
0.16157403985609,0.368200009482266,0,0
0.648982222648647,0.708214004693477,0,0
0.753325805894392,0.798606650632866,0,1
0.280192635373094,0.473976870186439,0,0
0.451361861232402,0.592318757708832,0,0
0.900448912386065,0.922859867110544,0,0
0.871985631190918,0.886486093680219,0,1
0.707187609784182,0.777338595829411,0,1
0.590900599490407,0.709357882818729,0,0
0.817382270397126,0.833155782826384,0,1
0.907644646099839,0.924147007462178,0,1
0.00250755966792315,0.0840845543442946,0,0
0.397227766233762,0.655638081281139,0,0
0.561409683718482,0.703736010708152,0,1
0.733923136284877,0.78784723836901,0,1
0.0874727621850435,0.220014503853419,0,0
0.399754987680864,0.658768972036378,0,1
0.279621179449849,0.473167360578388,0,0
0.423510053105183,0.568236274054495,0,0
0.497978632673288,0.638251235459011,0,1
0.660015223526051,0.791373797820659,0,0
0.496236138970279,0.636755753028325,0,0
0.62046820060519,0.713773592837236,0,1
0.582439861889223,0.67942184968105,0,0
0.428332398038856,0.520303963690075,0,0
0.00497636471126539,0.16666332937595,0,0
0.194516413859602,0.372087410768251,0,0
0.320206654286289,0.599470134162117,0,1
0.146978125854931,0.39819019718689,0,0
0.598663881606436,0.714717986293997,0,1
0.611499476659602,0.801465646649974,0,1
0.50009325959693,0.573875072631224,0,0
0.320848901600865,0.60044284855347,0,0
0.653258052024454,0.710623892983254,0,1
0.190283482679044,0.36110673730271,0,0
0.00588098144462823,0.112304991915467,0,0
0.734942018683961,0.788306077258479,0,1
0.443503841903935,0.584959926767082,0,0
0.697841656049848,0.774277771438282,0,1
0.185043349636976,0.433086305601829,0,0
0.0626198019839155,0.240653847115039,0,0
0.378108586783021,0.576194350479827,0,0
0.695996510445494,0.773324766098651,0,0
0.102818367454316,0.276183263094854,0,0
0.195834233674992,0.374334821706511,0,0
0.45395265040652,0.619619264907147,0,1
0.621149189693646,0.71420425602544,0,0
0.750124248068985,0.797254822758345,0,1
0.109735021285657,0.336909269516968,0,0
0.624623607155641,0.716389467254631,0,1
0.387360522144481,0.585141185031399,0,1
0.670090368747807,0.761048844396001,0,0
0.203560377661902,0.487823253883221,0,0
0.527918797530731,0.629582623686184,0,1
0.172162554955933,0.422144906200038,0,0
0.0186810059963753,0.11988066609331,0,0
0.486950246423957,0.688843389775453,0,0
0.184177776560893,0.431266045167608,0,0
0.638343330003387,0.795420724924545,0,0
0.536574819340433,0.637137788980217,0,1
0.774945379997746,0.801569033188614,0,1
0.392959902634203,0.6503209020446,0,0
0.989452130836253,0.93199363950323,0,1
0.515214696162074,0.619125646521087,0,1
0.478823401185472,0.669657184880613,0,0
0.74944247075217,0.796964697299413,0,0
0.572688293292415,0.704044709061135,0,0
0.362465317300025,0.515095790776558,0,0
0.489244785460142,0.69103970857716,0,1
0.18913837493885,0.359160748769645,0,0
0.393583414296862,0.651100053025177,0,1
0.0299617525240485,0.2376300837294,0,0
0.462529060342203,0.623531312346481,0,1
0.274474112803571,0.537816401042572,0,0
0.526715860358616,0.628661333464242,0,1
0.0292721214031125,0.232241810551921,0,0
0.555086766522174,0.6988683697596,0,1
0.292997883628357,0.477614361805408,0,0
0.577490681013547,0.67600051588038,0,0
0.732769853261367,0.787325750082834,0,1
0.440337826796438,0.640914669466191,0,1
0.663156822881966,0.793276439192231,0,1
0.238909954870212,0.452030164386553,0,0
0.99859908858648,0.932095513073975,0,1
0.242878521619768,0.458503342857683,0,0
0.940828414381525,0.928833811802105,0,1
0.217219750391018,0.400350170049314,0,0
0.497564384605067,0.637896179603842,0,1
0.821176964892736,0.834337927320713,0,0
0.716588046794734,0.781944127023097,0,1
0.705580412120669,0.776536143813409,0,1
0.440440559975718,0.641021972127799,0,0
0.754175025455159,0.7989623004574,0,1
0.919953577014859,0.926124994045753,0,1
0.441351745315838,0.641972824027054,0,0
0.527965484154701,0.629618332180501,0,1
0.0660355840166373,0.253333582305379,0,0
0.390773073670693,0.589046993686956,0,0
0.467238566333246,0.627950737315559,0,0
0.895137710803573,0.89134528427499,0,1
0.110557440255441,0.339286584780957,0,0
0.731137603198967,0.786583828805294,0,1
0.545471168548719,0.619072121223891,0,1
0.606535430516543,0.797801558184931,0,1
0.0297829441295603,0.236233373437056,0,0
0.14674737976078,0.397614570963933,0,0
0.283983225466185,0.479330257952552,0,0
0.00487204795360607,0.163178190859725,0,0
0.669157797797137,0.760522612359649,0,1
0.870257948922598,0.886084745467049,0,1
0.546968309271241,0.620132315199073,0,1
0.543164047519204,0.617431494683004,0,1
0.615725928613037,0.710753093925692,0,1
0.302181500415804,0.540598756611838,0,0
0.366731981660942,0.519801202673478,0,0
0.574939727277767,0.705697627740688,0,0
0.809216583717345,0.83052778517725,0,1
0.201596634408171,0.483645342107715,0,0
0.327524055848289,0.622827544285838,0,1
0.742921250389697,0.794149695765405,0,1
0.340920249132342,0.630006803425876,0,0
0.047610928706555,0.27033439126492,0,0
0.156356928676252,0.382326585350879,0,0
0.193864859659547,0.370974890245187,0,0
0.495112362561178,0.635788531634952,0,0
0.635124961091338,0.793280963480135,0,1
0.880219977218583,0.888325037885406,0,1
0.902536556422245,0.923243235215819,0,1
0.307160768485095,0.547895039609024,0,0
0.753380073125586,0.798629414220584,0,1
0.282428030558973,0.477137301355275,0,0
0.368576869765276,0.594528267055263,0,0
0.29272656209313,0.441035914630849,0,0
0.413690736199101,0.619950043295467,0,0
0.214715695668381,0.396290874747491,0,0
0.318986006470189,0.597618870130696,0,0
0.121919813890088,0.364350386340959,0,0
0.963018239595535,0.930822558872235,0,1
0.503983009398783,0.576838879165431,0,0
0.923100682588664,0.926585380052571,0,1
0.746160140773421,0.795556860942096,0,1
0.457705287680419,0.623224997930848,0,1
0.754622225308132,0.799149093006542,0,1
0.628023078606926,0.788492141588665,0,0
0.303758434151869,0.542915142116896,0,0
0.521659313413272,0.624763047923931,0,1
0.712312195647429,0.779867900969445,0,0
0.305313531448307,0.545194319542188,0,0
0.0125228368864733,0.161342206803979,0,0
0.268262829135936,0.504009561118994,0,0
0.796745475590084,0.868262624537791,0,1
0.929993088963501,0.927529163495884,0,1
0.625331154903255,0.716832007164462,0,0
0.132807484580411,0.343463499167299,0,0
0.757570359247421,0.794710887439865,0,1
0.526905346047344,0.628806609926209,0,0
0.753869071621213,0.798834309530643,0,0
0.858611703070013,0.883238895160557,0,1
0.947541551101824,0.929532314070578,0,1
0.654537534622831,0.788014107514111,0,1
0.854258209842647,0.825610287621575,0,1
0.742588057696547,0.794003925112565,0,1
0.727101188403677,0.784729720666427,0,0
0.858790756266965,0.883284498686717,0,1
0.923003040753665,0.926571373691593,0,1
0.902076001524845,0.923159358904724,0,1
0.395750261565181,0.653801556469185,0,0
0.0840212797987252,0.211714603413366,0,0
0.829573718458149,0.819027022061644,0,0
0.538931553307634,0.638905645586085,0,1
0.542076154739123,0.61665499679919,0,1
0.82517533056642,0.835556664241537,0,1
0.0319841843757739,0.184900477446215,0,0
0.877960418725157,0.887832586843071,0,1
0.0346340013377203,0.199949478514489,0,0
0.693194558378388,0.771866481855225,0,0
0.587484479350409,0.682867671719851,0,1
0.641749180833597,0.704070170653422,0,0
0.374080187738256,0.601369843282917,0,1
0.275462026650104,0.539443138153719,0,1
0.509408581438762,0.580934242615573,0,1
0.885823117149722,0.889506487769532,0,1
0.565289670365568,0.698551421072603,0,1
0.663148891464317,0.793271657941349,0,1
0.441379230953501,0.642001482117773,0,0
0.972139087121452,0.931373820009395,0,1
0.74252245235171,0.793975200752798,0,1
0.354902510850773,0.549032805466696,0,0
0.653531032663659,0.710776743842769,0,1
0.54261641187172,0.617040843339747,0,1
0.884056212378686,0.889140036069346,0,1
0.275054051065412,0.538771618467335,0,0
0.108067485172337,0.33208228288242,0,0
0.19127205174117,0.362784493169812,0,0
0.387046232605086,0.584780370261208,0,1
0.854059794934314,0.825561469270822,0,1
0.270844913835917,0.508102026057254,0,0
0.626358803208684,0.787356564541226,0,1
0.623551801045558,0.71571750947269,0,0
0.408047135347929,0.535690775239305,0,1
0.0503351296594517,0.285403593032042,0,0
0.744833873032493,0.794982808981972,0,1
0.295725534423881,0.481290397663996,0,0
0.39845819654904,0.65716406371229,0,0
0.377239567530509,0.57517808314516,0,0
0.663602631671094,0.793545002538227,0,0
0.0863332868151641,0.21727783226277,0,0
0.549889920471981,0.622191168778865,0,0
0.0154218223432558,0.0991284674534931,0,0
0.983038983539417,0.931829200255165,0,1
0.598427222388015,0.714556104117723,0,0
0.384114227996227,0.581405416340396,0,0
0.146747930727483,0.397615945607653,0,0
0.696878326436805,0.773780941966123,0,1
0.905808416706552,0.923827724070846,0,1
0.318108752344617,0.596286354160212,0,1
0.76649214465623,0.798296109661114,0,1
0.287498102041188,0.43448499664474,0,1
0.957225342374393,0.930391910575471,0,1
0.702315754794807,0.774892621677877,0,1
0.625015593193321,0.716634740381495,0,1
0.930734733150148,0.927625440204233,0,1
0.269042387251919,0.505246643169969,0,0
0.923615746340761,0.926658969893915,0,1
0.678082934123982,0.765497977157129,0,1
0.771362507201462,0.800196550093913,0,1
0.571635336434951,0.703268670642454,0,1
0.833904677499233,0.820256430550418,0,1
0.698281799291863,0.774504245413188,0,0
0.146608701776909,0.397268545747057,0,0
0.612461128628075,0.802170087394763,0,1
0.279320335616332,0.472740934899646,0,0
0.9158787230673,0.925501458766797,0,1
0.198232290210154,0.378415028233659,0,1
0.285716495371303,0.48176870903827,0,0
0.0476547049696789,0.270576885479612,0,0
0.447579144050638,0.58878940439011,0,0
0.557587815171112,0.700802108529958,0,1
0.573561082577095,0.704686514725398,0,0
0.905377379959673,0.923751864527062,0,1
0.347413932800605,0.567679554031195,0,1
0.447528379591255,0.588741875195211,0,1
0.851237662501497,0.824859916323933,0,1
0.576829303232025,0.675540256555882,0,0
0.653992934877734,0.787677147528437,0,1
0.278359330394316,0.544201167806543,0,0
0.487471301625849,0.689343004603812,0,0
0.620952387580472,0.714079876185722,0,1
0.13339403014524,0.344872039591993,0,1
0.0329087165925345,0.190155822349383,0,0
0.113411001130826,0.312921256470309,0,0
0.477461076339653,0.668349929766235,0,1
0.0240267346308085,0.197149478275058,0,0
0.626208929137222,0.787254052871289,0,1
0.0975826179760845,0.32339590295261,0,0
0.250961537716246,0.469610586808096,0,1
0.426492945856218,0.518675883696188,0,0
0.115826746706249,0.31917750556223,0,0
0.270551993797466,0.507638491082491,0,1
0.0210796728355113,0.173225567082722,0,1
0.985045553610469,0.931888892339934,0,1
0.611573608121411,0.801520012415229,0,0
0.378353838835249,0.576480901687739,0,1
0.0265283511104492,0.210766070750292,0,0
0.389838748374984,0.587979788052862,0,1
0.452558626386434,0.618273478519401,0,1
0.931003193764503,0.927660037719828,0,1
0.278504171838057,0.544438529935443,0,0
0.614781891083299,0.710147330981884,0,1
0.665168354582193,0.794485404392317,0,1
0.185960969796339,0.435013908596192,0,1
0.505763348986432,0.578187691099939,0,1
0.786500762859935,0.864395810285185,0,0
0.0965790344284135,0.320238800706823,0,0
0.606035298168962,0.797429818202516,0,0
0.0260599326883932,0.20709365961233,0,0
0.00704672381007565,0.134487692859074,0,0
0.0595286071400714,0.315360708229434,0,0
0.481400459149036,0.683490465269762,0,1
0.925704108690231,0.926952277384238,0,0
0.405557384139024,0.533254877427887,0,0
0.0750326393365408,0.310731393324833,0,0
0.861352474483029,0.883930621595487,0,1
0.51929758547044,0.622316017978253,0,0
0.318935868917424,0.597542759294739,0,0
0.963032338784676,0.930823530701981,0,1
0.938261768502378,0.92854455153224,0,1
0.260018971956692,0.473238355945362,0,1
0.20139185371372,0.48320907378154,0,1
0.588908703306077,0.707966037806987,0,0
0.842518209841559,0.822607461058634,0,0
0.336721089745055,0.62382184473928,0,1
0.586429421464262,0.68215045809864,0,0
0.162244999478808,0.369594075550791,0,0
0.194593735238142,0.372219376330119,0,0
0.761335215992096,0.796240189116268,0,1
0.15009846135205,0.4059589932494,0,1
0.265907041047827,0.500263143721671,0,0
0.689494863177669,0.769920468714446,0,1
0.0150893076329791,0.194157157802183,0,0
0.0321944038685705,0.186095875215718,0,0
0.287525940024029,0.434520003575908,0,0
0.336623180512299,0.557832235874761,0,0
0.362216105530011,0.514819975528127,0,0
0.80719057551352,0.829857949451729,0,1
0.0359809676586419,0.182003069554234,0,0
0.358395244625325,0.553258918667289,0,0
0.638278133266824,0.795377566415198,0,1
0.143004109518323,0.377109189283874,0,0
0.857738614511441,0.826455812128271,0,1
0.645564408273433,0.706266460011739,0,1
0.115293425480027,0.317797789304267,0,0
0.208097409998947,0.457765779153922,0,0
0.745498330748165,0.795270781901891,0,1
0.403406628334173,0.531142411964386,0,1
0.484470060948507,0.686458299609794,0,1
0.887455078072727,0.889839953348937,0,0
0.137443549624231,0.355487768498606,0,0
0.964372797386118,0.930914233476191,0,1
0.0426296817965799,0.21675128334907,0,0
0.0994402572548848,0.329230459388572,0,0
0.223238430940443,0.481384399964786,0,0
0.806585082260514,0.829656388887908,0,1
0.455872807369502,0.621467360082119,0,1
0.653251142261319,0.710620022416927,0,1
0.174321137519837,0.426932997590486,0,0
0.166721932926528,0.467833438211856,0,1
0.520848340553789,0.624133982998585,0,0
0.740293635280222,0.79299499659429,0,0
0.462474465215028,0.623479851935596,0,0
0.869614085121113,0.885933796890733,0,1
0.66041193467064,0.791615031680159,0,1
0.249090088451933,0.466607376668858,0,1
0.234902220802105,0.470629281861176,0,0
0.37404671686707,0.601328414217372,0,0
0.756616056296217,0.794319442839887,0,1
0.937937664309782,0.928507151794812,0,1
0.861905999318833,0.884068678906524,0,1
0.261610792682922,0.475699900790819,0,0
0.41227892797857,0.618384200842147,0,1
0.611544099450322,0.801498372893958,0,1
0.546834455815808,0.620037669816329,0,1
0.389274945408966,0.587335009473543,0,0
0.101420776881277,0.272629845861146,0,0
0.712244804397256,0.779834928922676,0,1
0.0881351639254339,0.221603820686887,0,0
0.86607742937372,0.885091331902202,0,0
0.863448440332635,0.884450472920163,0,1
0.708450791515373,0.777966202552698,0,1
0.486424573807686,0.68833883309348,0,0
0.699146565412917,0.774948245908338,0,1
0.394987060101765,0.652851142947976,0,0
0.797495984293349,0.868538426530416,0,1
0.786417082279848,0.864363442714524,0,1
0.155528583873622,0.380471971195851,0,0
0.317817550350598,0.59584365008365,0,1
0.34398317678599,0.634493426285727,0,0
0.364170298653526,0.516979888257583,0,0
0.566645556687899,0.699565188931338,0,0
0.0416874425202878,0.212062486583664,0,0
0.659969718963899,0.791346109200164,0,1
0.201631759056634,0.483720161023995,0,1
0.416462556173108,0.62301332555332,0,0
0.4508926565007,0.59188229743826,0,0
0.348726769547646,0.569372072384407,0,0
0.383280310128013,0.582213026060293,0,0
0.180306060847759,0.426803491673964,0,0
0.0681300573940744,0.305790623160702,0,0
0.551256648935852,0.623149726416054,0,0
0.595866945616651,0.712798695459268,0,1
0.145499789221709,0.383174770411955,0,0
0.230941708322124,0.420001459822562,0,1
0.286377131537382,0.433074212897069,0,0
0.830751366904426,0.819364447887117,0,1
0.153420941162412,0.375744878886801,0,0
0.552138807553481,0.623766882093368,0,1
0.568139717692192,0.700678674020659,0,1
0.343420093108672,0.633670180652569,0,0
0.350617189306954,0.571803227362913,0,0
0.959112017519202,0.930539036756831,0,1
0.553343949459521,0.697514429058659,0,1
0.652731200900955,0.710328551295336,0,0
0.490740116444413,0.632004884919039,0,1
0.646649981671791,0.706887088301119,0,0
0.605250785507062,0.796845751785651,0,1
0.145173292920096,0.382382248912395,0,0
0.334680532884593,0.555260723036082,0,1
0.460433993458933,0.625831269271608,0,0
0.127821661606385,0.262680300360033,0,0
0.363073323604498,0.515768249747591,0,0
0.228141634292922,0.415565833563583,0,0
0.847502602270402,0.823910759705742,0,1
0.341474080021299,0.630819611125421,0,0
0.226789320666265,0.413417846812331,0,1
0.408181402852282,0.53582184798958,0,1
0.683064047622247,0.768215570139038,0,1
0.0656219989614248,0.251800774958851,0,0
0.18072921360299,0.427705656871152,0,0
0.694306938923729,0.77244702502426,0,1
0.752256604804093,0.798157129189418,0,1
0.617754279610068,0.712049603460522,0,1
0.879198560536596,0.88810356881967,0,1
0.168800190077594,0.473128212984415,0,0
0.703547732201429,0.775514963617523,0,1
0.917260159080009,0.925716314621211,0,1
0.150739659103058,0.407551876917445,0,0
0.243763977396181,0.459943003120085,0,1
0.546684572090804,0.619931656533699,0,1
0.344119336975998,0.634692390617745,0,0
0.690639080782394,0.770524810444586,0,1
0.0575676184251075,0.305280306571145,0,0
0.16076414232346,0.366515782720467,0,0
0.716238306479622,0.781775471012511,0,1
0.970618698433944,0.931292699190599,0,1
0.929550376512341,0.927471203952528,0,1
0.901066993422814,0.922974216117827,0,1
0.127743313903593,0.262530277688704,0,0
0.145928918071603,0.395571556045159,0,1
0.0722647568148727,0.323654356020904,0,0
0.542540233144791,0.616986464797546,0,0
0.882486172902372,0.888809691947758,0,1
0.531791900066888,0.633522270399366,0,1
0.78171528539594,0.862524413972411,0,1
0.188453786911262,0.357996050889364,0,0
0.863111260166335,0.88436737837625,0,1
0.187424770725351,0.438084353487696,0,0
0.0547641260665233,0.236234207757746,0,0
0.421491010428098,0.566251545547296,0,0
0.555104430008438,0.698882064880352,0,1
0.970742009521395,0.931299439069848,0,1
0.0917538334411915,0.288126742380395,0,0
0.273918093229555,0.536899862896171,0,1
0.105107069082049,0.281990412441357,0,1
0.390439636737616,0.588666322819908,0,0
0.28901108318777,0.436385623783617,0,0
0.513300349467907,0.617620483419292,0,0
0.348256681750747,0.568766423609656,0,1
0.928228018250101,0.927295906349002,0,1
0.78994779638304,0.86571809710112,0,1
0.861011368613976,0.883845269697521,0,1
0.129500945942896,0.335505292059792,0,0
0.575070166988714,0.705793124097561,0,0
0.214782535884859,0.396399397092689,0,1
0.868238571440889,0.885608815612988,0,1
0.0150194217534241,0.193264726462797,0,0
0.105744215130052,0.325342095781356,0,0
0.376057075547316,0.573792948426869,0,0
0.402093906093194,0.529849311008144,0,1
0.277220082978683,0.542332539623516,0,1
0.0960629987599392,0.318614074663814,0,0
0.118730405112594,0.355421584414396,0,1
0.317944753847334,0.596037056303796,0,0
0.950792834077721,0.929840412958757,0,1
0.207406564819324,0.456421980700634,0,0
0.747280321059222,0.796039381176796,0,1
0.258188664007484,0.453088047247108,0,0
0.0372402556107848,0.188252163936656,0,0
0.0160522091670621,0.103147696533371,0,0
0.152705931181176,0.374138553570293,0,0
0.462084192997742,0.623111835943865,0,1
0.755901097537805,0.794025166928281,0,0
0.728814931945154,0.785520295627826,0,0
0.352389442483037,0.545977867897945,0,1
0.479139278762914,0.669959806256682,0,0
0.814073753375665,0.832104839480896,0,1
0.838402906378979,0.821499819835923,0,1
0.319916700417985,0.599030683863241,0,0
0.00426501840710714,0.142890575717183,0,0
0.0469308432262326,0.266565694338549,0,0
0.737807377603984,0.791891604929345,0,1
0.272632281072508,0.534777651291477,0,1
0.481485812186652,0.683573226714065,0,1
0.192031266031144,0.364071606743741,0,0
0.847112916082194,0.823810376477503,0,1
0.503377609636553,0.57637911422603,0,0
0.527160175722261,0.629001893131771,0,1
0.288079588085755,0.435215945186869,0,0
0.511999230663923,0.616594087307332,0,1
0.00196364538252003,0.0658637195424447,0,0
0.27729504034321,0.54245557755858,0,1
0.348762983538436,0.569418711410131,0,0
0.283950886289036,0.479284705413011,0,1
0.0859522275774178,0.216361882425274,0,0
0.521781209234058,0.624857509379821,0,1
0.788479133373515,0.865157347446582,0,1
0.942598435608172,0.929026137924809,0,1
0.497289792116663,0.637660662436108,0,0
0.593753858355443,0.711339830631987,0,0
0.290859937810471,0.438702694528936,0,1
0.149159508920189,0.403624248817522,0,0
0.131871690728441,0.341214294855558,0,0
0.732360775869558,0.787140232715351,0,1
0.734469435349934,0.788093475115339,0,1
0.179350016636635,0.424763482221402,0,0
0.413560379775792,0.619805622243985,0,1
0.594144327891539,0.711609981878292,0,0
0.125281946186149,0.257810310767458,0,0
0.785368949868866,0.86395695167429,0,1
0.619992203320239,0.713472108935601,0,0
0.615221691508455,0.710429723757171,0,1
0.701208091918632,0.774330874668914,0,0
0.987183082066374,0.931944223578338,0,1
0.562394455957178,0.704487858168015,0,1
0.864416261698348,0.884687844133053,0,1
0.418708675057166,0.563505126999146,0,0
0.654469351227434,0.787971949495272,0,0
0.925261187858766,0.926890749102927,0,1
0.664150815644075,0.793874750991788,0,1
0.303080675943066,0.541920213395423,0,0
0.61994569386163,0.713442630828309,0,0
0.351318320358193,0.572703113175811,0,1
0.32236667513442,0.614910504301408,0,1
0.61020505874637,0.800514687659856,0,0
0.160323231988387,0.365598201658496,0,0
0.486738935757753,0.688640629430244,0,0
0.945634284986391,0.929342406593054,0,1
0.383914241978538,0.581174630942864,0,1
0.188962593245811,0.358861783040672,0,1
0.468838949642181,0.629443690975788,0,1
0.840907831453532,0.822177427546403,0,1
0.842667722595033,0.822647164810773,0,1
0.827803239459222,0.818515332535954,0,1
0.0114755126058134,0.147926560586654,0,0
0.267040309928295,0.502066887968579,0,0
0.999875787574262,0.932097327983138,0,1
0.119683277192487,0.358092556460376,0,0
0.490089496087633,0.691845781220951,0,0
0.790026150602685,0.865747903713258,0,0
0.122213910093856,0.365172083279167,0,0
0.662409180691248,0.792825247489268,0,0
0.488080445521324,0.689926439791668,0,1
0.194289982086187,0.371700883377818,0,0
0.87863002658272,0.887979481544202,0,1
0.18148739755773,0.425595964814763,0,0
0.639052859294775,0.795889911455752,0,1
0.740826878197929,0.793230278595573,0,1
0.562672886593228,0.704700126100279,0,1
0.628841568597191,0.789048758317511,0,0
0.118965396622004,0.356080551706874,0,0
0.308036987054531,0.570142187019117,0,0
0.586962207229679,0.682512867403068,0,1
0.395463716307511,0.653444862787048,0,0
0.663946081432801,0.793751660384031,0,1
0.851954644804298,0.825039423894653,0,1
0.190222089312184,0.361002475589056,0,0
0.903272700870335,0.923376480802538,0,1
0.383175850431093,0.582091956760375,0,0
0.943124330728255,0.929082154961308,0,1
0.617382313024965,0.711812358473973,0,0
0.7900955211459,0.865774283577247,0,1
0.514775428373226,0.618780794793968,0,0
0.531144694393309,0.633030181184913,0,1
0.327593898765972,0.622934344296713,0,0
0.129364707227355,0.335176741838189,0,0
0.383821911860424,0.581068055997166,0,1
0.214976480791678,0.396714235408277,0,0
0.0328652558819166,0.189908889871668,0,0
0.274886829825259,0.538496266412485,0,0
0.180576052666857,0.427379170272174,0,0
0.875530315038123,0.887292695927178,0,0
0.081236562431405,0.260772651901261,0,0
0.183895599081883,0.430672221243687,0,0
0.704030695536334,0.775758231687097,0,1
0.919225891020273,0.926015913631046,0,1
0.251458452231934,0.470406751786683,0,0
0.0213011314613816,0.175025849466243,0,0
0.9605044727551,0.930643366821551,0,1
0.682220640473951,0.767758404820287,0,0
0.310662696063856,0.574109752940162,0,1
0.47237344221524,0.663437785191271,0,1
0.599255873878763,0.715122509272049,0,0
0.373868572065342,0.601107875582491,0,0
0.874487796621177,0.887057819059192,0,1
0.726172588307627,0.784299263447965,0,1
0.954340704624211,0.930154132618723,0,1
0.351065522848212,0.572378765365447,0,0
0.937174088721781,0.928418265485403,0,1
0.479100574225744,0.669922735867316,0,0
0.642322638648471,0.704401791313493,0,0
0.736647204754887,0.791373127256228,0,1
0.80933796900568,0.830567692730717,0,1
0.396259367282694,0.654434877936627,0,1
0.447945978514771,0.589132730354538,0,0
0.817277026112751,0.833122642773718,0,1
0.717557203090955,0.780235842004565,0,0
0.940849209374644,0.928836105239733,0,1
0.979597871417841,0.931709359780924,0,1
0.178913336365847,0.423830901671867,0,0
0.227919411812755,0.415213118183487,0,0
0.715986447279047,0.781653887591901,0,1
0.747382734654243,0.796083389596044,0,0
0.603179554232525,0.795298145412691,0,1
0.877299764221511,0.88768686421407,0,1
0.251990462110739,0.44378459579134,0,0
0.339487394296792,0.627900760763488,0,1
0.494646848106909,0.635387237405374,0,1
0.315027088968568,0.591591826581938,0,1
0.545439089341804,0.619049366189704,0,1
0.682478079297944,0.767898077285073,0,0
0.220366901153695,0.475960309068858,0,0
0.485337453968381,0.687293742940825,0,0
0.992981357637478,0.932051425999547,0,1
0.324161303181235,0.617672280363141,0,0
0.035361919491314,0.204076292991162,0,0
0.817351729284013,0.833146167794588,0,1
0.503306783599662,0.576325289441088,0,1
0.0527838561185705,0.227923775233568,0,0
0.890305027224241,0.890410783758372,0,1
0.404514379980358,0.53223139488429,0,0
0.929273182140397,0.927434727893626,0,1
0.402078173800562,0.529833796631353,0,1
0.0768322847746808,0.317886765015638,0,0
0.245301144119993,0.460504118909601,0,0
0.350260505707203,0.571345058981859,0,0
0.750728292355225,0.797511209022178,0,1
0.184748152349284,0.432465736384639,0,0
0.430973653725874,0.522632564754142,0,1
0.873245419815969,0.886775356186647,0,1
0.533761091372783,0.635015323109907,0,1
0.103154719749057,0.27703762345458,0,0
0.0245224870546322,0.201166852267795,0,0
0.705809801161049,0.776650943374093,0,1
0.979127490958217,0.931691263313272,0,1
0.785165262952307,0.863877726043954,0,1
0.764726196845418,0.797597132700775,0,0
0.67544751567802,0.764043005012521,0,0
0.795502710298665,0.867803681258147,0,1
0.0400177856726437,0.202006510202317,0,0
0.264681631716854,0.480433579259253,0,0
0.695397535971552,0.773014152393319,0,1
0.866988329607744,0.885310472613531,0,1
0.674606871816824,0.763576403560379,0,1
0.176276127983432,0.418188297100897,0,0
0.936308459945693,0.92831618484416,0,1
0.903378700110853,0.923395583955485,0,1
0.0866787661401064,0.218107928769557,0,0
0.193000037574253,0.36571223214554,0,0
0.275193030610527,0.53900041848337,0,0
0.738411870604607,0.792160843898567,0,1
0.859373328300857,0.883432475590359,0,1
0.578322387451551,0.676578286714406,0,1
0.199645570651662,0.380813966919907,0,0
0.415089887621362,0.621498132582338,0,0
0.137859200264107,0.356483247674604,0,0
0.917396186858424,0.925737278730072,0,1
0.764530940410474,0.797519525238124,0,0
0.510213833806078,0.615181205321134,0,1
0.453575043170838,0.619255062921054,0,1
0.0978420783455699,0.324211550030657,0,0
0.318675356300327,0.597147200394879,0,0
0.120632795357396,0.360751252919996,0,0
0.78233806336226,0.862770303811225,0,1
0.544883706676195,0.618655156999816,0,1
0.227277381415159,0.414193505955134,0,0
0.224202839255936,0.483201600611731,0,1
0.260398197515786,0.473825260216937,0,0
0.308872752316256,0.571406702890092,0,1
0.38770513178141,0.585536595581245,0,0
0.297548932377237,0.483739853806793,0,0
0.67955589453315,0.766306006959447,0,0
0.0350736193050789,0.202442193921847,0,0
0.328110314931368,0.623723675721888,0,1
0.745291872858015,0.795181384408253,0,1
0.942807985075285,0.929048520400177,0,1
0.802732550157551,0.828359129890739,0,1
0.240826209571554,0.455160016418099,0,0
0.232915468383832,0.467174049584237,0,0
0.190336794717189,0.3611972684309,0,0
0.882497534858609,0.88881209852081,0,1
0.23785568724122,0.475749199548589,0,0
0.758180623413127,0.794960404935157,0,1
0.261049731404687,0.474832897019384,0,1
0.0330818434075156,0.191139373831069,0,0
0.733447700068766,0.787632530199799,0,1
0.726201809795201,0.784312831497799,0,0
0.0889591109610535,0.279759836757472,0,0
0.326701257929602,0.621568531133335,0,0
0.948365290189023,0.929612237319755,0,1
0.162948998582184,0.371055588548821,0,1
0.0866724726529101,0.218092809972364,0,0
0.594603888111626,0.711927601578961,0,1
0.930989865345972,0.927658323206677,0,1
0.133778307743091,0.345794333586327,0,0
0.513012293660018,0.617393484882094,0,1
0.683999214116958,0.766986737808573,0,1
0.171829759606827,0.421405599094314,0,0
0.0112598934921895,0.14516283341738,0,0
0.887683130479725,0.889886169980951,0,1
0.0352312706533595,0.203335829711377,0,0
0.257458283807675,0.451995775944732,0,0
0.651684031740668,0.709740198863783,0,1
0.285782933355762,0.481862059720357,0,1
0.00970759657481657,0.185023452870066,0,0
0.575451834464982,0.706072378735069,0,1
0.307792278334711,0.569771652602289,0,1
0.151514061852123,0.371457912444454,0,0
0.97128331173258,0.931328689982544,0,1
0.164972267898952,0.463365565920451,0,0
0.727235441143277,0.784791833211346,0,1
0.890724191493513,0.89049350525626,0,1
0.858715115726945,0.883265240649908,0,1
0.184257067158447,0.431432870049557,0,0
0.236808533694239,0.473936195060552,0,0
0.0183626365025724,0.117856544604611,0,0
0.931405467264854,0.927711628701441,0,1
0.887121176657306,0.88977211646541,0,0
0.595466168969543,0.712522585923696,0,1
0.109367655506854,0.33584663822947,0,0
0.173542646842502,0.425207618417149,0,1
0.576960370932608,0.675631525058966,0,1
0.251656973500145,0.470724678269949,0,0
0.300171833236048,0.537639126475689,0,0
0.170987348943018,0.419532850063709,0,1
0.189591719072765,0.359931487656543,0,0
0.463421154390451,0.624371444066252,0,1
0.509873972628436,0.58128343451576,0,0
0.511579889664733,0.616262703506267,0,0
0.997138799366921,0.932089711778156,0,1
0.12959581727014,0.335734051249912,0,0
0.756169888387735,0.794135902081041,0,1
0.793756747224893,0.867154185043838,0,0
0.584882598770521,0.681095637745071,0,0
0.462738180269325,0.623728376772843,0,1
0.893426637350279,0.891019226290798,0,0
0.828180219073125,0.818624727258554,0,1
0.0502909360287037,0.285159475801375,0,0
0.962983753087854,0.930820180222409,0,1
0.0073398917536438,0.140062236869734,0,0
0.573132204683942,0.704371303316151,0,1
0.572430816927073,0.703855123139393,0,0
0.834379664790517,0.820389337332218,0,1
0.384716067925376,0.582099492200475,0,1
0.0910408690459822,0.285994695309196,0,0
0.581687269368925,0.678904186766232,0,1
0.0248458603637313,0.203786236772264,0,0
0.361795760907161,0.514354514667182,0,0
0.985316802085323,0.931896385625026,0,1
0.86877886955502,0.885736874099751,0,1
0.152496741761205,0.373668336915415,0,1
0.798826089056082,0.869024715981288,0,1
0.810996919421527,0.831110556315606,0,1
0.928207219127176,0.927293123086628,0,1
0.224384266043985,0.483543204423106,0,1
0.49896747449996,0.639097597039369,0,0
0.827444091411076,0.818410889297752,0,0
0.667333784998198,0.795778771941391,0,0
0.59393614338377,0.711465979145507,0,0
0.651975820770742,0.70990431868752,0,1
0.238516012799013,0.451385754209182,0,0
0.0255400848757907,0.203015972594808,0,0
0.736257257446534,0.791198346998851,0,1
0.326791825330878,0.621707189226214,0,0
0.376756886920146,0.574613003306661,0,0
0.612616054149554,0.802283411993434,0,1
0.657165042363517,0.789632366388256,0,1
0.202898900622842,0.486417094448307,0,0
0.826031537845419,0.835814061225656,0,0
0.380206605245479,0.578642011965439,0,0
0.631744408501391,0.79101295840954,0,0
0.96641141565231,0.931045756668654,0,1
0.564786235266636,0.698174206939393,0,1
0.358911141788857,0.553881195533618,0,0
0.618970108740142,0.71282346482107,0,1
0.50179311806317,0.575173132873903,0,0
0.452376247777852,0.618097156962526,0,0
0.732270734756269,0.787099360796458,0,0
0.924510149984103,0.926785582969129,0,0
0.47927141528359,0.67008634307472,0,1
0.0882301510000958,0.221831630904177,0,1
0.569653556684074,0.7018029015068,0,1
0.244950855114834,0.461870102027106,0,1
0.0395779114753692,0.199830898734498,0,0
0.788140206643683,0.865027387107971,0,1
0.272768236664788,0.53500222125987,0,0
0.777070492942384,0.86066836336822,0,0
0.488208943088205,0.690049425544942,0,1
0.317935891075115,0.59602358209414,0,1
0.314025450050897,0.579168998136701,0,1
0.0420247600861144,0.213741585495012,0,0
0.534399836904551,0.635498272190912,0,1
0.82355155599676,0.835065046825627,0,1
0.083895352499378,0.211411189170709,0,0
0.108558705608718,0.333505148321165,0,0
0.529255926867717,0.630603935778726,0,0
0.660141809623597,0.791450803449198,0,1
0.694745992336662,0.77267558334999,0,0
0.313221695146886,0.57796200323181,0,1
0.0377777758061465,0.190917068333653,0,0
0.414562879692395,0.620915459547252,0,0
0.226044170875294,0.412232659695392,0,1
0.00111483025240666,0.0374090257234079,0,0
0.685716572225737,0.767909040334208,0,1
0.952062539054533,0.929955382520556,0,1
0.391151760535028,0.589479071883777,0,0
0.300298429371463,0.537825815371444,0,0
0.553751812610295,0.697831759763844,0,0
0.851976258064881,0.825044821641963,0,0
0.794967424692923,0.86760514257336,0,1
0.684756704978577,0.767394165759577,0,1
0.432107091299706,0.523628526679954,0,0
0.690434019854314,0.770416667452889,0,0
0.216025351251607,0.398415560015844,0,0
0.283943437846247,0.479274213342978,0,1
0.777820610900384,0.860970755045858,0,1
0.929980136346357,0.927527472938628,0,1
0.19004950361669,0.360709338382084,0,0
0.296063289418233,0.481744598993277,0,1
0.00621026719051609,0.118573548540241,0,0
0.431562245280402,0.523150013375502,0,1
0.210295071752601,0.462032771089357,0,0
0.641424782553621,0.70388234151751,0,0
0.709589215678108,0.778529499396096,0,0
0.118777714398485,0.355554264068318,0,0
0.0821440020319316,0.263560865077535,0,0
0.906335069580336,0.923919941282485,0,1
0.389238754740964,0.587293600618559,0,0
0.533403497266014,0.634744660709291,0,1
0.963241564913671,0.930837908700313,0,1
0.759054012216335,0.795316411584249,0,1
0.32554029759899,0.619789456491137,0,1
0.0858493011202935,0.2161144131952,0,0
0.536024016688411,0.636723316011472,0,1
0.336125442937331,0.557174089405824,0,1
0.0216854045261019,0.178148717078972,0,0
0.771152333253779,0.800115366125419,0,1
0.384909129853983,0.582321998387112,0,0
0.571321150058736,0.703036742565383,0,1
0.75574285579623,0.793959918206496,0,0
0.940847419901046,0.928835907914019,0,1
0.612322338684623,0.802068527135857,0,1
0.315396178780143,0.592155204431907,0,0
0.110076507847018,0.337896650187871,0,0
0.0739188879112722,0.30629614844339,0,0
0.319690773872729,0.598688142643055,0,0
0.660839138956005,0.791874492989717,0,1
0.69515206472769,0.772886680307458,0,0
0.207718040062988,0.457027992260473,0,0
0.0827959385883474,0.265562314816588,0,0
0.305510661286031,0.545482872468921,0,1
0.547574559854573,0.620560634036447,0,0
0.754669674474865,0.799168892265006,0,1
0.529657320570043,0.63090995876881,0,1
0.286983752747075,0.433837943967174,0,0
0.624179723263911,0.716111411254526,0,1
0.264836655176196,0.480672023830427,0,1
0.652692914334523,0.710307071172164,0,0
0.841898007826738,0.822442361074933,0,0
0.638947820368432,0.795820511047924,0,1
0.565631468976734,0.698807275293349,0,0
0.307142109270861,0.547867795188574,0,0
0.876777039937961,0.887571007785446,0,1
0.9888218847173,0.931980876557753,0,1
0.777479431209941,0.860833343173756,0,1
0.573643857570419,0.704747315195332,0,0
0.141279332641002,0.372906898328593,0,0
0.314929022392604,0.591442086925055,0,0
0.366859318591184,0.519941148289441,0,1
0.291895221027466,0.439997524666899,0,0
0.445952814748928,0.587264551184004,0,1
0.610632516867646,0.800829074491736,0,1
0.212914590515164,0.393363106936109,0,0
0.249759754286704,0.467682884633549,0,1
0.112150483221097,0.309650015327015,0,0
0.307588589174802,0.569463129499161,0,0
0.497448278584643,0.637796611514319,0,0
0.489807784710088,0.691577103912709,0,1
0.995577211846396,0.932079109556786,0,1
0.981108563063627,0.931764689509015,0,1
0.436562771681143,0.636958041917831,0,1
0.972020621790317,0.931367654056311,0,1
0.214397904175814,0.395774779405406,0,1
0.541120886108953,0.640539853873363,0,1
0.453435314469732,0.619120230841174,0,1
0.967608897512546,0.93111940119324,0,1
0.836176223135358,0.820888592140968,0,1
0.214146924780741,0.395367039744453,0,1
0.439539102155391,0.64007974631554,0,1
0.168476971646447,0.47230561780484,0,0
0.52908721045525,0.630475228280757,0,0
0.793484674167033,0.867052476919966,0,1
0.0358791489660167,0.181497447235397,0,0
0.19135887753572,0.362931752170692,0,0
0.977455564393016,0.931623602420191,0,1
0.960797306020645,0.93066484743088,0,1
0.556591659102102,0.70003321560056,0,1
0.646090721495939,0.706567593933649,0,1
0.272093014293274,0.533886482804913,0,0
0.95209108571284,0.929957932826244,0,1
0.66977480632724,0.760870944806172,0,1
0.666807995138762,0.795465499767466,0,0
0.0111033333699229,0.143155725136868,0,0
0.852969849849693,0.825292112761384,0,1
0.778326218680202,0.861174003415955,0,0
0.684923996904807,0.767484014437019,0,0
0.740781813019585,0.793210413259634,0,1
0.156572424598377,0.382808769408222,0,0
0.71877505284865,0.780817875880961,0,1
0.0968184106932101,0.320992156182102,0,0
0.706949448038634,0.777219962118443,0,0
0.00263179612550324,0.0882450150868769,0,0
0.776205787460381,0.802046700421744,0,1
0.491557184781539,0.632714436794338,0,1
0.204386866297865,0.489578552323235,0,0
0.729246614445395,0.785718651826549,0,0
0.315654131783161,0.592548763041548,0,1
0.883817589997512,0.889090115066699,0,1
0.180233525232222,0.426648798366442,0,0
0.938550654286025,0.92857772221065,0,1
0.970750148053162,0.931299882904714,0,0
0.304485244052331,0.543981001579229,0,1
0.862486399704301,0.884212846234702,0,1
0.84217911886701,0.822517274241252,0,1
0.424612710094603,0.569317261512243,0,0
0.363684407852785,0.516443466445374,0,0
0.282437473235045,0.477150630685386,0,0
0.993236784465546,0.932054707221039,0,1
0.2557510269519,0.44943840915831,0,1
0.920675597759122,0.926232249593844,0,1
0.428335213759722,0.520306451846125,0,0
0.935427012341409,0.92821080335344,0,1
0.838844834198183,0.821620134846334,0,1
0.155777325615513,0.381029080198262,0,0
0.574283354350883,0.705216645031438,0,1
0.673503014685686,0.762961871866607,0,1
0.405820405999045,0.533512693100929,0,0
0.00487704448222659,0.16334512917121,0,0
0.32533132976896,0.619468905269575,0,0
0.838944947973249,0.821647345083498,0,1
0.0628239802172694,0.241413078536542,0,0
0.105419746439317,0.282782620705717,0,1
0.701787346511916,0.774624901672803,0,0
0.514158267756188,0.618295758786289,0,0
0.498166824994512,0.63841244009689,0,0
0.373609718926406,0.600787310280135,0,0
0.603513616671319,0.795548301810523,0,1
0.851468766877038,0.824917871584915,0,1
0.276923056468993,0.541844863284588,0,1
0.844761362843635,0.823199178442792,0,1
0.416619148572118,0.623185950741441,0,0
0.500984012393941,0.574555828183527,0,1
0.72962337856818,0.785891515016745,0,1
0.258721707506607,0.471228383979539,0,1
0.92163691865614,0.926373544620398,0,1
0.702069464228848,0.774767896731389,0,1
0.618930423097489,0.7127982442853,0,0
0.273008837311918,0.535399539909901,0,1
0.695848456359446,0.773248045707879,0,1
0.257214748453455,0.451631333957906,0,0
0.816452670327477,0.832862403395474,0,1
0.0114724550229061,0.147887373817089,0,0
0.16653764361154,0.467363286193954,0,0
0.557828988762059,0.700988000734407,0,1
0.712280999602502,0.779852638858248,0,1
0.49248065391311,0.633515016840057,0,1
0.87780950147995,0.887799367886463,0,1
0.975869937562914,0.931554619446538,0,1
0.464277067544243,0.625176190488256,0,0
0.767986979482806,0.798883662262793,0,1
0.494772133833527,0.635495275664487,0,0
0.665098778335821,0.794443708770312,0,1
0.224874979967366,0.484466756692872,0,0
0.109541717216268,0.336350178585026,0,0
0.97900893757419,0.931686637250719,0,1
0.814994659705985,0.832399258519349,0,0
0.285383532449531,0.481300738696386,0,1
0.585828384427921,0.681741062419163,0,1
0.380071205278791,0.578484296742893,0,1
0.176338040769866,0.418320973894176,0,0
0.418835143052493,0.563630248299819,0,1
0.297187794196728,0.483255224206735,0,0
0.0166241065329059,0.106791780716152,0,0
0.38736830699881,0.585150119952621,0,1
0.920913003804752,0.926267303746353,0,1
0.828200258707449,0.818630535796124,0,1
0.574074755196551,0.705063630504309,0,1
0.318646864780383,0.597103930072173,0,1
0.231264294885438,0.420511436972323,0,1
0.956019583630934,0.93029440789075,0,0
0.564610099068712,0.698042128413079,0,0
0.217605303559123,0.400974034237476,0,0
0.249482051098623,0.467236999552684,0,0
0.959596202530919,0.930575724351903,0,1
0.238814133296392,0.451873450210692,0,0
0.106714088355538,0.328157988929055,0,0
0.183961939752669,0.430811849281603,0,0
0.766224806917919,0.798190633411107,0,1
0.708764255931261,0.778121525870912,0,0
0.437941924777124,0.638406613109026,0,1
0.793804507116425,0.867172025123385,0,1
0.517512692142619,0.620924621186536,0,1
0.413598161129107,0.619847483268978,0,0
0.11744193622759,0.351805314017017,0,0
0.883911065936349,0.889109682931345,0,0
0.275593214410317,0.539658990273831,0,0
0.61626072332986,0.711095597500402,0,1
0.984579778960706,0.931875705259681,0,1
0.189418022043754,0.359636233007481,0,0
0.965187991793043,0.930967756044193,0,1
0.652715368425695,0.710319669001721,0,0
0.128731604596548,0.333649291151326,0,0
0.771927146073048,0.800414283972346,0,0
0.951775778257094,0.929929679562745,0,1
0.562780549689425,0.704782169291669,0,0
0.688555199758148,0.769422497943828,0,0
0.0263478788699828,0.209351373468499,0,0
0.989075685507947,0.931986105264195,0,1
0.318457119813683,0.596815716566458,0,0
0.0239037793662193,0.196152783417509,0,0
0.808564150474388,0.830312851103924,0,0
0.973252551767068,0.931430495703097,0,1
0.737588509916681,0.79179396882392,0,1
0.00273580604540036,0.0917277260827881,0,0
0.0633605113740353,0.243407367280958,0,0
0.584269405227581,0.680676394497513,0,0
0.335715107755603,0.556631141809776,0,0
0.881833480751797,0.888671054765045,0,1
0.873669369356938,0.886872056727667,0,1
0.987518908704442,0.931952142440037,0,1
0.715831969072594,0.781579260854672,0,1
0.876883699808652,0.887594687837493,0,0
0.319650111862053,0.598626480370432,0,0
0.111176951919806,0.341075917637399,0,1
0.86536410578238,0.884918679192028,0,1
0.303472597961525,0.542495661203972,0,0
0.419332298166886,0.564121845588311,0,0
0.646030257071573,0.706533021527142,0,1
0.605099134155513,0.796732713973414,0,1
0.42092308451488,0.565692021264005,0,0
0.386150511870594,0.583751038035799,0,1
0.122681041859006,0.2528083131216,0,0
0.533861884303417,0.63509157562773,0,0
0.232854097243996,0.4670671741637,0,0
0.754807851100461,0.799226527836117,0,1
0.6748705841645,0.763722907681204,0,1
0.0719269648092145,0.322197924738393,0,0
0.9892646847358,0.931989920947557,0,1
0.780456935574341,0.862025439069673,0,1
0.227825886890598,0.415064643444672,0,0
0.0307428183496971,0.177836247157502,0,0
0.478371831071699,0.66922424685795,0,0
0.352742437501074,0.546407692923954,0,0
0.546511499364228,0.619809197975821,0,1
0.659663955424921,0.791159962065225,0,1
0.797219807358738,0.868437053813963,0,1
0.0135443468391276,0.174413486010149,0,0
0.714295513878878,0.780834807149832,0,0
0.295313966101899,0.480736640200777,0,0
0.986402575637417,0.931925006933844,0,1
0.846241730587782,0.823585032370964,0,1
0.560401181084782,0.702964294113507,0,0
0.597765685376839,0.714103086263042,0,0
0.192075673004557,0.364146853492549,0,0
0.226251588587066,0.412562679569083,0,0
0.154013178337951,0.377074358764793,0,0
0.377813547464442,0.575849478317016,0,1
0.111955444341581,0.309143443731322,0,0
0.511272893634262,0.616019919736246,0,1
0.638477955401547,0.795509818747709,0,1
0.122212378236983,0.365167804025111,0,0
0.344196358930268,0.634804920803288,0,0
0.0703478796852078,0.315382474867037,0,0
0.525761187272069,0.627928511870139,0,0
0.650289769203005,0.708954082334329,0,0
0.615472141375103,0.71059039170661,0,1
0.813869562809485,0.832039360577372,0,1
0.23556623650242,0.471782097447027,0,0
0.618181841840446,0.71232202298769,0,0
0.302828519232641,0.541549807832361,0,0
0.0887677060791423,0.223120417440547,0,0
0.305261471565813,0.545118102129961,0,0
0.0713564749446162,0.319736984498168,0,0
0.958574211019671,0.930497773850229,0,1
0.727165434926929,0.784759448380282,0,1
0.101460857824004,0.272731829933859,0,0
0.786269322348594,0.864306258338285,0,1
0.352155360096532,0.545692707824584,0,1
0.911435140323792,0.924786218404223,0,1
0.495497434747113,0.636120201550575,0,0
0.872692722984872,0.886648802614021,0,1
0.220529794743724,0.476268537563773,0,0
0.367192325903266,0.520306996382291,0,1
0.366836942158383,0.519916558218621,0,0
0.0971326816032853,0.321980914005753,0,0
0.331014434065795,0.550387365947367,0,0
0.6597098038388,0.791187884986651,0,1
0.466543491373741,0.62730092197883,0,0
0.879231569744431,0.888110755458739,0,1
0.269670266390348,0.506242066861852,0,0
0.354819348721649,0.548931901898832,0,0
0.320354290150612,0.599693817150124,0,1
0.551737970621708,0.623486608247459,0,0
0.188219415606288,0.357597086304923,0,0
0.173244271508173,0.424545894189285,0,0
0.939481924208454,0.928683594106208,0,1
0.37664771374633,0.574485132284502,0,0
0.58709813488305,0.68260525274396,0,1
0.0551520850188238,0.237860285064452,0,0
0.140857996899367,0.371879060970286,0,0
0.0963585518612433,0.319544730100311,0,0
0.812115567958146,0.831473937152867,0,1
0.103146782583464,0.277017466142178,0,0
0.516316045679549,0.619988899125212,0,1
0.155577897992074,0.380582433491451,0,0
0.278816755428849,0.544950620861975,0,1
0.88260200250307,0.888834214880338,0,1
0.631593765130911,0.790911405317939,0,1
0.96366271021307,0.930866602311206,0,1
0.599714365615993,0.715435397701659,0,1
0.00951971621655801,0.18145964572006,0,0
0.415641005520422,0.622106900882778,0,0
0.0224417543586798,0.184291754308317,0,0
0.313984328046946,0.579107279726273,0,0
0.481624930720742,0.683708091964701,0,0
0.575459341123808,0.706077868615787,0,0
0.23865020292893,0.45160529978242,0,0
0.558286578447652,0.701340423905275,0,1
0.394920134107234,0.652767742904889,0,1
0.506582187506927,0.578806427118795,0,1
0.195967014542522,0.374561062231566,0,0
0.156751610003431,0.383209612876005,0,1
0.754517007602386,0.799105174834309,0,1
0.329973228805519,0.548998405510115,0,0
0.644195692538216,0.705481244315475,0,1
0.565455596590542,0.698675650705643,0,1
0.899530915886071,0.892158273437024,0,1
0.880683617907015,0.888424946412139,0,1
0.443111400326783,0.643804696055852,0,1
0.204735086492257,0.490317557478562,0,0
0.632192375291826,0.791314700499487,0,1
0.63683597534655,0.794420906831954,0,1
0.692417503378603,0.771459691597621,0,1
0.9074732027348,0.924117462942237,0,1
0.782580978044598,0.862866022742166,0,0
0.625290935855847,0.716806874305232,0,0
0.60096559539809,0.7936349388754,0,1
0.212759036068142,0.393109932357924,0,0
0.651365361997868,0.709560802565935,0,0
0.814500170776605,0.832241349309974,0,1
0.922322480852896,0.926473256233999,0,1
0.916650112080933,0.925621872150344,0,1
0.561098805872637,0.703498312756038,0,0
0.259833975740488,0.472951939403132,0,0
0.333797456823717,0.554089295563105,0,1
0.99776236556882,0.932092675345505,0,1
0.525597788217819,0.627802936264778,0,1
0.815906672837822,0.832689393559878,0,1
0.597016187784572,0.713588932375835,0,0
0.506930387328327,0.579069225206427,0,1
0.348539615305698,0.56913100013022,0,0
0.537770528231302,0.638035852384324,0,1
0.00673470699420331,0.128552932124852,0,0
0.876685806596574,0.887550736376959,0,1
0.561486481532679,0.703794704560057,0,0
0.0242814253246786,0.199213641987505,0,0
0.818174745331165,0.833404709675994,0,1
0.135354390862073,0.350476987207634,0,0
0.0306386980908697,0.17724331943522,0,0
0.462335404135116,0.623348751783803,0,0
0.960656695286996,0.930654552965204,0,1
0.0936142484639902,0.293682244732142,0,0
0.0655985161350432,0.251713723773864,0,0
0.879935576221924,0.88826356144007,0,1
0.821372041543288,0.834398027866077,0,0
0.819969422245084,0.833964439525034,0,1
0.467818047815372,0.628491838407573,0,1
0.427492094560531,0.519560868727796,0,0
0.401068305434496,0.528837062340599,0,1
0.582215042139307,0.679267307401292,0,1
0.728970669376111,0.785591892725602,0,1
0.784292002349626,0.863537212704644,0,1
0.654799187560418,0.788175811166699,0,1
0.562466164676013,0.704542539858545,0,1
0.412392608220297,0.618510423488341,0,1
0.319915062043855,0.599028200232349,0,0
0.286247792826185,0.432911292530395,0,1
0.296176718403075,0.481897085529166,0,0
0.682752866164443,0.768047036968924,0,1
0.762441182159579,0.796684889129154,0,1
0.597619786989976,0.714003075279501,0,1
0.222863892253561,0.480678061267961,0,1
0.194395020504723,0.371880201342662,0,1
0.765686118770754,0.797977731132734,0,0
0.978693818975045,0.931674213653244,0,1
0.0159099615925625,0.10224097736592,0,0
0.24889814198258,0.466298926639294,0,0
0.792312871770748,0.866612893759839,0,1
0.719165297753355,0.781003849359874,0,0
0.245979957739435,0.461599815297305,0,1
0.554892381075845,0.698717619985251,0,0
0.585585794099021,0.681575653887051,0,1
0.72138427664723,0.782056407624771,0,1
0.463673711212701,0.624609036581782,0,0
0.404848471522723,0.532559428642655,0,1
0.30800947082089,0.570100528872372,0,0
0.238308908406823,0.476533118739899,0,0
0.092503358150604,0.290366315467274,0,1
0.645883387417642,0.70644901965917,0,1
0.669570448540236,0.760755646540805,0,1
0.687343473916847,0.768778127549588,0,1
0.00314572046437245,0.105449932829183,0,0
0.438253032520986,0.638732889369342,0,0
0.122553364911363,0.252562385431192,0,0
0.526609335706307,0.628579636713577,0,0
0.979739620901874,0.931714732286993,0,1
0.499277010963338,0.639362190071374,0,1
0.374649979273521,0.602074771317776,0,1
0.813839992394595,0.832029872113204,0,1
0.9682014382447,0.931154853506939,0,1
0.287123377528795,0.434013638458625,0,1
0.803000039746501,0.828450027901177,0,1
0.99614143736327,0.932083464827692,0,1
0.111824239751608,0.308802605388521,0,0
0.531047354587222,0.632956112106721,0,0
0.813526579485,0.831929212488396,0,0
0.376294183656898,0.574070900182556,0,0
0.445774526274725,0.587097114519591,0,1
0.750902559664567,0.797585061348986,0,1
0.0983463789484202,0.325796212936316,0,0
0.360526304996461,0.51294694450112,0,0
0.563706255286456,0.705486757063986,0,0
0.238585595942584,0.451499602517346,0,0
0.839953771722033,0.821920592783638,0,1
0.765850992289939,0.798042945079579,0,1
0.965542579592339,0.930990650306967,0,1
0.522988075013729,0.625791453929421,0,0
0.106524657990593,0.327608244114289,0,0
0.936617023061487,0.928352732855299,0,1
0.834235989496349,0.82034917552339,0,1
0.544418161003238,0.618324343021171,0,1
0.836302277385404,0.820923417570946,0,1
0.881690919353942,0.888640671373678,0,1
0.776081137366898,0.801999580260133,0,1
0.571253977042417,0.702987134300913,0,0
0.615298721466082,0.710479150955529,0,1
0.844390682643359,0.823101982847607,0,0
0.622216636313934,0.714877761842958,0,1
0.206479959187632,0.454617752604283,0,0
0.69148842355397,0.770971965310798,0,1
0.532013750077382,0.633690792949303,0,1
0.26324705890019,0.478224649873435,0,0
0.00078654152963642,0.0263973682880191,0,0
0.235497761299914,0.471663262087034,0,1
0.673566697976032,0.762997381757062,0,1
0.878320199680945,0.887911613972238,0,1
0.830702569240568,0.819350512598096,0,1
0.10810738558851,0.332197887377945,0,0
0.0711249795228382,0.318737944011353,0,0
0.761592311879005,0.796343749552558,0,0
0.284833372118307,0.4805270254019,0,0
0.271803052496621,0.509616944076426,0,0
0.0020003006084317,0.0670919619507934,0,0
0.098539010640553,0.326401285296839,0,0
0.135597047392353,0.351059613433403,0,0
0.159360206229197,0.36359236723919,0,0
0.445313602615365,0.586663996044019,0,0
0.81413581472382,0.832124726790212,0,1
0.812298115368448,0.831533030971113,0,1
0.909989621682448,0.92454561254227,0,1
0.443592038620334,0.585043101390346,0,1
0.708710507945013,0.778094905320872,0,1
0.488334118120449,0.690169201593864,0,0
0.049842558134521,0.282682079086332,0,0
0.0804314339695471,0.2582964947791,0,0
0.245942335216139,0.461539113298451,0,1
0.981621728623017,0.931782516365365,0,1
0.691917229276785,0.771197252353831,0,1
0.26800758185732,0.503604222234176,0,1
0.706263244551316,0.776877609451978,0,0
0.66134613438157,0.792181991411279,0,1
0.0432901608739075,0.220035227585817,0,0
0.361487584641738,0.514013066529486,0,0
0.773727983402294,0.801105119237124,0,1
0.0785229148341036,0.252418216419792,0,0
0.884384116775872,0.889208467895715,0,1
0.930868296254558,0.927642669771039,0,0
0.85308551238989,0.825320791328511,0,1
0.117377604100948,0.351624618311168,0,0
0.565173481701912,0.69846440191935,0,1
0.707559947832223,0.777523872498855,0,0
0.887980089940176,0.889946210662499,0,1
0.0957760292998129,0.3177101567056,0,0
0.815770584549328,0.832646191355989,0,1
0.278016331668782,0.543638881024355,0,1
0.592287385765914,0.710322913210395,0,1
0.71979570937392,0.781303730133191,0,1
0.777019149360418,0.860647628192436,0,0
0.294664848998869,0.479862607816031,0,1
0.607376538948875,0.798425675087965,0,1
0.28747287420233,0.434453270850823,0,0
0.99831675028447,0.932094701425219,0,1
0.814505607942351,0.832243087896587,0,0
0.413977916269367,0.620268094989997,0,1
0.879142185664236,0.888091290555628,0,1
0.732501115108454,0.787203908801605,0,1
0.928746930727756,0.927365084268215,0,1
0.171610694246924,0.420918781747611,0,1
0.294835004920874,0.480091799596616,0,0
0.0937366760746422,0.294047434045386,0,0
0.317981031678713,0.59609220822672,0,1
0.381188613746538,0.579784834197649,0,0
0.632712539618754,0.791664612666358,0,1
0.471519938348583,0.662609059528818,0,0
0.717668980777047,0.780289367541767,0,1
0.269223533501714,0.50553391564461,0,0
0.173056719182184,0.424129826295055,0,0
0.379122602775365,0.577378388998042,0,0
0.438081437427855,0.638552950245584,0,1
0.422126567815834,0.566877049814924,0,0
0.913569686661525,0.925134389669926,0,1
0.269567018346954,0.506078438794299,0,0
0.352043402695157,0.545556284451487,0,0
0.215209660163327,0.397092661593188,0,0
0.371923011404273,0.598695236812227,0,0
0.389855390831109,0.587998811715686,0,1
0.575427057111874,0.706054257505885,0,0
0.278364978622443,0.544210424858453,0,0
0.259492308507848,0.472422771999318,0,0
0.719061395056524,0.780954359151144,0,1
0.910178707572544,0.92457730723685,0,1
0.122096819563442,0.364844968443775,0,0
0.182288970749985,0.427287264462862,0,0
0.133109644875903,0.344189231021854,0,0
0.683607682804497,0.76850960136365,0,1
0.21400977270766,0.395144168253589,0,0
0.604571603306374,0.796339165077581,0,1
0.201678734802983,0.48382021878613,0,0
0.817757193693124,0.833273686118618,0,1
0.316107132258198,0.59323954642275,0,1
0.669616764685876,0.760781784271123,0,1
0.148733562802561,0.402564266021673,0,0
0.30594544708616,0.546119009784576,0,1
0.297241445301676,0.48332723709328,0,0
0.635079932545049,0.793250891374858,0,1
0.680880527123337,0.767029503041108,0,0
0.845248646503824,0.823326595831477,0,1
0.183346906768923,0.429516946510372,0,0
0.760429764306438,0.795874576611216,0,0
0.71193940227936,0.779685410158209,0,1
0.557543914077473,0.700768259462792,0,0
0.650162986315684,0.708882443529028,0,0
0.0899951030326972,0.282864412426479,0,0
0.146875815722571,0.397934990431235,0,0
0.415571720716636,0.622030399989916,0,1
0.711370688301025,0.779406556505278,0,1
0.167821163623594,0.47063559497209,0,0
0.388979139224308,0.586996480247917,0,0
0.497945953887426,0.638223236809108,0,1
0.935045726913209,0.928164769995211,0,1
0.0551962486545056,0.238045348630834,0,1
0.829007490948596,0.818863950749582,0,1
0.984159845898785,0.931863469370816,0,1
0.267272613519889,0.50243628506609,0,0
0.890057303774091,0.890361746981956,0,1
0.290300138775409,0.438001765112869,0,0
0.799007498196632,0.869090791253422,0,0
0.459857367999236,0.625281612028255,0,1
0.59760864887687,0.713995438793062,0,0
0.236667376765102,0.473691610568223,0,1
0.687614962160815,0.768922716807754,0,1
0.14868486611323,0.402443048701775,0,0
0.559686499001773,0.702416338934932,0,0
0.494328930544013,0.635112965751318,0,0
0.83720599594942,0.82117230591884,0,1
0.481468515373733,0.683556456188701,0,0
0.784730959986729,0.863708549538954,0,1
0.400294306735776,0.52807199144643,0,0
0.307905933430905,0.569943763804946,0,1
0.787227136377607,0.864676237984397,0,1
0.418464263911425,0.563263241317396,0,0
0.496766061213335,0.637211103211482,0,1
0.577322531324329,0.675883567100524,0,1
0.819665737889329,0.833870115691078,0,1
0.581319974626719,0.678651208426761,0,1
0.40614290268081,0.533828650648149,0,1
0.160586828509243,0.366146831846692,0,0
0.702111304914109,0.774789092705872,0,0
0.883232821651835,0.888967344638718,0,1
0.108378887904152,0.332984380653646,0,0
0.466213975813082,0.626992566705096,0,0
0.934535505179035,0.928102745917192,0,1
0.563509167475171,0.705336871580682,0,0
0.54525351410703,0.618917698912538,0,1
0.0634755498781429,0.243834817236668,0,0
0.535300179628837,0.636177887925452,0,0
0.654541303819938,0.788016437778472,0,1
0.146591845633145,0.397226482961064,0,0
0.956364727646847,0.930322594542964,0,1
0.196150791943343,0.374874132271134,0,0
0.673925993557942,0.763197595682742,0,1
0.2743411534082,0.537597295731167,0,1
0.108430833831875,0.333134831354211,0,1
0.260900803694882,0.474602649549455,0,1
0.334151833518075,0.554559573771009,0,1
0.464731877231023,0.625603288822112,0,1
0.234356443401487,0.469680993517733,0,0
0.727503886658608,0.784915938901327,0,0
0.807191102024009,0.829858124444981,0,1
0.790975596046949,0.866108197045432,0,0
0.715748548391234,0.781538944359519,0,0
0.269643246161023,0.506199247288264,0,1
0.210457791040676,0.462348236236444,0,0
0.109128328241415,0.335154131490447,0,0
0.396681101402753,0.654959105908993,0,1
0.0872666401760328,0.219519714795133,0,0
0.655389656482475,0.788540275561547,0,0
0.949828914362418,0.929751124878727,0,1
0.755633280579152,0.793914711653008,0,1
0.116891727098392,0.350259464404187,0,0
0.020481248718402,0.168358817837839,0,0
0.334888829786347,0.555536808785937,0,1
0.992876156759037,0.932050039223342,0,1
0.312831747977001,0.57737591222386,0,0
0.737507798794128,0.791757943315181,0,1
0.716529376591393,0.781915848886687,0,1
0.572557597695281,0.703948489081576,0,1
0.367646057669637,0.593365185132709,0,1
0.208265694030088,0.458092939583217,0,0
0.979999216443636,0.931724474212663,0,1
0.0658937700051255,0.252808075069174,0,0
0.2362277519371,0.472929576956572,0,0
0.308899470510117,0.571447102405749,0,1
0.909503353482305,0.924463797860155,0,1
0.713369263019098,0.780384074330849,0,1
0.265371850238013,0.499410349439836,0,0
0.164501302938663,0.46216132847309,0,0
0.880497413526531,0.888384868353276,0,1
0.79378313243184,0.867164041401768,0,1
0.0383874319764044,0.193937805436223,0,0
0.879300843596585,0.888125831112232,0,1
0.587939745210461,0.707286530493778,0,1
0.457537196986372,0.623064019420746,0,1
0.673851876883256,0.763156312946014,0,1
0.0394427985353876,0.199162431986796,0,0
0.330321203469662,0.549462841568093,0,1
0.088048417809352,0.221395754263543,0,1
0.68363746478105,0.76852569469768,0,1
0.398011715216297,0.656610697013074,0,0
0.478954091773941,0.669782413124666,0,1
0.289803339192372,0.437379254644815,0,1
0.788294520112325,0.865086583900681,0,1
0.0465126822677516,0.26424711781161,0,0
0.281125646363858,0.475297168635444,0,0
0.590595861758878,0.709145384190787,0,0
0.790133502434539,0.865788723208421,0,0
0.601599335911954,0.794111973142056,0,0
0.730488668653635,0.786287607617833,0,1
0.0235279148778281,0.193105187752487,0,0
0.254923589308543,0.448196844937288,0,0
0.0420917598423728,0.214075026421287,0,0
0.500012398468789,0.573813214611901,0,0
0.989140296140773,0.931987417171828,0,1
0.0135305081052189,0.174236495456158,0,0
0.440879038337256,0.64147973216308,0,1
0.00478641810588454,0.160317093846659,0,1
0.612888619329347,0.708927991025163,0,1
0.18335872612807,0.429541840419917,0,0
0.712741783790528,0.780077901040267,0,1
0.159648511972948,0.364193104850357,0,0
0.82857565523036,0.81873922018897,0,0
0.206178163734232,0.493376658433363,0,0
0.352216273831951,0.545766923093231,0,0
0.230578471923269,0.419426963242392,0,0
0.807684492451646,0.830021899733994,0,1
0.490269955589706,0.631596075208243,0,0
0.873833505886624,0.886909408365579,0,1
0.130085972698104,0.33691554498219,0,0
0.498958110365038,0.639089589990459,0,1
0.776613633982084,0.860483692463401,0,1
0.981210168791137,0.931768258167345,0,1
0.673377730194541,0.762891992843515,0,0
0.183001179786954,0.428788617658712,0,0
0.759772955548003,0.795608497303443,0,1
0.0746352151228611,0.309149360258955,0,0
0.76277246372078,0.796817692738177,0,1
0.827815230921972,0.81851881599889,0,1
0.559209716111827,0.702050288884304,0,1
0.492720829808228,0.633722993254407,0,1
0.936527422676944,0.928342138351271,0,1
9.69506876747905e-05,0.00325491493366751,0,0
0.00956689437851066,0.182354607895298,0,0
0.25195142314544,0.443725753295543,0,0
0.505676463258618,0.578121977741644,0,0
0.54041665049609,0.640015031975098,0,0
0.371292424024707,0.597911655755672,0,0
0.292711375195187,0.441016956312059,0,0
0.202367346473945,0.485286277460784,0,0
0.800281894396124,0.827520609495787,0,1
0.315922904581942,0.592958671621801,0,0
0.492467985547119,0.633504044141099,0,1
0.811290891704003,0.831206258973285,0,1
0.612358942460115,0.802095315668578,0,1
0.408608496177125,0.614295687034126,0,1
0.176904222360427,0.419533817342109,0,0
0.3976520898471,0.656164680619289,0,1
0.485212653730118,0.687173626259932,0,0
0.990584592564105,0.932014712030647,0,1
0.284195075920586,0.479628616832403,0,0
0.165639676479232,0.465070938468511,0,0
0.220575513515444,0.476355035397534,0,0
0.211467344356853,0.46430401224052,0,0
0.0760476905747616,0.314768939917407,0,0
0.364907698423454,0.517793192303956,0,0
0.284734024790642,0.480387245665154,0,0
0.887588792143381,0.889867062936396,0,1
0.780259609956419,0.861946933166418,0,0
0.109064956847346,0.33497073168443,0,0
0.850503495367409,0.824675207583378,0,0
0.109598606909157,0.336514732534098,0,0
0.720207746775244,0.781499368195141,0,1
0.572824297921098,0.70414480638403,0,1
0.0868083842674796,0.218419286258682,0,0
0.905328036077367,0.923743158244178,0,1
0.874566514885377,0.887075622470046,0,0
0.843851731361927,0.822960251564301,0,0
0.369567355117315,0.595764031206146,0,1
0.222951412375454,0.48084314506169,0,0
0.997111654858796,0.932089566307037,0,1
0.817338365479504,0.833141960061567,0,1
0.0421281606281063,0.21425617419445,0,0
0.373277877864828,0.600376162482724,0,1
0.812186975748985,0.831497059955177,0,1
0.52838469672288,0.62993881075146,0,1
0.247130825600128,0.463455217805806,0,1
0.792887930447494,0.866828928734254,0,1
0.261751043944468,0.475916527125716,0,1
0.00039838005475179,0.0133727545456727,0,0
0.231318918955733,0.42059777099147,0,0
0.993370288962481,0.932056373825931,0,1
0.656200834342106,0.78903995421755,0,1
0.220668122087174,0.476530231050007,0,0
0.686139701978745,0.768135509298428,0,1
0.686936898221819,0.768561358489472,0,1
0.640742769936858,0.703486896470195,0,1
0.0705485167218765,0.316249081923893,0,1
0.242964116989297,0.458642585703822,0,0
0.870837192826938,0.886219905920126,0,1
0.734740819301522,0.788215609528929,0,1
0.167816005984083,0.470622455764546,0,1
0.298589461276546,0.485134799428382,0,0
0.562722028735647,0.704737576704318,0,1
0.826445766022829,0.835938134837521,0,1
0.200516306364507,0.481342530791925,0,1
0.101665293653489,0.273251936506435,0,0
0.381868889590649,0.580575449546476,0,1
0.912353469252759,0.924937050412419,0,1
0.260513519257424,0.474003676988478,0,0
0.10830435271308,0.332768489483701,0,0
0.0559429652757826,0.241173084875425,0,0
0.351670555870057,0.573154832608173,0,0
0.0376269452685226,0.190169434620491,0,0
0.583033921230445,0.67982980888981,0,0
0.672556810320295,0.762433450961811,0,0
0.460483589984738,0.625878518795526,0,1
0.741116853724529,0.793358021088259,0,0
0.501024964414082,0.574587096468971,0,0
0.702352620836162,0.774911282275221,0,1
0.230640905922967,0.419525728488203,0,0
0.744612409461466,0.79488666085037,0,1
0.5016372020054,0.57505425511252,0,0
0.705368829909028,0.776430176492544,0,1
0.446697790316389,0.587963599796991,0,1
0.505940609575381,0.578321720892876,0,0
0.0415351829785734,0.211304375613822,0,0
0.489309290604265,0.691101310238629,0,1
0.142287502197324,0.375364254629764,0,0
0.142495846984546,0.375871723349491,0,0
0.433350402559545,0.52471875170669,0,0
0.576214789825907,0.675111965416289,0,0
0.343048695191552,0.63312679891261,0,1
0.160491590264208,0.365948629923963,0,0
0.741410416979951,0.793487198408386,0,1
0.963091572782936,0.930827609537668,0,1
0.733642285950506,0.787720452000396,0,1
0.0770642314974265,0.318807969029027,0,0
0.840908158125235,0.822177515224083,0,1
0.0675140504133697,0.303122401060326,0,0
0.436312048599249,0.636694317618318,0,1
0.928862799321279,0.927380462532434,0,1
0.263180103636545,0.478121448204854,0,0
0.127953171892795,0.262932090141764,0,0
0.762238772060802,0.796603656091816,0,0
0.928608121399131,0.927346628321909,0,1
0.325768420704318,0.620139278035289,0,1
0.232458097845337,0.466377351240432,0,0
0.182485476411713,0.42770163364316,0,0
0.963235522664074,0.930837494621859,0,1
0.576634634650275,0.675404647636493,0,0
0.860087771910284,0.883613113547117,0,0
0.308344986051866,0.57060836843861,0,1
0.0564364303584409,0.243238681383491,0,0
0.453804185115302,0.619476100244088,0,1
0.207110095907372,0.455844944455245,0,0
0.518983664329045,0.622071677432356,0,0
0.537987635617736,0.638198666770021,0,0
0.294288217243313,0.479355106434897,0,0
0.307453882183811,0.56925904217283,0,0
0.0241736722148328,0.198340412932824,0,0
0.420402013930381,0.565178176209326,0,1
0.323689413658764,0.616946793246612,0,0
0.619490125261166,0.71315369667286,0,0
0.859763066691995,0.88353113002697,0,1
0.492640440792916,0.633653392653451,0,1
0.0827082980318894,0.265293340439129,0,0
0.933480458334292,0.927972951976286,0,1
0.808326966854756,0.830234532754113,0,0
0.365518823135773,0.51846650797716,0,0
0.330728911025145,0.550006695190767,0,1
0.937934078744633,0.928506736946292,0,1
0.374894340561116,0.602376890655406,0,1
0.63580221862317,0.793732819124378,0,0
0.985344338098573,0.931897138643384,0,1
0.0367397645304874,0.185769503567448,0,0
0.314630978148778,0.59098686611574,0,1
0.231235721941473,0.420466274636939,0,0
0.922365419151264,0.926479472239513,0,1
0.551136730551415,0.623065738089465,0,1
0.0537135384099168,0.231827460715202,0,0
0.755248249473397,0.793755701716457,0,1
0.684083821334617,0.767032293593207,0,1
0.662174103435171,0.792683174909289,0,1
0.955728774926883,0.930270486222536,0,1
0.874601598715293,0.88708355364825,0,1
0.753251485165742,0.798575467036519,0,1
0.222665954371638,0.480304634706786,0,0
0.138014962043219,0.356856172001545,0,0
0.220888336341406,0.476946745813121,0,0
0.205509861093652,0.491960650740273,0,0
0.567964545814558,0.700548330687836,0,1
0.66304382316772,0.793208309600717,0,0
0.527417520401652,0.629198996877326,0,1
0.0563493917344745,0.242874424673328,0,0
0.36316259495313,0.515866930426941,0,0
0.967727409108061,0.931126544225659,0,1
0.695511575405109,0.773073337612129,0,0
0.369739779541515,0.59597895569114,0,0
0.671626148602333,0.761912218360975,0,1
0.265109693973463,0.481091867814216,0,0
0.0774775640029619,0.32044899446783,0,0
0.528067139255608,0.629696071368687,0,0
0.289769125851893,0.43733636787838,0,0
0.481651895654164,0.683734228309736,0,1
0.901994594549323,0.923144491933295,0,1
0.651740366748724,0.709771895798526,0,1
0.723319135625947,0.782967381007471,0,1
0.102586525227135,0.275594179727416,0,0
0.479658085792708,0.670456442763603,0,1
0.404341890389457,0.532061960834766,0,0
0.646857242751685,0.707005364164833,0,0
0.287735134554958,0.434783026957507,0,0
0.383064712217567,0.581963124513754,0,1
0.981016791950987,0.931761449726646,0,1
0.114810567785267,0.316547905934459,0,0
0.199907863061376,0.381258723190209,0,0
0.23904616434577,0.4522528981742,0,0
0.69665420044023,0.773665124022419,0,0
0.713688091320501,0.780539387434124,0,1
0.784754936575669,0.863717898186319,0,1
0.381044374827851,0.579617088247926,0,0
0.852403287657554,0.825151307425997,0,1
0.697346539588989,0.774022616647334,0,1
0.713259897576736,0.78033075854702,0,1
0.821988644315071,0.83458756368792,0,1
0.628924438340813,0.789105045796199,0,1
0.422227622848299,0.566976443025466,0,0
0.0307988111646733,0.178155079924682,0,0
0.595455663289002,0.712515344499124,0,1
0.563763569501826,0.705530331878727,0,1
0.600808021549119,0.793516210918113,0,1
0.322853468676572,0.615660360984383,0,0
0.554881976844692,0.698709549440783,0,0
0.171656304284087,0.421020149130383,0,0
0.649859426209492,0.708710811049362,0,1
0.0716734736909161,0.321104618746728,0,0
0.875077133799744,0.88719083599878,0,0
0.216137950146599,0.398598066310207,0,0
0.293844570578253,0.478756956708393,0,0
0.884736918639435,0.889281879244499,0,1
0.883592090025685,0.889042845013077,0,1
0.836267216151413,0.820913733777495,0,1
0.326935616906247,0.621927294861959,0,0
0.902344639204567,0.923208331285368,0,1
0.771802295774886,0.80036618603917,0,1
0.658082980985755,0.79019480455931,0,0
0.899803073822468,0.892207493570389,0,1
0.783131472262837,0.863082545793329,0,0
0.424749509183088,0.569451227903264,0,1
0.324255224127089,0.617816614831774,0,0
0.393878137770151,0.651468065895641,0,0
0.0614121540581644,0.325023253266681,0,0
0.363430893026197,0.516163424254594,0,0
0.35304368584494,0.546774323181238,0,0
0.865624487557427,0.884981808240818,0,0
0.888700049530262,0.890091115684052,0,1
0.963052086862408,0.930824891275624,0,1
0.328199247614634,0.623859546277085,0,0
0.693320155790964,0.771932135818303,0,1
0.633066267895714,0.791902281182251,0,0
0.242443745589948,0.457795824941828,0,0
0.869987626342678,0.886021461565727,0,1
0.21410191576963,0.39529390459496,0,1
0.74771400265078,0.796225617485741,0,1
0.144663935514229,0.381145254528913,0,0
0.106819656239612,0.328464306319719,0,0
0.720322210123544,0.781553665046861,0,1
0.526318116044711,0.628356198329866,0,0
0.442915831336255,0.643601386287057,0,1
0.778180567754571,0.861115500942953,0,1
0.358743352798257,0.553678862823415,0,1
0.853349598513907,0.825386186980659,0,1
0.962172497156829,0.930763585661782,0,1
0.97912549357449,0.931691185590513,0,1
0.277628002280257,0.543001960005134,0,0
0.415007036384795,0.621406564964512,0,1
0.725009884317355,0.783758224535401,0,1
0.894865934012954,0.891293847694422,0,1
0.711311110104665,0.779377312107377,0,1
0.75813228277905,0.794940662931552,0,1
0.883403651967772,0.88900327370159,0,1
0.366948238150117,0.520038855823753,0,0
0.542544941647157,0.616989826123046,0,1
0.534769975582746,0.635777827330806,0,1
0.647582580204295,0.707418739737522,0,1
0.895183879724128,0.891354008993041,0,1
0.600827476126134,0.793530871992112,0,1
0.969938537716004,0.931255013905089,0,1
0.732135554765248,0.787037973395357,0,1
0.415291491554582,0.621720892122646,0,0
0.581138460164089,0.678526106346817,0,0
0.922320782417044,0.926473010287577,0,1
0.618500383926973,0.712524782588688,0,1
0.709928603418362,0.778697003374187,0,0
0.66129203209448,0.792149199691315,0,1
0.336146438899563,0.557201861835719,0,0
0.203334855122698,0.487343972107789,0,0
0.40781296260042,0.535462103235729,0,0
0.150769806131734,0.407626739526355,0,0
0.826333547721015,0.835904551341995,0,1
0.710460613500814,0.778959181468382,0,0
0.401056189410516,0.528825093683126,0,1
0.171382696088321,0.420411976778534,0,0
0.87579933988605,0.887352988575223,0,0
0.639063906038027,0.795897208990571,0,1
0.996602819981546,0.932086585185305,0,1
0.101097889597745,0.271808108427319,0,0
0.244848359132262,0.461703801684758,0,0
0.0836549341630618,0.210831799838503,0,0
0.744741775759695,0.794942835197791,0,1
0.159575309457042,0.364040593572694,0,0
0.881659533935016,0.888633977437402,0,1
0.491479526538897,0.632647046449448,0,1
0.526169262668513,0.628241937458149,0,0
0.0425202887910042,0.216207155556791,0,0
0.614053635731627,0.70967901397353,0,0
0.227614789095067,0.414729450727553,0,0
0.213504089347016,0.394322099044086,0,0
0.895318568924192,0.891379439773674,0,1
0.888013348996992,0.889952925239131,0,1
0.00526518432631951,0.100576593909663,0,0
0.832303959586102,0.819805728970497,0,0
0.902298840019556,0.923199991652513,0,1
0.511947658092474,0.616553347485249,0,0
0.656173818051387,0.789023331368998,0,1
0.767785683933447,0.798804761851252,0,0
0.685439974752568,0.767760833969341,0,1
0.459116419642679,0.624574455216171,0,1
0.573452231982708,0.704606543055847,0,0
0.574059431730439,0.705052387268807,0,1
0.842130520024255,0.822504332687204,0,1
0.240441707619144,0.454532635471687,0,0
0.757226466265704,0.794570003550966,0,1
0.812337109718334,0.831545646684486,0,1
0.797032361144975,0.868368171634919,0,1
0.807707818991984,0.83002963232264,0,1
0.829280022386554,0.818942506256808,0,1
0.417515751302239,0.562323566539994,0,1
0.617886735600543,0.712134029848979,0,1
0.755245516146859,0.793754572013852,0,1
0.769765569341683,0.799577830474174,0,1
0.958604622925536,0.930500121569949,0,1
0.975075275592005,0.931518284452548,0,1
0.564734591909041,0.69813548688484,0,1
0.465739068741906,0.626547821463642,0,0
0.835525326686422,0.82070834021435,0,1
0.219960923956657,0.475191835625549,0,0
0.766398089460894,0.798259014597361,0,1
0.192011599126774,0.364038280237124,0,0
0.591627565953067,0.709864169511655,0,0
0.606831456625567,0.798021366954417,0,0
0.441843802802177,0.642485657847308,0,0
0.864550652807998,0.884720671860266,0,1
0.54348218614177,0.61765822131285,0,0
0.492729710924577,0.63373068182539,0,0
0.418125635670057,0.562927944038048,0,0
0.0622251833863522,0.239185999448607,0,0
0.362149459926894,0.514746197206152,0,0
0.0928153581941389,0.291298023773118,0,0
0.565638499676055,0.698812536028836,0,0
0.640501631557591,0.703346899632925,0,1
0.76778226261816,0.798803420230806,0,1
0.632535256344143,0.791545410644343,0,1
0.187060755175463,0.437321316675913,0,0
0.750243950779116,0.797305679808251,0,0
0.548859400430786,0.621466483967015,0,1
0.10217035933439,0.274536370148393,0,0
0.024827029187908,0.203633724527949,0,0
0.298746192383345,0.485344735851306,0,0
0.690015029264925,0.77019548157259,0,1
0.932788350444136,0.927886680390078,0,1
0.966497200680219,0.93105112129546,0,1
0.764548089334647,0.797526343902197,0,1
0.293249185706895,0.477953634129218,0,0
0.622069125272967,0.714784802859732,0,0
0.231096127536826,0.42024560788008,0,0
0.750690371651672,0.797495131855611,0,1
0.165867029479528,0.465651562939308,0,0
0.756470385524103,0.794259554996399,0,1
0.868588998930481,0.885691931974664,0,1
0.519506353586457,0.622478424343275,0,0
0.0656348382585042,0.251848369498091,0,0
0.448892020745796,0.590017093210252,0,0
0.837828611379817,0.821342975519926,0,0
0.179752653430054,0.425622919439051,0,1
0.038559061262795,0.194787852451099,0,0
0.732693574479182,0.787291179035164,0,1
0.563040723573395,0.704980347855445,0,1
0.0420606264492327,0.213920086259027,0,0
0.984885264058302,0.931884399839748,0,1
0.569332387483727,0.701564720439297,0,0
0.585156672962654,0.681282823421226,0,1
0.789906641866444,0.865702437118261,0,1
0.902634670686309,0.923261052705482,0,1
0.0607507363296941,0.321632404929876,0,0
0.348513209388815,0.569096981251513,0,0
0.200091863068393,0.480436941711149,0,0
0.465151531654959,0.625997052117306,0,1
0.0914679419656149,0.287272014098288,0,0
0.0680857742397236,0.305598870371092,0,0
0.300889433130284,0.538696910415475,0,0
0.904345257771851,0.923568810407754,0,1
0.975541977887496,0.931539766538362,0,1
0.763720031783395,0.797196529107598,0,1
0.000740912960548901,0.0248665810167925,0,0
0.735215554236234,0.788428960279059,0,0
0.0219925099850248,0.180643585868772,0,0
0.168565682255061,0.472531419318541,0,1
0.0105140082845302,0.135597699752355,0,0
0.149126998767262,0.403543364790145,0,0
0.687505525161023,0.768864447941556,0,0
0.702016875341357,0.774741251628148,0,1
0.371077406621857,0.597644290866543,0,1
0.731190824200365,0.78660809107818,0,1
0.847304205424639,0.823859684657469,0,0
0.13035751444155,0.337569795515768,0,0
0.087407316161744,0.21985741494934,0,0
0.371921456513903,0.598693305640011,0,0
0.403883637551174,0.53161158729008,0,0
0.27640421986037,0.540992524839246,0,1
0.754168185944447,0.79895944099637,0,1
0.321786200552392,0.614015636958358,0,0
0.8001443119175,0.827473227130081,0,1
0.911308354273646,0.92476527077275,0,0
0.513149007541216,0.61750123717815,0,0
0.429422029680652,0.521265918561811,0,0
0.0915948021715453,0.287651320606631,0,0
0.273677303804966,0.536502729693151,0,0
0.886647814545855,0.889675601737115,0,1
0.245944341273553,0.461542350044955,0,0
0.621189386870875,0.714229652881901,0,1
0.495007395842801,0.635698077934186,0,1
0.0943725359342144,0.295943346935142,0,0
0.899368531392876,0.892128842385074,0,1
0.0677708324581138,0.304234861736158,0,0
0.680702325466581,0.766932346218229,0,0
0.971998139984384,0.931366480956501,0,1
0.709373790820744,0.778423075370928,0,1
0.325908720458376,0.620354365715061,0,1
0.0734401663679987,0.304388115937956,0,0
0.579737047047343,0.677558409106567,0,1
0.733517018253093,0.787663858331825,0,1
0.358846033653541,0.5538026894851,0,0
0.653751472510303,0.787527577775263,0,1
0.566591408198459,0.699524763949526,0,1
0.0341064173983299,0.196956480796096,0,0
0.920694453048767,0.926235037509707,0,1
0.380005803452479,0.578408103708465,0,1
0.379401943996885,0.577704228584522,0,0
0.846355875797671,0.823614630490275,0,1
0.484277901996814,0.686273028315125,0,1
0.451068794263303,0.592046186790492,0,1
0.639856715344347,0.702972021391363,0,0
0.211771290788835,0.464892348033554,0,0
0.528300692697254,0.629874614377285,0,1
0.668568524415734,0.760189330756466,0,0
0.538776699982905,0.638789762138011,0,0
0.708761137508066,0.778119981498156,0,0
0.598536491963138,0.714630859723046,0,1
0.841405533699758,0.822310800486759,0,1
0.879170762801442,0.888097515279205,0,0
0.0978392030327088,0.324202512399676,0,0
0.258593994522077,0.471030316064757,0,0
0.0546561554193223,0.235781544699629,0,0
0.228891867768831,0.416755867146968,0,0
0.72091670711211,0.781835313373358,0,1
0.0785452394926225,0.252487047275819,0,0
0.155119513050036,0.379555414885108,0,0
0.770768327425764,0.799966843401761,0,1
0.444325177372779,0.585733983536433,0,0
0.290120737692321,0.437777018370549,0,1
0.643984696272966,0.705359929074997,0,0
0.886938404548376,0.8897348985693,0,1
0.0376054403757723,0.19006283006457,0,0
0.69309434450138,0.771814077432222,0,0
0.668550724022891,0.760179253970847,0,0
0.868012098597581,0.885554981759969,0,1
0.196372040023501,0.375250939739082,0,1
0.712792629533971,0.780102735727904,0,0
0.103901108255287,0.278932362701796,0,0
0.0566263567940078,0.300434322398479,0,0
0.680796034257869,0.766983443685859,0,0
0.0226347141336429,0.18585820372115,0,0
0.0442990888021237,0.225047306595926,0,0
0.036953022773336,0.186827517919406,0,0
0.465410508733336,0.626239897164213,0,0
0.757869444244671,0.794833252309009,0,0
0.992199223689938,0.932040622273236,0,1
0.226607696554062,0.413129072452167,0,0
0.792380225270527,0.866638227733474,0,0
0.79524586417969,0.867708481201682,0,1
0.872242709342168,0.886545354213608,0,1
0.314255990295388,0.57951493847812,0,0
0.132925055137211,0.343745911456895,0,1
0.796701579984143,0.868246461903119,0,1
0.567463337667906,0.700175095611147,0,0
0.414653926800871,0.621016160986057,0,0
0.0586416771859708,0.310804073023771,0,0
0.0065568753859343,0.125169626238812,0,0
0.316023463304584,0.593111993529175,0,1
0.271458785332881,0.509072850755186,0,0
0.475723627310369,0.666677762711533,0,0
0.923611864702198,0.926658417153483,0,1
0.416684486060662,0.623257964142156,0,1
0.287883870879412,0.434969988359519,0,0
0.845246533246556,0.823326044111171,0,1
0.306949867370515,0.547587059020466,0,1
0.915584022449985,0.925455163325296,0,1
0.863411843284222,0.884441463872565,0,1
0.638819188168107,0.795735494790723,0,0
0.747675193573746,0.796208964697217,0,1
0.157322795530132,0.384486804670273,0,0
0.602874270111456,0.795069354879111,0,0
0.327037283866246,0.622082890840688,0,0
0.488678053561927,0.690498151747355,0,1
0.225385458097906,0.485426886074137,0,1
0.901957677668223,0.923137745906131,0,1
0.411533777184627,0.617556232577859,0,1
0.476734053196848,0.667650898782814,0,1
0.721402752934265,0.782065136680846,0,1
0.122196812922705,0.365124321775493,0,0
0.5030650485511,0.576141523247495,0,1
0.813147663286429,0.831807288898784,0,1
0.677341859920556,0.765090040891683,0,1
0.321650726024635,0.601655959663388,0,0
0.710665396666197,0.779059971683145,0,0
0.934439598679481,0.928091033052293,0,1
0.894776238351341,0.891276842637825,0,1
0.742234788175127,0.793849164701837,0,1
0.266101168850163,0.500572321064628,0,1
0.372487406936944,0.599395899654277,0,0
0.55841792112353,0.701441513072976,0,0
0.381048896856415,0.579622347838105,0,0
0.455746862062485,0.621346340892773,0,1
0.793525944117692,0.867067913348718,0,1
0.103940132110115,0.279031383036019,0,0
0.972996578227173,0.931417671161747,0,1
0.704619066211039,0.776054057371243,0,0
0.864727868376325,0.884763910552726,0,1
0.781680053942873,0.862510482631493,0,0
0.432183713508881,0.523695783653425,0,1
0.942511143383215,0.929016789882835,0,1
0.253086217108532,0.445434948230921,0,0
0.0462484231895524,0.262781356384597,0,0
0.0968782302648032,0.32118038678398,0,0
0.200736621922078,0.481812404942265,0,1
0.539080536347441,0.639017099316765,0,0
0.223602552565937,0.482070766805286,0,0
0.835320819851405,0.82065155883321,0,1
0.00933868724280562,0.178025159467731,0,0
0.745900928794674,0.795444900739556,0,1
0.969007822242035,0.931202048808811,0,1
0.267183211084993,0.502294135821336,0,0
0.623815506428415,0.715883014544166,0,1
0.714779634945605,0.781069809936223,0,1
0.326957417929634,0.6219606621707,0,0
0.433126571912838,0.52452265721028,0,0
0.734408846114788,0.788066190307666,0,1
0.131150187188056,0.339478486573904,0,0
0.143685972998822,0.378768168764502,0,1
0.375406322748552,0.603009503792197,0,1
0.228409051811642,0.415990148685153,0,0
0.306986393779999,0.547640405540388,0,0
0.150065684885905,0.405877536621822,0,0
0.0966360598389859,0.320418286929334,0,0
0.915984031116339,0.925517962673726,0,1
0.345893408471697,0.565715023608432,0,0
0.56596625673509,0.699057686422977,0,1
0.547198765072399,0.620295200861973,0,0
0.450357548152311,0.59138407737818,0,0
0.74782058034244,0.796271336285109,0,1
0.331576457346474,0.551136203346151,0,1
0.892477456857342,0.890836077045527,0,1
0.0680332223070874,0.305371300691573,0,0
0.574889592725081,0.705660915881964,0,0
0.33905257695174,0.627260751779014,0,1
0.363900344887794,0.51668191079483,0,1
0.305097894247608,0.544878582288041,0,0
0.603586299510534,0.79560270108681,0,1
0.234407929533848,0.469770479569664,0,1
0.294306199690419,0.479379343468062,0,0
0.285494590544953,0.481456852072977,0,1
0.00679544534116738,0.129708360747255,0,0
0.371618509453912,0.598316954499527,0,0
0.0488973511724614,0.277455750367098,0,0
0.874376212520406,0.887032563368991,0,1
0.721822631403427,0.78226335071369,0,1
0.595307104527339,0.712412924807204,0,0
0.743878334988602,0.79456736687331,0,1
0.901094083791513,0.922979211720902,0,1
0.694090563370455,0.772334265419518,0,1
0.590756317128528,0.709257292079978,0,1
0.124259243625451,0.255845245097075,0,0
0.404582651522188,0.532298443484972,0,1
0.578951248260907,0.677014388673783,0,0
0.602844365819133,0.7950469341012,0,1
0.960777836783857,0.930663424237439,0,0
0.205500321075525,0.491940428608333,0,0
0.663151327563001,0.793273126492686,0,0
0.25642914066145,0.450454885302452,0,0
0.417761242510447,0.562566917252265,0,1
0.971950462109533,0.931363990008812,0,1
0.331077430591054,0.550471333565431,0,0
0.36202316537554,0.514606364884767,0,0
0.439568448464943,0.6401104436818,0,0
0.0406677898891566,0.205219597185789,0,1
0.398570238504428,0.657302863500665,0,1
0.618985099570769,0.712832990927486,0,0
0.578079986850233,0.676410013121236,0,1
0.873412727788777,0.886813556906398,0,1
0.641186557815177,0.703744299272957,0,1
0.556955944679331,0.700314593600346,0,1
0.640647157072103,0.703431398093851,0,1
0.047616783410639,0.270366823456098,0,0
0.996121348558505,0.932083319950513,0,1
0.151705417619467,0.371888545880716,0,0
0.418446886735426,0.563246039825455,0,0
0.295251470143691,0.480652524768084,0,0
0.577216894095634,0.675810072186438,0,1
0.559561023447615,0.70232004349122,0,0
0.352114324259773,0.545642707192223,0,1
0.97362946398106,0.931449157053459,0,1
0.751271639079467,0.797741302105395,0,1
0.889841362934226,0.890318911325548,0,1
0.455410195361298,0.621022704784854,0,0
0.599406088634455,0.71522505975085,0,1
0.413453275755778,0.619686938355605,0,0
0.304255165440001,0.543643714015597,0,1
0.525470570751093,0.627705137017758,0,1
0.190967308927993,0.362267515616835,0,0
0.214101723935451,0.395293592874608,0,0
0.510787418312908,0.615635676597558,0,0
0.0138520744965188,0.178348528890932,0,0
0.445487108674981,0.586827077622101,0,0
0.996700671353581,0.932087195953796,0,1
0.822682981149906,0.834800209438655,0,1
0.0834605464868899,0.267601201835482,0,0
0.655890317016167,0.788848817297777,0,1
0.225392930030777,0.48544093491222,0,0
0.117955852262439,0.353248325543208,0,0
0.348677262792613,0.569308309768705,0,1
0.677166817932491,0.764993549255846,0,1
0.550764560522873,0.622804935091119,0,0
0.0439626635315755,0.223376625233952,0,0
0.856754269347081,0.826218749262515,0,1
0.477595023610005,0.6684786137131,0,1
0.856776224868398,0.826224054701607,0,1
0.187654011554978,0.356634138521957,0,0
0.0837332661504113,0.211020590481378,0,0
0.5159696620415,0.619717610605268,0,0
0.454544662996622,0.620189753962867,0,1
0.0138943989898475,0.178889653931005,0,1
0.0393545896907663,0.19872597094629,0,0
0.0936328357313581,0.293737691867167,0,0
0.0406774799222684,0.205267480287127,0,0
0.175739067344162,0.417036977715685,0,0
0.575536151111001,0.70613403685305,0,0
0.47675261996651,0.667668762780043,0,0
0.979769732861609,0.931715868749203,0,1
0.0707371340163415,0.317063601799782,0,1
0.867415632100759,0.885412755973538,0,1
0.578519782140138,0.676715245932248,0,1
0.876475545712571,0.887503960750646,0,0
0.0557136103531349,0.240212659999913,0,0
0.0991535214216037,0.328330651344809,0,0
0.863094717746954,0.884363296395472,0,1
0.570384026447381,0.702343960750348,0,0
0.558493801089855,0.701499901125784,0,1
0.0130126679416251,0.167611791394544,0,0
0.642252804116439,0.704361435629095,0,1
0.847664481437584,0.823952384490712,0,0
0.996126191099034,0.932083354942941,0,1
0.432954790717362,0.524372109892175,0,0
0.311409046058368,0.575234768647376,0,1
0.404770324982244,0.532482715557859,0,0
0.228025096311007,0.415380875116145,0,0
0.226098584733547,0.412319245502085,0,0
0.433643608665199,0.524975507779343,0,0
0.684539508216859,0.767277443177143,0,0
0.6607372885925,0.791812664112161,0,1
0.772490168262034,0.800630858365561,0,1
0.216814688070524,0.399694406993167,0,0
0.728706378732822,0.785470366184092,0,1
0.79525382741909,0.867711434572659,0,1
0.561812864083904,0.70404403253305,0,1
0.465670689952025,0.626483752906725,0,0
0.158199871846315,0.361172515301029,0,0
0.046452851043738,0.263915288529057,0,0
0.46383214777291,0.6247580284826,0,0
0.654302080225218,0.787868490039905,0,0
0.212546316548155,0.466391504873197,0,0
0.399949604875701,0.6590095313164,0,0
0.497637884509813,0.637959198423817,0,0
0.954903956652196,0.930201779690526,0,1
0.877445128581032,0.887718995193631,0,1
0.874049648128514,0.886958520576331,0,1
0.996600538839909,0.932086570733973,0,1
0.773453283140455,0.801000092990797,0,1
0.203059878059876,0.486759405705843,0,1
0.839887340665132,0.821902652227359,0,1
0.166248248536024,0.466624782463396,0,1
0.88908707968981,0.890168626442393,0,1
0.338579795934637,0.626564386003059,0,1
0.287944663906758,0.435046393889322,0,0
0.606222999911865,0.797569389114628,0,1
0.0606115464740191,0.320918524891069,0,1
0.907088174603465,0.924050912043592,0,1
0.381070698365366,0.579647704724377,0,0
0.789983170902106,0.865731555246277,0,1
0.71054743515296,0.779001922072378,0,0
0.704148130007319,0.775817323345415,0,1
0.53262616689031,0.634155584783908,0,0
0.46667551044515,0.627424409841125,0,1
0.645397932135089,0.706171116324744,0,1
0.691577207146148,0.7710186363833,0,1
0.235818195278282,0.472219267920165,0,1
0.753808208295097,0.798808829340253,0,1
0.936617168185752,0.928352750002903,0,1
0.815097647638557,0.832432093466167,0,1
0.730609668835129,0.786342895112556,0,0
0.821710938832267,0.83450228168358,0,1
0.00695491753946309,0.132741672082752,0,0
0.174824046604764,0.42804673715081,0,0
0.34197920151637,0.631560336640092,0,0
0.73351813390536,0.787664362480678,0,1
0.978373289185641,0.931661386809323,0,1
0.732877846676929,0.787374677954649,0,0
0.478992932828181,0.669819624724075,0,0
0.921051811924891,0.92628775076201,0,1
0.377699140064455,0.575715703221321,0,1
0.641690632488965,0.704036283277438,0,1
0.00150447018543132,0.0504738663250689,0,0
0.179359544437937,0.424783824398027,0,0
0.294838768892887,0.480096868859366,0,0
0.386989798424525,0.584715562360768,0,0
0.459820506973172,0.625246454992056,0,0
0.796718758954117,0.868252787722208,0,1
0.279845583973103,0.473485322796534,0,0
0.082661585154409,0.265149965181807,0,0
0.521370124295356,0.624538848565765,0,1
0.981151988146099,0.931766217066189,0,1
0.40075847148872,0.528530920818425,0,0
0.25719108184185,0.451595911345075,0,1
0.776341498784402,0.802097972110103,0,1
0.615583536772754,0.710661820181053,0,0
0.00754833622646545,0.144024775642935,0,0
0.98620510497312,0.931919965052002,0,1
0.488918532421115,0.690728021532621,0,0
0.304021870868114,0.54330159805536,0,1
0.665077050981695,0.794430686236089,0,0
0.285560781214531,0.481549884168407,0,0
0.463543931286193,0.624486960249078,0,1
0.651821071326259,0.709817295356544,0,1
0.121882027176075,0.364244791316126,0,0
0.467223126431103,0.627936311979524,0,0
0.735205743432532,0.788424555070614,0,1
0.960518040372531,0.930644365597714,0,1
0.0213894920159652,0.175744036773825,0,0
0.832479210511207,0.819855283723353,0,1
0.939146019936669,0.92864559306424,0,1
0.985817820362718,0.931909865692979,0,1
0.937831635018904,0.928494874121842,0,1
0.12925140807749,0.334903472998083,0,0
0.886020193944405,0.889547012175983,0,1
0.152862129395829,0.374489580726881,0,0
0.360516356993208,0.512935903129851,0,0
0.361161938481445,0.513652083260948,0,1
0.279785392270604,0.473400045970299,0,0
0.35480424385413,0.548913573230264,0,0
0.54300156482881,0.617315637834648,0,1
0.0785170166577439,0.252400031024273,0,0
0.372869671111194,0.599870099659182,0,1
0.583218881000139,0.679956708003849,0,0
0.134249409979725,0.347821824302337,0,0
0.242987945291964,0.458681345755026,0,0
0.312779082557654,0.577296730543073,0,0
0.0745338511835042,0.308745750397598,0,0
0.807690795301996,0.830023989178274,0,1
0.26339747282612,0.478456456567487,0,0
0.41060100919553,0.616518316432634,0,1
0.40541286593936,0.533113171214441,0,0
0.304735636288153,0.544347941470357,0,0
0.127738046979411,0.262520191931479,0,0
0.893559374071848,0.891044709092701,0,1
0.68139484787635,0.76730961023287,0,1
0.266891461925406,0.501830136059396,0,0
0.0924309268733691,0.290149972167555,0,1
0.123495016085529,0.254375325681927,0,0
0.276436401365379,0.541045410007102,0,0
0.0490434788655092,0.278264073167533,0,1
0.145146863957019,0.382318083266494,0,1
0.475029547570342,0.666008210326682,0,1
0.935979402514938,0.928277013800222,0,1
0.434068985681311,0.525347767636311,0,1
0.70914045448514,0.77830771370054,0,1
0.570305074119637,0.702285525034995,0,0
0.976244185587825,0.931571323744613,0,1
0.178211207124202,0.42233038442411,0,0
0.739105083328444,0.79246883334569,0,1
0.350406694857223,0.571532872771912,0,0
0.991212103580569,0.93202535916766,0,1
0.3528117351066,0.546492045760626,0,0
0.978783182525573,0.931677755628854,0,1
0.860371446990142,0.883684581991146,0,1
0.597736659977115,0.714083192711191,0,1
0.0274479567015824,0.217970660851308,0,0
0.185532049449107,0.434113165407164,0,0
0.056511775487744,0.243553973677842,0,0
0.792461761584071,0.866668885357525,0,1
0.073951083959381,0.306424436308964,0,0
0.786459435670191,0.864379826551825,0,1
0.027951849039795,0.221915484837922,0,0
0.255206253056417,0.448621134996467,0,1
0.297583386640535,0.483786076710525,0,0
0.564606490368354,0.698039421813094,0,1
0.562061243986581,0.704233648851619,0,0
0.887400964602395,0.889828973063028,0,1
0.63737744004333,0.79478053528298,0,1
0.161462030361819,0.36796717643333,0,1
0.0269947929243864,0.214421229723774,0,0
0.761982497954322,0.796500706616968,0,1
0.535568797816832,0.636380397204998,0,0
0.578629149550071,0.676791101191252,0,1
0.41410504786636,0.620408843371156,0,0
0.589815088097802,0.708600215833815,0,1
0.405631378056676,0.533327418263401,0,0
0.445692405475188,0.587019974010982,0,1
0.592739636008792,0.710636914445621,0,0
0.492344510535326,0.633397081976172,0,1
0.0591033909548729,0.313176680455474,0,0
0.976789707915562,0.931595205066306,0,1
0.855137640012046,0.825825864586433,0,0
0.379085627828129,0.577335248314604,0,0
0.546524842719485,0.619818640803108,0,1
0.932874326639597,0.927897445939086,0,1
0.397965341700775,0.656553198376649,0,0
0.944772699367663,0.929254394451529,0,1
0.0304862761855966,0.176375216208173,0,0
0.745799522235167,0.795401069588017,0,1
0.797006611063304,0.868358704099217,0,1
0.193835112628735,0.370924076095538,0,0
0.162866775292461,0.370884955102643,0,0
0.591078285651374,0.709481713270289,0,1
0.479691711857837,0.670488614785281,0,1
0.586542602423981,0.682227484658123,0,1
0.132271096881231,0.342174574427684,0,0
0.277737069770021,0.543180882358448,0,0
0.0696723607296243,0.312463345903018,0,0
0.107996722659278,0.331877248125908,0,1
0.716377677561099,0.781842705151828,0,1
0.0264019555243497,0.209775300504593,0,0
0.539650322099496,0.639443021894459,0,1
0.298662989636705,0.485233294212693,0,0
0.868497300166734,0.885670203728838,0,1
0.545038877485814,0.618765345297969,0,1
0.997547734544895,0.932091737098171,0,1
0.561075890619266,0.703480785033023,0,1
0.562097812960183,0.704261556982888,0,1
0.335106698015498,0.555825488288552,0,1
0.252324934002459,0.444288611383666,0,0
0.427369677567334,0.519452522167067,0,0
0.227175354496072,0.414031398366554,0,0
0.0708760075877383,0.31766320404959,0,0
0.425051233284077,0.569746591596169,0,1
0.106417093151526,0.327296028901804,0,0
0.723120814600879,0.782874299187965,0,1
0.298394028600829,0.48487295773902,0,0
0.490361658699518,0.631675841622365,0,1
0.195583282249874,0.373907132609333,0,0
0.680826508909674,0.767000057651893,0,0
0.830826146805313,0.819385795203054,0,1
0.220406785965336,0.476035785368402,0,0
0.00780866909383937,0.148972546447712,0,0
0.250904308458784,0.469518859178999,0,0
0.627636302237581,0.788228686487756,0,1
0.310816827237442,0.574342183459344,0,0
0.836206138309922,0.820896859332469,0,1
0.852739199287865,0.825234855495544,0,1
0.371740562796563,0.59846860320013,0,0
0.365334492019934,0.518263486721973,0,1
0.0165625717242875,0.106399787564232,0,0
0.549678748374741,0.622042802828282,0,0
0.154270594088646,0.377651926805149,0,0
0.11267953813351,0.311023561551354,0,0
0.053338129254848,0.230251599475937,0,0
0.17928380741535,0.424622116781405,0,1
0.155930810965094,0.381372760765593,0,0
0.0354903792362601,0.204804251628248,0,0
0.982432454519204,0.931809679736811,0,1
0.658304501498771,0.790330308462266,0,0
0.386994071582463,0.584720469779891,0,1
0.0624854783666032,0.240154278062178,0,0
0.0472453086858622,0.268308640552919,0,0
0.804952434706662,0.829109753003505,0,0
0.422779805926618,0.567519238613416,0,1
0.108260231595287,0.332640684169323,0,0
0.167034138027181,0.468629686944975,0,0
0.680194532717177,0.766655196480609,0,0
0.427234142429667,0.519332538221136,0,0
0.0968082899631812,0.320960308664357,0,0
0.392009659929703,0.649131922278592,0,1
0.0447558169305196,0.227314468610189,0,0
0.271026122662257,0.508388689016582,0,1
0.503079698447595,0.576152662596134,0,0
0.457479286267985,0.623008547441951,0,1
0.768634604276239,0.79913704303335,0,1
0.160230331691759,0.365404804840003,0,1
0.510044236412995,0.581411103882985,0,0
0.141527031056547,0.3735109167077,0,1
0.189369590532655,0.359553896605932,0,0
0.409898603709071,0.615735645831031,0,0
0.145862583262414,0.395405887646146,0,0
0.562327525863289,0.704436812346378,0,0
0.455231819675043,0.620851151971895,0,0
0.942096657747551,0.92897220915001,0,1
0.669994904830408,0.76099504417054,0,1
0.103142236185926,0.277005919980992,0,0
0.60710685541454,0.798225710737888,0,0
0.420329249580655,0.565106384085571,0,1
0.500631973111431,0.574286928154671,0,1
0.655805541452143,0.788796604264956,0,1
0.185718098975093,0.434503932217961,0,0
0.359534495319808,0.554632418818495,0,1
0.480379796702106,0.671146489203541,0,0
0.614782964651501,0.710148020705278,0,0
0.285557145210163,0.481544773927049,0,0
0.502773455506513,0.575919736188395,0,0
0.27854611291025,0.544507252902026,0,0
0.572389854208563,0.703824950793937,0,0
0.342289403985695,0.632014945261463,0,1
0.839160958655716,0.821705997703576,0,1
0.685912805775307,0.768014107068884,0,1
0.816127818774999,0.832759529833968,0,1
0.154246067419621,0.377596903481992,0,1
0.185193651641655,0.433402186918893,0,1
0.542594781066419,0.617025403576288,0,1
0.0613982589086294,0.324952042448109,0,0
0.538058518372392,0.638251806998451,0,1
0.335997001185555,0.557004173829004,0,0
0.324454327379657,0.618122523504225,0,1
0.22985318913502,0.418279040592815,0,0
0.00468673960638777,0.156986287859917,0,0
0.68707334605777,0.768634138142603,0,0
0.752781192488937,0.79837792317275,0,0
0.338283415972522,0.626127589892769,0,1
0.469803618546924,0.630341434482279,0,0
0.797382273980786,0.86849670507963,0,1
0.647467738955255,0.707353347428617,0,1
0.0229781717825962,0.188645631342794,0,0
0.283972485448597,0.479315129933224,0,1
0.954394831848568,0.930158737079015,0,1
0.883154655402026,0.888950887157703,0,0
0.325217951078929,0.619294943750431,0,1
0.910633889293575,0.924653331734437,0,1
0.47917508186691,0.669994095261995,0,0
0.202068720786614,0.484650656810254,0,1
0.271449408118411,0.50905802704004,0,1
0.240981916391672,0.45541398845748,0,0
0.0555754563147374,0.239634026687716,0,1
0.43713611124302,0.637560671023178,0,0
0.904582887523726,0.92361113168864,0,1
0.525757464179263,0.627925651076727,0,1
0.545456472905531,0.61906169722963,0,0
0.226999610165536,0.413752113153228,0,0
0.0464008297411591,0.263626756842313,0,0
0.125808022797877,0.258820243137835,0,0
0.215125692811644,0.39695640415305,0,0
0.873393415409356,0.886809149968645,0,1
0.988328609786208,0.93197037080635,0,1
0.0177662485710122,0.114063077576983,0,0
0.443309955240086,0.584777034042867,0,0
0.369197290785474,0.595302553017125,0,0
0.536463563512068,0.637054109865715,0,0
0.616522818639082,0.711263279479479,0,1
0.395999761200828,0.654111997755158,0,1
0.183864064187447,0.430605845377567,0,0
0.585274245820466,0.681363084789378,0,0
0.0332967696364621,0.192360147146864,0,0
0.893977665016353,0.891124804877145,0,1
0.644410797397655,0.705604847814989,0,1
0.0945442642557158,0.313826991796503,0,0
0.551374985688191,0.623232585001316,0,0
0.128974321144031,0.334235010791126,0,0
0.118820840142189,0.355675204704932,0,0
0.265548901592134,0.499692538889452,0,1
0.76290830157157,0.796872093617943,0,1
0.698220945875876,0.774472953193951,0,1
0.558852134434324,0.701775495590877,0,1
0.255226618791841,0.448651698595927,0,0
0.517868767023095,0.621202607768785,0,0
0.929750993608508,0.927497513845291,0,1
0.185319203081941,0.433666006697375,0,0
0.734207407149906,0.787975432684535,0,1
0.872182896750039,0.88653157710981,0,1
0.669456208390459,0.760691161388124,0,1
0.203695668655859,0.488110709949431,0,0
0.129165996371676,0.334697443021726,0,0
0.515032991372687,0.618983035171369,0,1
0.130308181173839,0.33745094751331,0,1
0.825700000834828,0.835714542964647,0,0
0.523644528713731,0.626298465926681,0,0
0.291423687444883,0.439408011558102,0,0
0.568126733449212,0.700669014412082,0,1
0.260637380445611,0.474195274335108,0,0
0.584470204681848,0.680813750151683,0,1
0.232122427253056,0.465792341101097,0,0
0.219052052221554,0.473469983744956,0,0
0.518506081599828,0.621699644941721,0,1
0.835415783240141,0.820677934220102,0,1
0.644770770461237,0.705811528233087,0,1
0.0941907411945896,0.295401434105761,0,1
0.134068325346944,0.347386371929807,0,0
0.390300595814603,0.588507524132731,0,1
0.31956469287078,0.59849693396826,0,0
0.891220601841292,0.890591061541274,0,1
0.891291487979216,0.890604956088603,0,1
0.0298241010237719,0.236554881474383,0,0
0.21052193779097,0.462472580174115,0,0
0.388352712717689,0.586279038331249,0,0
0.176374744984949,0.418399624950255,0,1
0.918686339938344,0.92593439740177,0,1
0.18959855349536,0.359943103688902,0,1
0.733985961517491,0.787875581727146,0,1
0.956915633536237,0.93036712489672,0,1
0.47771804524583,0.668596772272994,0,1
0.814219293370681,0.832151466715096,0,1
0.428219381877536,0.520204085063031,0,1
0.813449254919245,0.831904351918991,0,1
0.761698496307689,0.796386488984502,0,1
0.959603647734987,0.93057628507706,0,1
0.336600006645434,0.557801604582132,0,1
0.766594404464057,0.79833642364728,0,1
0.921617803833032,0.926370751909253,0,1
0.810771682918009,0.831037129791716,0,1
0.814337491922144,0.832189307592503,0,1
0.948298238781793,0.929605778951678,0,1
0.290682902707024,0.438481087080392,0,0
0.440146559458274,0.640714842245998,0,0
0.10605750089084,0.326252011881587,0,0
0.877282123522309,0.887682962365839,0,1
0.343699327938419,0.634078518835231,0,0
0.905244880249297,0.923728475878531,0,1
0.20385757159534,0.488454644876085,0,0
0.349605815263973,0.570503439182043,0,0
0.690479377577291,0.770440593929693,0,1
0.922706524096088,0.926528730532604,0,1
0.68794601300749,0.76909885796402,0,0
0.340093517988754,0.628792213316698,0,0
0.0400434599080965,0.202133463818635,0,0
0.331750717484786,0.551368258980088,0,1
0.476161059704095,0.667099282082206,0,1
0.730400135411801,0.786247139213175,0,0
0.893628593313046,0.891057985206938,0,1
0.00630904103932828,0.120453484569353,0,0
0.0767344622459043,0.317498181800555,0,0
0.281790546343869,0.476237019714189,0,0
0.535618929714945,0.63641817830915,0,0
0.535785598261534,0.636543756077935,0,0
0.425263479325744,0.569954270602731,0,0
0.883637417920388,0.88905235415742,0,1
0.727352045034284,0.784845755647724,0,1
0.135961363329814,0.351934040784428,0,0
0.235136345233568,0.471035865850726,0,0
0.505305855514682,0.577841550210534,0,1
0.362518554323812,0.515154696905463,0,1
0.808620043843169,0.83033129305055,0,0
0.419335536307045,0.564125046149408,0,0
0.941162557126158,0.928870566134642,0,1
0.182456524343541,0.427640589012728,0,0
0.482787478157687,0.684833681941221,0,0
0.894247371587478,0.891176281981565,0,0
0.0657360413679307,0.252223500736736,0,0
0.279231663289434,0.472615213932339,0,1
0.202772925414384,0.486149165628004,0,0
0.984812759286225,0.931882351986551,0,1
0.468453756468121,0.629084765263081,0,1
0.888171148032741,0.889984755667059,0,1
0.853925409275191,0.825528367062826,0,1
0.103968583241333,0.279103573096822,0,1
0.349943562711025,0.570937727228554,0,1
0.496695515942555,0.637150512910808,0,0
0.878895044167669,0.888037396336099,0,1
0.981854068008751,0.931790426153643,0,1
0.336948929317169,0.624158438392395,0,1
0.781948595034351,0.862616613318943,0,1
0.858717336207594,0.883265806129899,0,1
0.281249291382598,0.475472009477096,0,0
0.198927435377697,0.379595514480986,0,0
0.646613679160001,0.706866364722929,0,1
0.564139333040239,0.697688854722322,0,0
0.154575558349864,0.378335952769132,0,1
0.742172531255478,0.793821869175058,0,1
0.36009268803028,0.512465510008386,0,0
0.604674020381988,0.796415611426705,0,1
0.00649297258253012,0.123953706079033,0,0
0.590515366420951,0.709089227050647,0,0
0.733426011054654,0.787622726245558,0,0
0.345674337690763,0.565431605476083,0,0
0.75932982353791,0.795428568879811,0,1
0.426970121154665,0.519098729000195,0,1
0.423200058242056,0.567931998539508,0,1
0.299352637596233,0.486156608302446,0,0
0.741058918828148,0.793332510544928,0,1
0.917084863877079,0.925689247891267,0,1
0.443101238788199,0.643794134073589,0,0
0.986984648898161,0.931939445666947,0,1
0.799487736710284,0.869265422392749,0,1
0.311235249273688,0.574972903744329,0,1
0.23310529818413,0.46750457657129,0,1
0.358936004037647,0.55391117181764,0,0
0.40466928602737,0.532383515048045,0,0
0.49589829043837,0.636465197267487,0,0
0.701533742335101,0.774496243561018,0,0
0.840998334757087,0.822201711470302,0,1
0.0590740217459348,0.313025795637724,0,0
0.453072012007164,0.618769498523794,0,0
0.427555889929303,0.519617322367492,0,0
0.424032414500561,0.568748627933483,0,1
0.563677088592842,0.705464580031092,0,1
0.939801810169487,0.928719587453939,0,1
0.330321416095508,0.549463125282555,0,0
0.948968142143371,0.92966992737912,0,1
0.245884257909653,0.461445402616688,0,0
0.548405027720221,0.621146432436724,0,1
0.713400836019665,0.780399462422923,0,1
0.88062169599252,0.888411625465369,0,0
0.781698689779982,0.862517851957645,0,1
0.965761258987549,0.931004652678737,0,1
0.551143102725966,0.623070201591709,0,1
0.905426337540487,0.923760498164719,0,1
0.654684356956331,0.788104860001569,0,1
0.169010096197851,0.473662255548186,0,0
0.0306607151420863,0.177368703995857,0,0
0.760780501758652,0.796016365225338,0,1
0.677620072084141,0.765243297243592,0,0
0.288313464973128,0.435509768427717,0,0
0.106016612994406,0.326133273999046,0,1
0.689460221420257,0.769902137171114,0,0
0.749452515396887,0.796968977463673,0,0
0.558282009795511,0.701336907056678,0,1
0.665237363394218,0.79452675140498,0,0
0.404060981958568,0.531785923483649,0,1
0.866087519586982,0.88509376755693,0,1
0.532401281751286,0.633984979620591,0,0
0.894839201680011,0.891288781130864,0,0
0.739709555063287,0.792736728781979,0,1
0.522901877997628,0.625724827806611,0,1
0.719657130962274,0.781237867498256,0,0
0.886746012373011,0.88969565668702,0,1
0.194511285122912,0.37207865702804,0,0
0.42980505176987,0.521603624371809,0,0
0.859351008731369,0.883426817551351,0,1
0.0304963651068625,0.176432680835942,0,0
0.133082182155536,0.344123281212891,0,0
0.405346880003114,0.533048457755459,0,0
0.112358998085687,0.31019146483251,0,1
0.726152012549226,0.784289708893267,0,1
0.974809999591668,0.931505892932594,0,1
0.489066565179129,0.690869469840093,0,0
0.960267492593846,0.930625866253599,0,1
0.13576911805787,0.351472661603927,0,0
0.700443424802452,0.77394185936094,0,1
0.582858314322496,0.679709274579641,0,0
0.791733562483828,0.866394656279073,0,0
0.537700612344792,0.637983404388947,0,1
0.979892797061577,0.931720495772207,0,1
0.439652781613402,0.640198650445523,0,0
0.950272353501496,0.929792415866142,0,1
0.918278522222509,0.925872423538087,0,1
0.423869672895492,0.568589053978428,0,0
0.410521906023226,0.616430220579682,0,0
0.0199470653086655,0.127923488735586,0,0
0.448494113003368,0.589645312788777,0,0
0.199410012046883,0.380414417591614,0,0
0.335925634069801,0.556909748074471,0,0
0.282515792602357,0.477261179946338,0,0
0.670197967508402,0.761109464748182,0,1
0.440173574339857,0.64074307027891,0,1
0.600249021118691,0.793094639955479,0,1
0.843518432484373,0.822872356709154,0,1
0.832772004865489,0.819937959995821,0,1
0.585557342690558,0.681556248145844,0,1
0.440536446906351,0.641122106252355,0,1
0.400410257165517,0.528186667350655,0,0
0.0711271360775981,0.318747251977379,0,1
0.467381980725515,0.628084707878153,0,1
0.403042815469564,0.530784321710462,0,0
0.20153069276428,0.483504871104512,0,0
0.802724962007974,0.828356549495238,0,1
0.698147977922515,0.774435423082135,0,1
0.975408113809713,0.93153364636788,0,1
0.385515821200993,0.583020762938088,0,0
0.416927584372398,0.561740110663116,0,0
0.519734919504311,0.622656151053333,0,0
0.35328845659439,0.547072092459938,0,0
0.545246744395312,0.618912894725942,0,1
0.889752541735952,0.890301267685239,0,1
0.730519386673315,0.786301645670089,0,1
0.206511949800562,0.454680077843372,0,1
0.800152879568588,0.82747617871706,0,0
0.795308063039044,0.867731546184087,0,1
0.799090960401833,0.869121170956469,0,1
0.316802653962737,0.594299261719964,0,0
0.612951520725552,0.708968597956127,0,1
0.652290981946774,0.710081429911821,0,1
0.120225003910919,0.359609768806154,0,0
0.918675290384378,0.925932722346933,0,1
0.368135773517147,0.593977315607316,0,1
0.688376723634879,0.769327745214735,0,1
0.928338379363765,0.927310660976515,0,1
0.674872163171632,0.763723784533251,0,1
0.938477412727422,0.928569327130495,0,1
0.699107657022926,0.77492829638998,0,0
0.170857894623844,0.419244893561129,0,0
0.728905509075002,0.78556194161441,0,0
0.405720147290497,0.533414432344556,0,0
0.318573293379799,0.59699218816832,0,0
0.780646271101013,0.862100699815394,0,1
0.790489135363354,0.865923800065637,0,1
0.949011765656396,0.929674075654873,0,1
0.203185295209162,0.487026051699986,0,0
0.53266433112797,0.63418452926725,0,1
0.772122458631183,0.800489474329852,0,1
0.516348868759828,0.620014596169127,0,0
0.228786453947886,0.416588727761575,0,0
0.995290291315042,0.932076667181332,0,1
0.88931984356378,0.890215112180497,0,1
0.577143337136563,0.675758885608926,0,0
0.538047806843471,0.638243777174734,0,1
0.839976118078285,0.821926626029423,0,1
0.914633981358158,0.925304816142317,0,1
0.819585355681778,0.833845122508227,0,1
0.432809775552635,0.524244984548565,0,1
0.855623131479192,0.825944315380476,0,1
0.225605331791958,0.411534136455698,0,0
0.540516067018852,0.640089169558845,0,0
0.315150288619844,0.591779912012083,0,1
0.119634495725524,0.357955888520128,0,0
0.145511952753207,0.383204289736618,0,0
0.936604817687855,0.928351290551359,0,1
0.194992427841487,0.372899629931252,0,0
0.64991012924128,0.708739488831699,0,1
0.239121157940082,0.452375512914493,0,0
0.525469572732325,0.627704369680736,0,1
0.130634204114543,0.338236239330285,0,0
0.289540346036439,0.437049536981354,0,1
0.400524530048116,0.52829966245199,0,0
0.706678774222804,0.777085016313681,0,1
0.901069935351265,0.922974758690757,0,1
0.428577131984357,0.520520180932781,0,0
0.713821968579719,0.780604552487463,0,0
0.139086460549479,0.359419724039333,0,0
0.100575074472647,0.270476935250577,0,0
0.448109590373414,0.589285783643744,0,0
0.760506233479942,0.795905507636752,0,1
0.231615284073677,0.421066072791519,0,0
0.809132823694301,0.830500232783053,0,1
0.252407735561206,0.444413350217496,0,0
0.0838012269203788,0.211184372017779,0,0
0.513000614029789,0.617384278071969,0,1
0.000977808158954319,0.0328133883566062,0,0
0.708113039558611,0.777798657616926,0,1
0.739059248611255,0.792448494541076,0,0
0.973319596303849,0.931433834518266,0,1
0.663164606868758,0.793281131458757,0,1
0.494216725930238,0.635016124176376,0,0
0.0736233171164833,0.305118213296145,0,0
0.534295027122665,0.635419071974597,0,1
0.141830394037823,0.37425043703787,0,0
0.802388762387649,0.828242123190602,0,1
0.576148850536745,0.675065971460281,0,1
0.212914237650623,0.393362532683647,0,0
0.707055178674814,0.777272640826478,0,1
0.333008476915991,0.553041375249265,0,0
0.66909821232701,0.760488938926277,0,1
0.779551088146801,0.861664466825547,0,0
0.0865761186961121,0.217861326575686,0,0
0.510656462570746,0.615531962647567,0,0
0.103674362063906,0.278356924591751,0,0
0.649461505750182,0.708485601884965,0,1
0.31549788250738,0.592310391406092,0,0
0.643501190424533,0.705081659420288,0,1
0.0485537820684181,0.275554767508257,0,0
0.866996397020029,0.885312406757471,0,1
0.478159255012066,0.669020312031372,0,1
0.793553188627552,0.867078102073409,0,1
0.22663697816785,0.413175633517707,0,0
0.334973742252933,0.555649330648994,0,0
0.76377492321143,0.797218428162086,0,0
0.853422916554192,0.825404321861413,0,1
0.437123864845736,0.637547805420676,0,0
0.930332330006363,0.927573329390985,0,1
0.579614298840359,0.677473495633236,0,1
0.0490974814309052,0.278562763382036,0,0
0.452861337955007,0.618566006967153,0,1
0.160400046327681,0.365758095094273,0,0
0.732824446921449,0.787350486947821,0,0
0.347352667930668,0.567600487692535,0,0
0.201177639706153,0.482752588829504,0,0
0.842788034064323,0.822679086653426,0,1
0.817796331802283,0.833285980033665,0,1
0.343646690855579,0.634001558446593,0,0
0.403622791241354,0.531355071340779,0,0
0.06059981017907,0.320858326683735,0,0
0.178884717376731,0.423769765232472,0,0
0.735918843846876,0.791046455325834,0,0
0.566130348490864,0.69918035159008,0,1
0.823236970101307,0.834969276566139,0,0
0.501150098124784,0.574682624489735,0,1
0.767862415675471,0.798834845926769,0,1
0.509918000477067,0.581316452292168,0,1
0.568069030577944,0.700626082932207,0,0
0.184617964297186,0.432191981230344,0,0
0.544401024516787,0.618312159482085,0,0
0.201033148711672,0.482444612818144,0,0
0.556219172096979,0.699745263600072,0,1
0.141441237658258,0.373301727224783,0,0
0.186009989291391,0.4351168205194,0,0
0.764783960193079,0.797620079229269,0,1
0.070886265711431,0.317707491097115,0,0
0.369313645591609,0.595447679153045,0,0
0.877878018918548,0.887814454603248,0,1
0.104337399814671,0.280039176974594,0,0
0.359153215260751,0.554173012813779,0,0
0.113960367598203,0.314345494212618,0,0
0.876540757570461,0.887518476612518,0,1
0.126237112880338,0.259643536322484,0,1
0.254555507842723,0.447644098002321,0,0
0.421906352518975,0.566660395684162,0,0
0.665256017800193,0.794537926832558,0,0
0.344705309548203,0.564176807700922,0,1
0.213501665296721,0.394318157089169,0,0
0.37338510576646,0.600509040607031,0,0
0.571024626164697,0.702817696714506,0,1
0.990751349393035,0.932017613052325,0,1
0.327165175811369,0.62227858940989,0,0
0.362203336380983,0.514805840363086,0,0
0.706235253672017,0.776863627570855,0,1
0.298935691410273,0.485598501225646,0,0
0.34970072104887,0.570625495306826,0,1
0.994707735479328,0.932071236122421,0,1
0.604267378782775,0.796111968453113,0,1
0.828810795038136,0.818807176512296,0,1
0.0316656904866194,0.183088890594218,0,0
0.145490219726209,0.383151546183292,0,0
0.727728294216953,0.785019591522965,0,0
0.539743945591015,0.639512956327861,0,0
0.99526450645998,0.93207644017539,0,1
0.495629659450809,0.636234030808909,0,0
0.384103868507898,0.581393463251565,0,1
0.194374001233762,0.371844319839408,0,0
0.590166444566085,0.708845675943911,0,0
0.766625186545157,0.798348555440047,0,1
0.924439187221028,0.926775591843446,0,1
0.137625826260403,0.355924378312402,0,0
0.00808992330508307,0.154316480319797,0,0
0.477960489221536,0.668829550915832,0,1
0.182947586256922,0.428675686769896,0,0
0.610338611506428,0.800612950074116,0,0
0.620269304576436,0.713647663391544,0,0
0.409630185071384,0.615436308345367,0,1
0.677205263887532,0.765014747016266,0,0
0.199670569110581,0.380856361855519,0,0
0.808581980484783,0.830318734678341,0,1
0.0503396842056378,0.285428750835263,0,0
0.171861858653407,0.421476920290207,0,1
0.980602319069567,0.931746622073453,0,1
0.900377179406816,0.922846549920928,0,1
0.939729021123707,0.928711414045361,0,1
0.908444293345448,0.924284085400578,0,1
0.441417199953356,0.642041068439502,0,1
0.93880410363398,0.928606695856859,0,1
0.237413463068688,0.474983851958534,0,0
0.0495143119387923,0.280867697792274,0,0
0.557264074472929,0.700552415747896,0,0
0.313320235124509,0.578110056265322,0,0
0.532077316397205,0.633739064718236,0,1
0.471608569453574,0.662695179896864,0,1
0.483132409515786,0.685167161762626,0,1
0.570077529354966,0.702117050157429,0,1
0.923442277655097,0.926634240751561,0,1
0.236192493559252,0.472868442046865,0,0
0.876080149099275,0.887415783130133,0,1
0.733835433258643,0.78780766029807,0,0
0.0792107630031008,0.254538207677706,0,0
0.835387486003059,0.820670076460686,0,1
0.397644018545233,0.656154667332246,0,0
0.335738109821165,0.556661586575222,0,0
0.000393003192162511,0.0131923004019111,0,0
0.24580518598619,0.461317804452462,0,0
0.687946349867543,0.769099037100944,0,1
0.851172635113684,0.824843592819999,0,1
0.24104946936952,0.455524157328403,0,0
0.370939770510009,0.597473098292529,0,1
0.150423337765236,0.406766211723759,0,1
0.80350016410726,0.828619648712095,0,1
0.717023723404496,0.782153933333724,0,0
0.700478187379524,0.77395956598228,0,1
0.678854524106108,0.765921714576131,0,1
0.892045004085718,0.890752094572602,0,0
0.883030992398509,0.888924828087063,0,1
0.625367848479284,0.71685493460528,0,1
0.288778377039895,0.436093558128024,0,0
0.403102785321554,0.530843363290421,0,0
0.0289572504552178,0.229780365928226,0,0
0.91648401400214,0.925596038046193,0,1
0.687447733872032,0.768833669191463,0,1
0.908170823529499,0.924237340504256,0,1
0.302087137118601,0.540459978538914,0,1
0.944826453960881,0.929259926032239,0,1
0.864031171740533,0.88459359788452,0,0
0.886012759088151,0.889545484635894,0,1
0.000141330208426882,0.00474475848330557,0,0
0.377240218925309,0.575178845444859,0,0
0.122325292282755,0.365483210275525,0,0
0.932807906469046,0.927889130317481,0,1
0.513707252515083,0.617940909074472,0,1
0.489336413426905,0.691127209894887,0,0
0.486921166834166,0.688815491795445,0,1
0.570291901023215,0.70227577406423,0,0
0.544507509855493,0.618387860009856,0,1
0.91711086086333,0.925693265614337,0,1
0.88438454652719,0.889208557455259,0,1
0.783719259295084,0.863313131075179,0,1
0.322727335774571,0.615466117609266,0,1
0.784437421571341,0.863594012352375,0,0
0.145185475111792,0.382411824819067,0,0
0.860226200170363,0.883648006963928,0,1
0.772999741621247,0.800826411431192,0,0
0.775967135568748,0.801956462389839,0,1
0.528698694361384,0.630178668364471,0,1
0.450185366690768,0.59122366224054,0,0
0.226631492692504,0.413166911127965,0,0
0.808678177069552,0.830350468322068,0,1
0.965929096561876,0.931015339104885,0,1
0.543531972200356,0.617693687859259,0,1
0.90220745704739,0.923183339924,0,1
0.28235044197462,0.477027770268611,0,0
0.517755251349526,0.621114008710131,0,1
0.328162589425163,0.623803542403112,0,1
0.991801159206786,0.932034685857755,0,1
0.250316651822778,0.46857655176548,0,1
0.678755487511491,0.765867383102276,0,0
0.764202078999705,0.797388669035751,0,0
0.0322266387224318,0.186279153396638,0,0
0.982271228350328,0.931804375459798,0,1
0.0913227398037179,0.286837800929929,0,0
0.614074831939012,0.709692657053226,0,1
0.14935081082565,0.404100138104315,0,0
0.520796496705082,0.6240937319164,0,1
0.0933450936003075,0.292879209263242,0,1
0.781200439989756,0.862320608415539,0,0
0.77293101728455,0.800800063469379,0,1
0.598148764929093,0.714365508460048,0,1
0.014543319575563,0.187183293820334,0,0
0.0420242205446412,0.213738900238218,0,0
0.180970657410918,0.428220208345716,0,0
0.972030670982073,0.931368178118056,0,1
0.254600188930597,0.447711210028548,0,0
0.751008825863228,0.797630070297568,0,1
0.281235209565863,0.475452098533032,0,1
0.255518617536364,0.449089819832234,0,0
0.257863735978626,0.452602255576505,0,1
0.297052995510125,0.4830742671879,0,1
0.00894460493713722,0.170546449646824,0,0
0.987176182067925,0.931944058670709,0,1
0.566460635822313,0.699427113971994,0,1
0.601842411286792,0.794294741613647,0,0
0.538260070859446,0.638402864715719,0,1
0.0438375480386098,0.222755154122715,0,0
0.471520488898757,0.662609594527622,0,1
0.539676501208589,0.639462578474322,0,0
0.672955790751859,0.762656453552753,0,1
0.534168002716766,0.635323061233839,0,1
0.0550723089866286,0.237525969170194,0,0
0.620098989936377,0.713539777589077,0,1
0.581175202776697,0.678551434200735,0,1
0.545596325824134,0.619160884811611,0,0
0.843281280213253,0.822809702735446,0,1
0.447386759703882,0.588609257782777,0,1
0.603565446308234,0.795587094583635,0,1
0.123612886398841,0.254602121713142,0,0
0.252379252992998,0.444370443376973,0,0
0.850354325754301,0.824637566926259,0,1
0.0162243624864669,0.104244866578765,0,0
0.156250978102902,0.382089469906479,0,0
0.823384974759662,0.835014355286063,0,1
0.22933768147935,0.417462476563706,0,1
0.259194955338118,0.471962038578564,0,0
0.700790606672674,0.774118607247658,0,0
0.966525279128937,0.931052874220899,0,1
0.19827981996448,0.378495775240243,0,0
0.747497287893846,0.796132593439581,0,1
0.140506244981752,0.371020585338765,0,0
0.382497571279308,0.58130532907021,0,0
0.323289251403383,0.616331183489617,0,1
0.883785518984037,0.88908339782516,0,1
0.655381396240658,0.788535181266197,0,1
0.33357536000123,0.553794432782534,0,0
0.0216079591479235,0.177519441266831,0,1
0.369008659128179,0.595067221079319,0,1
0.972180671843925,0.931375978231736,0,1
0.529099086782092,0.630484289799348,0,0
0.742144823205607,0.793809718914684,0,1
0.345388836894019,0.565062102496355,0,0
0.460589865325229,0.625979750360007,0,0
0.21163569821798,0.464629915457646,0,1
0.836959730137285,0.821104619728524,0,1
0.359808859400121,0.512150205187857,0,1
0.0370881329506847,0.187497703760284,0,0
0.688989189990727,0.769652676278754,0,0
0.155788884108971,0.381054963864316,0,0
0.798751169310482,0.868997410313202,0,1
0.015262452625332,0.0981119481334269,0,0
0.585623147313232,0.681601129225487,0,1
0.495516277025614,0.636136424265176,0,1
0.997461733758492,0.932091337051638,0,1
0.134370736426267,0.34811352582293,0,0
0.672553682224412,0.762431701497397,0,0
0.0949454752997199,0.31509239844665,0,0
0.161768414319022,0.368603979972858,0,0
0.988331291627995,0.931970429150472,0,1
0.80666506746139,0.829683051114084,0,1
0.244640288667102,0.461366136690335,0,1
0.846300445700792,0.823600260082125,0,1
0.0356002590349265,0.205426844069787,0,0
0.535607051181832,0.636409226611123,0,0
0.0914747556082006,0.287292387939846,0,0
0.970905666642088,0.931308340388166,0,1
0.583100936724686,0.679875794078317,0,0
0.55574127463756,0.699375469673462,0,1
0.317973073024066,0.596080109212574,0,0
0.849904542149285,0.824523843707059,0,1
0.530154513465718,0.631288657225113,0,0
0.0170982241517268,0.109811213917294,0,0
0.184894890547327,0.432774240240229,0,0
0.43346830983227,0.524822017264958,0,1
0.0799764111051149,0.256896121419013,0,0
0.28065755338546,0.474634987029769,0,1
0.250395286358092,0.468702685065963,0,0
0.000608642309199103,0.0204286541298058,0,0
0.69288531922936,0.77170471764525,0,1
0.773889636481157,0.801166864557269,0,1
0.820349298021341,0.834082204474336,0,1
0.851629614386601,0.824958154981977,0,1
0.151524880980843,0.37148226276515,0,0
0.890036638452991,0.890357651289693,0,1
0.658212889814532,0.790274280324811,0,1
0.696133662814189,0.773395803980282,0,1
0.564071664208887,0.705764471827055,0,0
0.939681998347107,0.928706128653847,0,1
0.251847043501121,0.443568409279635,0,1
0.786884283722738,0.864543993517924,0,1
0.495258466368809,0.635914403384663,0,1
0.890900206746201,0.890528147210608,0,1
0.276198689794191,0.540654713494562,0,0
0.0152469091908527,0.0980127975230328,0,0
0.0648910046344299,0.249089942247925,0,0
0.899635086221365,0.892177128555363,0,1
0.6411502232455,0.703723236703222,0,0
0.730268721706867,0.786187045709741,0,1
0.504361704538003,0.577126190371277,0,1
0.557574600412517,0.700791919905895,0,0
0.363894482655444,0.516675438605376,0,0
0.78263564827275,0.862887550451044,0,1
0.756865251207524,0.794421808215743,0,1
0.700006136947798,0.773718947476743,0,1
0.961892414941854,0.930743761752482,0,1
0.768838371082727,0.799216619552247,0,0
0.977922591143854,0.93164302695134,0,1
0.590276449693662,0.708922483065103,0,0
0.619259090686529,0.713007035902236,0,1
0.639053217086991,0.79589014781861,0,1
0.326371386951202,0.621063343152652,0,0
0.0330290180615378,0.190839286201904,0,0
0.788176378613716,0.865041267049078,0,1
0.71018785058523,0.778824822218849,0,1
0.0790316916668774,0.253986450992873,0,0
0.14858183643697,0.402186561158999,0,0
0.686340244196245,0.768242737624229,0,1
0.535037377313737,0.635979649871478,0,1
0.191214442758997,0.362686777982853,0,0
0.0559533508849601,0.241216569143956,0,0
0.611412300307361,0.801401700883954,0,0
0.0536116268787951,0.231399726798962,0,0
0.213575311952273,0.394437914773971,0,0
0.502662670312029,0.575835438336578,0,1
0.0940311096204027,0.294925497875419,0,0
0.408906110715022,0.614628149762764,0,0
0.0201157980830675,0.128994603668361,0,0
0.119463745805841,0.357477449659274,0,0
0.940062513817168,0.928748780564628,0,1
0.558861088998048,0.701782379687295,0,0
0.686461375988035,0.768307472627208,0,1
0.377770203140738,0.575798799252982,0,0
0.763121410685379,0.796957377610873,0,0
0.896389034840285,0.89158039265002,0,1
0.910192162933909,0.924579560092683,0,1
0.496486148131659,0.636970639954214,0,1
0.762610231961185,0.79675268069249,0,1
0.708962033211512,0.77821943961679,0,1
0.951296853819249,0.929886410779025,0,1
0.241554490147186,0.456347460523857,0,0
0.561339707783018,0.703682521627457,0,1
0.0437732675678097,0.222435829861495,0,0
0.923177959017536,0.926596452471965,0,1
0.945256578758605,0.929303993742805,0,1
0.500906344889533,0.574496519305965,0,0
0.586117448185864,0.681938032071509,0,0
0.771941845056879,0.800419944948099,0,1
0.249331184277456,0.466994695979445,0,0
0.378990476046192,0.57722421773923,0,0
0.288605596198995,0.43587664191134,0,0
0.538803965214914,0.63881016871433,0,0
0.948956823814014,0.929668850509486,0,1
0.385400699549855,0.582888223106885,0,0
0.0450097658137391,0.228574581810897,0,0
0.682518632709486,0.767920069065605,0,0
0.495030660179878,0.635718127295212,0,1
0.296512000898722,0.482347673801459,0,0
0.415888606709211,0.622380215887418,0,1
0.862510296881771,0.884218769108602,0,0
0.821017713549855,0.834288815445964,0,1
0.170846340100497,0.419219189644126,0,0
0.685133278246063,0.76759634751988,0,1
0.997663361272585,0.93209225322407,0,1
0.78435929804084,0.863563502653952,0,1
0.725046355435369,0.783775230400174,0,1
0.310019979210334,0.573139972713263,0,0
0.159470790584411,0.363822814277831,0,0
0.864322154023422,0.884664837063556,0,1
0.610346218416627,0.800618545900015,0,1
0.390090398533776,0.588267388980892,0,1
0.75559073482088,0.793897153431953,0,1
0.718627885721305,0.780747675472693,0,1
0.647333125477405,0.707276669395821,0,1
0.20726336156334,0.456143282065433,0,1
0.885527817794699,0.889445635063542,0,0
0.719005962428497,0.780927948379183,0,1
0.302630563414622,0.541258926775346,0,1
0.0635984988767028,0.244291602269513,0,0
0.91279641549587,0.925009240607453,0,1
0.793850058451628,0.867189036376211,0,1
0.498583642971595,0.638769269186749,0,1
0.413925194208167,0.620209717027562,0,0
0.615562473989091,0.710648315980741,0,0
0.398515176103082,0.657234654340725,0,1
0.0389180400254918,0.196565315001487,0,0
0.301968332105358,0.540285227874193,0,0
0.246278558123536,0.462081484188989,0,0
0.972302587672126,0.931382287010861,0,1
0.767498049099355,0.79869190089128,0,1
0.403696613835598,0.531427679777419,0,0
0.736627208707252,0.791364171016986,0,1
0.302655015140592,0.541294861201957,0,1
0.527295827432172,0.6291058039714,0,0
0.207143239828657,0.455909465285391,0,1
0.254260283585724,0.447200563247168,0,1
0.434023068819374,0.525307597915142,0,0
0.0824258589644493,0.264426342317625,0,0
0.853287956728952,0.825370933150627,0,1
0.916329216291976,0.92557191524662,0,1
0.213107862551548,0.393677599548588,0,0
0.473722011760713,0.664744473951807,0,0
0.841459701675827,0.822325291062524,0,1
0.288278973458856,0.435466442260564,0,1
0.610708822050657,0.800885159131066,0,1
0.442048011955642,0.642698356714127,0,1
0.397491478371966,0.655965400197536,0,1
0.789374221308907,0.865499565599727,0,1
0.464512614006166,0.625397430493538,0,0
0.464802518415275,0.625669593323913,0,0
0.992028504325447,0.932038112477872,0,1
0.962229795446686,0.930767623152667,0,1
0.235080887982227,0.470939569205284,0,0
0.22695376712139,0.413679250946973,0,0
0.662738017543783,0.793023819204656,0,0
0.411946435203219,0.618014883808163,0,0
0.718754040551417,0.780807855021643,0,1
0.733453356559109,0.787635086937866,0,1
0.783294861198721,0.86314670508177,0,1
0.263314487798836,0.478328572102378,0,0
0.998358215305066,0.932094829935922,0,1
0.493700436770442,0.634570248366027,0,0
0.0839265143577084,0.211486275675036,0,0
0.112015683244561,0.309299913218631,0,0
0.561499724146447,0.703804824382198,0,1
0.510108942426164,0.615098038576584,0,1
0.934835506551214,0.928139273764108,0,1
0.9008260608354,0.922929726721107,0,0
0.465403647853741,0.626233465174737,0,0
0.206477133228115,0.454612246849614,0,0
0.56441760591633,0.697897723246717,0,0
0.308733381777422,0.571195940933004,0,0
0.650585633955945,0.709121160022726,0,0
0.515104006880762,0.6190387781899,0,0
0.843180091440765,0.822782940489209,0,1
0.131740414933202,0.340898576124639,0,0
0.251006777252771,0.469683092232424,0,0
0.597531434245502,0.713942493270336,0,1
0.625214781266975,0.716759277956872,0,1
0.412594085379022,0.618734069748836,0,0
0.900592174368736,0.922886434912609,0,1
0.810275025042448,0.830874911574238,0,1
0.540849882815387,0.640337987662399,0,1
0.405029360387868,0.532736960790992,0,0
0.397178144232737,0.655576474552798,0,1
0.113988847393116,0.314419304280589,0,0
0.937244946886955,0.928426559694619,0,1
0.234535513676866,0.469992202693222,0,0
0.152816827666154,0.374387779969203,0,0
0.510015806455522,0.581389789253906,0,0
0.455044535460524,0.620670970921773,0,0
0.0740269704927721,0.306726794947794,0,0
0.575572872479097,0.706160886209204,0,0
0.698535281376159,0.774634523810593,0,1
0.490548734681684,0.63183852202973,0,0
0.072893652287243,0.302208678426657,0,0
0.17966398853885,0.425433698463595,0,0
0.115935459352085,0.319458646000886,0,0
0.583462574137691,0.680123817555167,0,0
0.0850878029738902,0.214282654203677,0,0
0.38405487406639,0.581336929269183,0,1
0.147156395441107,0.398634807313103,0,0
0.411486235855594,0.617503371813938,0,1
0.625274958860185,0.716796889541273,0,0
0.359539661702456,0.55463864193799,0,1
0.895984347748299,0.891504665720544,0,1
0.417480347624906,0.562288463091885,0,0
0.933655236309334,0.927994596911703,0,1
0.820456832893364,0.834115496088448,0,1
0.116642487558014,0.321286239451034,0,0
0.103965621597775,0.27909605852083,0,0
0.132810138384591,0.343469874203671,0,0
0.638468367524552,0.795503474677908,0,0
0.684592135188276,0.767305732543857,0,1
0.790010083814763,0.865741792676731,0,0
0.542325863937077,0.616833393360308,0,0
0.675357869200262,0.763993304008366,0,1
0.686751671259533,0.768462509861558,0,0
0.338229868139484,0.626048651793186,0,1
0.650516312726789,0.709082026338901,0,1
0.404096018530049,0.531820359609087,0,0
0.640164497155045,0.703151013258257,0,1
0.934620218334862,0.928113077499993,0,1
0.429970692271424,0.521749597300445,0,1
0.506167545215638,0.578493240672723,0,1
0.332064802012981,0.551786360657943,0,0
0.578720536980714,0.676854470764257,0,1
0.863420303230424,0.884443546661003,0,1
0.283649356010557,0.478859874807868,0,0
0.83439032219953,0.820392315029166,0,0
0.519477204722905,0.622455752891205,0,0
0.226076260056796,0.412283722197288,0,0
0.419447228469028,0.564235431183247,0,1
0.166994673848613,0.468529053872146,0,0
0.912394524729941,0.924943756903815,0,1
0.0579471474662161,0.307232902451874,0,0
0.604003432878013,0.795914710574297,0,0
0.103951667942444,0.279060653587383,0,0
0.313478070934483,0.57834715504532,0,0
0.142941659911433,0.376957182866983,0,0
0.499510487543926,0.639561658622343,0,0
0.636097774582392,0.793929746328626,0,1
0.829255471019842,0.818935434612282,0,0
0.450012934881126,0.591062963509233,0,1
0.769449117166684,0.799454712602772,0,0
0.595337813678851,0.71243409945784,0,0
0.972264333046005,0.931380310431594,0,1
0.119715795317437,0.358183656220673,0,0
0.816317682597825,0.832819677749021,0,1
0.835156204912725,0.820605802193261,0,1
0.791571782727451,0.866333602000496,0,1
0.4548248726628,0.6204595603974,0,0
0.52720940611905,0.629039607653945,0,0
0.98538461742128,0.931898237602785,0,1
0.944635813433744,0.929240283971403,0,1
0.7630017536658,0.796909501590196,0,1
0.460261334058887,0.625666746563252,0,0
0.540235560283314,0.639879946900296,0,1
0.804560331246003,0.828977786372454,0,0
0.276869589554888,0.541757056745899,0,0
0.256533117803792,0.450610662609173,0,0
0.213861345395875,0.39490293073032,0,0
0.551206160776082,0.623114368300836,0,0
0.951395602838791,0.929895367325223,0,1
0.237736694489666,0.47554330508382,0,0
0.801599354759739,0.827972680658944,0,1
0.0304100182820271,0.24113045098154,0,0
0.506220011387676,0.578532883811707,0,0
0.284025358705272,0.479389603192589,0,0
0.282721729872661,0.477551806699887,0,0
0.391973890725496,0.649087130171763,0,1
0.53545736101367,0.636296400029574,0,1
0.772885363425527,0.800782556001223,0,0
0.961658254497253,0.930727075896511,0,1
0.150385637810829,0.406672554702031,0,0
0.39479014144399,0.652605725769191,0,0
0.162740260175215,0.370622372541279,0,0
0.836642154811526,0.82101718306544,0,0
0.0848024166415003,0.2135957737565,0,0
0.856285721654367,0.826105333253326,0,0
0.740845157125466,0.793238335207771,0,0
0.858336508405796,0.826599006762862,0,0
0.88992020982212,0.890334561731972,0,1
0.150776646034816,0.407643724345797,0,0
0.556686044291935,0.700106141908217,0,0
0.302517609996486,0.541092913292386,0,0
0.271223196123123,0.508700368124554,0,1
0.0164343755927748,0.105583065217932,0,0
0.515180771178199,0.619099024490466,0,0
0.0190493996175684,0.122222010276523,0,0
0.898228577809619,0.891920895774549,0,1
0.266981691434268,0.501973657384507,0,1
0.493373405549637,0.634287583489642,0,0
0.636417523971073,0.794142613430556,0,1
0.00149975684196624,0.0503158557912424,0,0
0.113238946048208,0.312475020513163,0,0
0.466541429895883,0.627298993473449,0,1
0.6232778015416,0.715545420813453,0,0
0.819671062347814,0.833871770827862,0,1
0.414805614415356,0.62118389826331,0,1
0.926854134814724,0.927110325554319,0,1
0.597383245707438,0.713840852988677,0,0
0.00183079711939682,0.0614118651893766,0,0
0.680037925602516,0.766569632552424,0,1
0.212773645037993,0.393133711497502,0,0
0.0152558322316609,0.098069717241636,0,0
0.735748231635494,0.790969804842832,0,1
0.551910382313489,0.623607192958325,0,1
0.783621089270462,0.863274663102996,0,1
0.0881690729527439,0.221685148400479,0,1
0.355699683402418,0.549999383335061,0,0
0.299701638761614,0.486623511686441,0,0
0.569002997717977,0.70132025838012,0,1
0.510153205237618,0.615133136043617,0,1
0.78212625002162,0.86268675292653,0,1
0.187057908308071,0.437315347824096,0,0
0.576495506561238,0.675307690803139,0,1
0.644377408346757,0.705585666707876,0,0
0.459867987286281,0.625291739967991,0,0
0.557977229969947,0.701102212052539,0,1
0.97432606333863,0.931482949446813,0,1
0.751672417552212,0.797910699515048,0,1
0.380986361000828,0.579549608716374,0,1
0.434016285468458,0.525301663319659,0,1
0.712831484096501,0.780121710575886,0,0
0.0937120937409671,0.293974111361696,0,0
0.637808222639604,0.795066267943245,0,0
0.114358495877141,0.315377093827283,0,1
0.101847987899014,0.273716630030486,0,0
0.666668779167022,0.795382470309996,0,0
0.167099877536969,0.468797311138674,0,0
0.764718468999262,0.797594062381398,0,1
0.750590411077428,0.797452740046232,0,1
0.312020271678708,0.576155195989645,0,0
0.570864599622042,0.70269942020945,0,1
0.645140645006562,0.706023675588142,0,0
0.811464609367515,0.831262742721595,0,1
0.201466319680321,0.483367730307319,0,0
0.676242716389235,0.764483272229805,0,0
0.822890583482289,0.834863627790254,0,1
0.41438567888523,0.620719424055166,0,0
0.493696805018326,0.634567110313931,0,0
0.514249396088927,0.618367416739112,0,0
0.939328627717671,0.928666277679043,0,1
0.0516507613619296,0.223160788711421,0,0
0.571552824094102,0.703207777628162,0,1
0.489760092346918,0.691531603466031,0,1
0.343828100189723,0.634266770013968,0,0
0.669916719851435,0.76095097017412,0,1
0.769440010661778,0.79945116715189,0,1
0.540059576958818,0.639748620344961,0,0
0.0416380471168103,0.211816556593299,0,0
0.235080865140091,0.470939529540482,0,0
0.0204397513304999,0.168021225543021,0,0
0.327778292358961,0.623216255699904,0,0
0.46805607787564,0.628713932566818,0,0
0.784569113089556,0.863645417011942,0,1
0.532272955828496,0.63388759063435,0,0
0.477426500678993,0.668316707364375,0,0
0.697949720678562,0.774333406245569,0,1
0.0174171853022141,0.111841708882737,0,0
0.69499076493403,0.772802862161648,0,0
0.311959586795294,0.576063848890898,0,0
0.559790959466444,0.702496485548078,0,0
0.606806645409534,0.798002950191949,0,1
0.182142657150037,0.426978670011396,0,0
0.250272590259165,0.468505869269089,0,1
0.578818058553812,0.676922078694206,0,1
0.262622671746097,0.477261885057854,0,1
0.239417049366716,0.452859178337209,0,0
0.359031350256983,0.554026119480312,0,0
0.904410998251795,0.923580529160126,0,1
0.869210305515542,0.885838752834418,0,1
0.514035778537585,0.618199419303316,0,0
0.0517476811070272,0.223568415502423,0,0
0.800337906910302,0.827539890436078,0,0
0.181189187919415,0.428685797527239,0,0
0.66874125440851,0.7602870849373,0,1
0.835371714766167,0.820665696415579,0,1
0.964796556770636,0.930942210518564,0,1
0.126845908688202,0.260810936482194,0,0
0.523311321703079,0.626041200758466,0,1
0.850611044662294,0.824702322703721,0,1
0.537609254036449,0.637914859224045,0,1
0.730046476086333,0.786085349500254,0,1
0.785459646223292,0.863992204554475,0,1
0.836595544769601,0.821004335802313,0,1
0.666532427149868,0.795301115315095,0,0
0.897739189729248,0.891830904555333,0,1
0.647791234010024,0.707537495785206,0,1
0.944637390354709,0.929240446722503,0,1
0.629298381903576,0.789358882541026,0,0
0.872428623890251,0.886588136197478,0,1
0.595655360428165,0.712652960869314,0,1
0.344348984290631,0.563714933986093,0,1
0.813457486310385,0.83190699887824,0,1
0.432381027987762,0.523868939372392,0,1
0.126545660437959,0.26023529528643,0,0
0.968568732665537,0.931176500501555,0,1
0.852563523898216,0.825191185190169,0,0
0.561259423588061,0.703621142478904,0,1
0.670612297562679,0.761342710582674,0,1
0.997724221909165,0.932092514877425,0,1
0.161308720285827,0.367648441845527,0,1
0.534539960104338,0.635604129381141,0,0
0.390978707821614,0.589281653677794,0,0
0.541147569998074,0.640559723849213,0,1
0.103377853275127,0.277604222792947,0,1
0.440742258109414,0.641336975663845,0,0
0.461464137447562,0.626811773107531,0,1
0.595891644190996,0.7128157022482,0,0
0.66237518108486,0.79280470541803,0,1
0.590149373531007,0.708833754859929,0,1
0.729382760096148,0.785781144603758,0,0
0.580902623862877,0.678363483968612,0,0
0.443103108613214,0.643796077598726,0,0
0.496788444539891,0.63723032614817,0,0
0.430088817029906,0.52185367043198,0,0
0.210073853104855,0.461603788512955,0,0
0.22680111615544,0.413436598776545,0,0
0.457388676090369,0.6229217411644,0,0
0.433552712632812,0.52489592573592,0,1
0.779283759068554,0.861557654493076,0,0
0.420858376287579,0.565628235459265,0,0
0.673368332534351,0.762886750097762,0,1
0.166038683927901,0.466089837070584,0,0
0.824058984392986,0.835219165154395,0,1
0.685406776140198,0.767743036736662,0,1
0.789052398593405,0.86537669050312,0,1
0.359484487624365,0.554572179906615,0,1
0.662549000439445,0.792909702815425,0,1
0.217090463871901,0.400140902516607,0,0
0.221005787567951,0.477168845742651,0,0
0.242456772417669,0.457817029607409,0,1
0.264588317024036,0.480290025891907,0,0
0.408411955598448,0.614076041435401,0,0
0.828695448217901,0.818773852486138,0,1
0.947419554192702,0.929520369783293,0,1
0.632457996732541,0.791493444702127,0,1
0.134739136480223,0.348999008442467,0,0
0.419993452683376,0.564774957106121,0,0
0.936185388909844,0.928301558079893,0,1
0.32054427532839,0.599981592063808,0,0
0.619280986047787,0.713020938898244,0,1
0.935133647276181,0.928175408839202,0,1
0.460682336045848,0.626067816239805,0,0
0.500399054116844,0.574108912166561,0,0
0.918693709753668,0.925935514500862,0,0
0.929823571009675,0.927507013514039,0,1
0.904486873389572,0.923594044478678,0,1
0.513634530677844,0.617883662171835,0,0
0.639811250595204,0.702945568193867,0,1
0.589006175878152,0.708034304450863,0,0
0.158494819927821,0.361787939453324,0,0
0.623449004381469,0.715652961476422,0,0
0.31914432287823,0.59785916407035,0,1
0.13073550060015,0.338480172333232,0,0
0.215003004569044,0.396757286442982,0,0
0.31366029718252,0.578620825016573,0,1
0.951451800776721,0.929900456367532,0,1
0.990767161698406,0.932017885443742,0,1
0.866886363791547,0.885286016426807,0,1
0.461860979007451,0.622901231204955,0,0
0.465617252578218,0.62643367823126,0,0
0.764728506981665,0.797598050512107,0,1
0.098408077116258,0.325990026147944,0,0
0.994037369653802,0.932064203544083,0,1
0.69221488321809,0.771353450293286,0,1
0.299285691038767,0.486067018759895,0,0
0.908848192530519,0.924352869911767,0,0
0.552578846761746,0.624074278302494,0,0
0.0851899774597158,0.214528520197383,0,0
0.108245743208854,0.332598714388678,0,0
0.0316648552644097,0.183084139083589,0,0
0.216194736223043,0.398690098267575,0,0
0.0514139449718162,0.222164606855274,0,0
0.5102724652618,0.615227685531383,0,0
0.082940388821832,0.266005585576899,0,0
0.443122283021655,0.643816007399846,0,0
0.236200740742154,0.472882742185671,0,0
0.5597206976291,0.702442579703392,0,1
0.438967791441904,0.639481813134083,0,0
0.837540462760026,0.821264070321789,0,1
0.336544754529903,0.557728567839079,0,0
0.230231646921176,0.41887816984261,0,0
0.940115833345593,0.928754735579843,0,1
0.466363696401078,0.627132696386479,0,0
0.0281577592324579,0.22352690639313,0,0
0.0794363838246498,0.255233240424214,0,0
0.555571767565301,0.699244210588583,0,1
0.210771402376784,0.462956053584078,0,1
0.148235615253664,0.401324432370061,0,0
0.195532375136644,0.373820356839921,0,1
0.744748949559016,0.794945949422658,0,1
0.94901396087113,0.929674284309922,0,1
0.129377967952694,0.335208723363831,0,0
0.879780247409848,0.888229923827861,0,1
0.711919822812736,0.779675819033192,0,1
0.556843317486007,0.700227623872385,0,1
0.067018638517752,0.256974204086444,0,0
0.787741116949661,0.864874090725081,0,1
0.812280154293412,0.831527219202056,0,1
0.754581866679249,0.799132249424955,0,1
0.550489561617464,0.622612087157892,0,0
0.631604793236803,0.790918841094898,0,1
0.436662894082981,0.637063323374066,0,1
0.307847008909365,0.569854536223917,0,0
0.207711269262026,0.457014821407037,0,0
0.770760889415698,0.799963964128982,0,1
0.934775817681433,0.92813201948101,0,1
0.621515713937702,0.71443572885589,0,0
0.534247428646956,0.635383097980237,0,0
0.883270467005345,0.888975266734972,0,1
0.0448029729618166,0.227548485667134,0,0
0.302675540936611,0.541325025081824,0,0
0.382471111062753,0.581274624569073,0,0
0.0310994906863417,0.179866886068619,0,0
0.519932954618519,0.622810069457651,0,0
0.940576414935771,0.928805955218033,0,1
0.797245019387289,0.86844631379965,0,1
0.535094361688559,0.636022644060828,0,1
0.676541039911815,0.764648162082821,0,1
0.785234819179129,0.863904788935807,0,1
0.261093302026839,0.47490024995844,0,0
0.275663601411056,0.539774786668731,0,0
0.605223786714462,0.796825630615262,0,1
0.674181115785227,0.763339626166526,0,0
0.00361347346771346,0.121101439860686,0,0
0.855700978983276,0.825963271715969,0,1
0.144912046473848,0.381747893744925,0,0
0.512352173407835,0.616872779352939,0,1
0.562180388708078,0.704324567264234,0,1
0.00719114939208798,0.137234129130265,0,0
0.428850537923721,0.520761619784074,0,1
0.533742766469458,0.635001458064747,0,0
0.690706700377181,0.770560455282642,0,0
0.903173884466909,0.923358653273592,0,1
0.0685611264993141,0.307656741842066,0,0
0.283098714600508,0.478083606184904,0,0
0.527932312951505,0.629592961385537,0,0
0.290234964686881,0.437920124103806,0,0
0.420131286556929,0.56491102049111,0,1
0.982052953257923,0.931797117084917,0,1
0.056933360794976,0.302015431045038,0,0
0.928913212204799,0.927387145597082,0,1
0.667978213958503,0.796162055983268,0,1
0.498580546266733,0.638766619256181,0,1
0.464697086768199,0.625570630939522,0,1
0.558934470839919,0.701838788971682,0,1
0.291587157234313,0.43961242656245,0,0
0.171800480723947,0.421340541637889,0,0
0.619740655748733,0.713312632844713,0,0
0.988477295805034,0.931973585272252,0,1
0.516220664524779,0.619914215745614,0,1
0.671008350024413,0.761565393008275,0,0
0.519532579676573,0.622498821340343,0,1
0.200030860891208,0.480306748412474,0,0
0.578695867528697,0.676837365908001,0,1
0.95787955997566,0.930443679138031,0,1
0.692424153915218,0.771463177536036,0,0
0.0273369390689997,0.217101261832686,0,0
0.363118807327168,0.515818529249533,0,0
0.633885352615015,0.792451741612353,0,1
0.567073107928451,0.699884203292276,0,1
0.121333711011643,0.36271200966186,0,0
0.936473283219615,0.928335729554868,0,1
0.393839133242673,0.651419372316104,0,0
0.72926272201342,0.785726047067229,0,0
0.785687255374366,0.864080608626241,0,0
0.212992721861089,0.39349025170596,0,0
0.662624342622569,0.792955197250807,0,1
0.523367099658954,0.626084278790787,0,1
0.178297230192209,0.422514292879196,0,1
0.718440858164123,0.780658408186858,0,1
0.540576510467348,0.640134236029338,0,0
0.21409378989443,0.395280700412656,0,1
0.41806181149723,0.562864725819051,0,1
0.680761518689138,0.766964624804202,0,0
0.993761523701813,0.932061066453147,0,1
0.54843783083058,0.621169549116531,0,0
0.793920036977661,0.867215162698613,0,1
0.330578172353899,0.549805658840277,0,0
0.511561038729014,0.616247799888005,0,0
0.835025000366442,0.820569299621394,0,1
0.97045799025977,0.931283872734172,0,1
0.178472006055394,0.422887886371345,0,0
0.851307588403249,0.824877461517482,0,1
0.98839697100265,0.93197185383624,0,1
0.450462015921403,0.591481381667783,0,1
0.307960143940304,0.570025846393957,0,0
0.912459604598273,0.924954381387598,0,1
0.219857230199004,0.474995489773127,0,0
0.988263707658093,0.931968954756227,0,1
0.401541610307008,0.529304420966201,0,0
0.0922336277020718,0.289560576280172,0,0
0.136774876844266,0.353885296950211,0,0
0.477072327948467,0.667976270036309,0,1
0.0609477738588955,0.322642794542069,0,0
0.251885434908355,0.443626283826404,0,0
0.795002259754099,0.867618078768028,0,1
0.785331925856358,0.863942556481557,0,0
0.810819833699886,0.831052834172675,0,1
0.0462628115581868,0.262861174564969,0,0
0.766448999974693,0.798279095393352,0,0
0.806846546838304,0.829743504459776,0,0
0.0160496773040639,0.103131558994707,0,0
0.391327934357733,0.589679993014232,0,1
0.86557707172943,0.884970321467499,0,1
0.958474634949778,0.930490074772869,0,1
0.919591941317178,0.926070908101587,0,0
0.546987934292888,0.620146189350448,0,1
0.309921272883008,0.572990957018216,0,0
0.589264996107915,0.708215495224848,0,1
0.595990487876512,0.712883753007938,0,0
0.664551851390028,0.794115644921367,0,1
0.590815024658507,0.709298226060197,0,1
0.86805544870744,0.885565293476432,0,1
0.373977832429774,0.601243144515699,0,1
0.244016535325494,0.460353327617975,0,0
0.0204865724393395,0.16840212668945,0,0
0.232688609181843,0.466778940614242,0,0
0.161601649144728,0.368257395864462,0,0
0.238160396061621,0.476276294022741,0,0
0.880963166385235,0.88848499822393,0,1
0.731599432383161,0.786794206476565,0,0
0.243389081523123,0.459333666527959,0,0
0.793054272007015,0.866891307350125,0,1
0.544120853184583,0.618112900890473,0,1
0.406486244474972,0.534164842114765,0,0
0.205802262934127,0.49258034191124,0,0
0.310731880275837,0.574214089479274,0,1
0.0792465180296683,0.254648363631294,0,0
0.233623509285969,0.468406456543049,0,0
0.665751396291747,0.794834468892906,0,0
0.351020154005771,0.572320542220826,0,0
0.819720195451028,0.833887041813193,0,1
0.661154900807732,0.792066060132364,0,1
0.624351102744157,0.716218805057998,0,1
0.420277839786501,0.565055655759721,0,1
0.64500228286452,0.70594434168225,0,0
0.874830654739709,0.887135280357785,0,0
0.311272653538338,0.57502926746872,0,1
0.34275202723104,0.632692531691532,0,0
0.848679156518333,0.824212285855483,0,1
0.529894112845496,0.631090367029546,0,1
0.923688087207271,0.926669266002406,0,1
0.18755294773439,0.438352952348824,0,0
0.214873261323796,0.396546684910054,0,0
0.862458745732055,0.884205990960923,0,1
0.0994903809541693,0.329387723562184,0,1
0.471662375290519,0.662747454478981,0,0
0.839403559275121,0.821771776345274,0,1
0.693736603577259,0.772149634646319,0,0
0.462241484501935,0.623260189648186,0,0
0.165198494150311,0.463943775443874,0,0
0.550815891837309,0.622840919029149,0,0
0.987978668877741,0.931962642738416,0,1
0.805157544665633,0.829178679385294,0,1
0.0549288340572585,0.236924640493996,0,1
0.710928376194685,0.779189300404869,0,1
0.976616274568013,0.93158767282829,0,1
0.19337392355409,0.366344885802886,0,0
0.95640770632153,0.930326088906164,0,1
0.233345547273155,0.467922775103418,0,0
0.819397822459246,0.833786769631739,0,1
0.14941868419133,0.404268956535354,0,0
0.514104738137163,0.618253659980074,0,0
0.364014683134269,0.516808133849525,0,0
0.670687526949645,0.761385029283429,0,1
0.179117090301708,0.424266103189813,0,1
0.579748340852307,0.677566220571333,0,1
0.00242368765383372,0.0812755349010961,0,0
0.425654235232305,0.517931813587179,0,0
0.51579320900155,0.61957933748316,0,1
0.837796599817209,0.821334216547738,0,1
0.757637663778895,0.794738436964792,0,0
0.0918916391054209,0.288538643186602,0,0
0.625033667374407,0.716646043560333,0,1
0.66000288620214,0.79136629117073,0,1
0.734028736033026,0.787894875452812,0,1
0.554860034695348,0.698692528334295,0,1
0.107355509900625,0.330018589258788,0,0
0.640347780647207,0.70325752988015,0,0
0.670530852990065,0.761296884763438,0,0
0.250106991551986,0.468240182676407,0,0
0.94827526011532,0.92960356372627,0,1
0.452649115070923,0.618360940147573,0,1
0.866715638882911,0.885245026625656,0,1
0.653081092620781,0.710524743266116,0,1
0.616535109329149,0.711271139941287,0,1
0.549400879797135,0.621847471025867,0,1
0.647567460217142,0.707410131410686,0,0
0.844335250083116,0.823087428020239,0,1
0.776878823436958,0.860590933017059,0,1
0.67262746644436,0.762472962681559,0,0
0.0318453336719814,0.184110770699767,0,0
0.00869477233051752,0.165803702648814,0,0
0.358537644993804,0.553430732477569,0,1
0.0306338211978064,0.177215545707911,0,0
0.517847453238824,0.621185973936475,0,1
0.00355390080352047,0.119108484120223,0,0
0.480730399442563,0.68284027749659,0,1
0.377608612442663,0.57560983301073,0,0
0.957464037952186,0.930410891123134,0,0
0.0558535499925743,0.240798685681445,0,0
0.0651909732536051,0.250202607828136,0,0
0.84926654724442,0.824361947765457,0,1
0.795257878233905,0.867712936876849,0,1
0.93584615217167,0.928261094240489,0,1
0.0782366485962054,0.251535459376503,0,0
0.620099774481253,0.713540274669911,0,1
0.514404873778467,0.618489644204326,0,1
0.321574044864929,0.601540007749811,0,0
0.610811450593289,0.800960574219321,0,1
0.918077788485158,0.925841805250197,0,1
0.0625655064824111,0.240451922873968,0,1
0.659726140183833,0.791197833352662,0,1
0.285171506428626,0.48100262822618,0,0
0.405447691477591,0.533147322279414,0,0
0.849694534459999,0.824470628514209,0,1
0.121729505377973,0.363818522752185,0,0
0.84297107360138,0.82272760508896,0,1
0.404242744363317,0.531964548906918,0,1
0.9838874787321,0.931855357458458,0,1
0.918015661505289,0.925832313685312,0,1
0.407674382738408,0.535326736031604,0,1
0.297920308091567,0.484237961890071,0,0
0.220946383164332,0.477056516372263,0,0
0.217735939619497,0.401185346939203,0,0
0.768738064246602,0.799177455747722,0,1
0.755442481862971,0.793835946993444,0,1
0.978253231371106,0.931656533075389,0,1
0.0833097718872274,0.267138784469275,0,0
0.220183380355005,0.475612972455241,0,0
0.983710935932273,0.931850025613168,0,1
0.546374378851182,0.619712144415948,0,1
0.553670415566558,0.697768453389429,0,1
0.348770995297779,0.569429029189381,0,0
0.703786435945378,0.77563524798913,0,1
0.499763781338263,0.639777952616905,0,0
0.469493261129566,0.630052786648059,0,0
0.549772844580304,0.622108921829618,0,0
0.0251802014725953,0.206493549353445,0,0
0.531260639371755,0.633118387488921,0,0
0.132964560833735,0.343840798170098,0,0
0.458929094221762,0.624395519401631,0,0
0.082271202398694,0.263951482748971,0,0
0.888961649120884,0.890143535960895,0,1
0.37842560475225,0.576564731231394,0,1
0.430354710421761,0.522087855340868,0,0
0.742061181625444,0.793773033315335,0,0
0.155774519383407,0.381022795971609,0,0
0.575023691921427,0.705759102547221,0,1
0.511047750732553,0.615841771471832,0,1
0.368303577674773,0.594186956801302,0,1
0.683335516406005,0.768362460192337,0,1
0.794486202791233,0.867426213216248,0,1
0.467684493193896,0.628367181635324,0,1
0.627351105797296,0.788034247803542,0,1
0.912539116819002,0.924967351280042,0,1
0.456971862339395,0.622522238918922,0,0
0.135019947154479,0.349673708963453,0,0
0.543233094369514,0.617480715456468,0,1
0.430028055593036,0.521800139615246,0,0
0.768313079994071,0.799011336392098,0,1
0.797674610834304,0.868603919100836,0,1
0.171845971871529,0.421441621634561,0,0
0.437938936320602,0.638403478069925,0,0
0.266820994833954,0.501718037046831,0,1
0.954689224603925,0.930183684659841,0,1
0.936872133873722,0.928382815629578,0,0
0.434348751981496,0.634625157975849,0,1
0.431010687816217,0.522665138329344,0,1
0.746477150496638,0.795693630119302,0,0
0.59597594957556,0.712873744890489,0,1
0.259070986594322,0.471769900762101,0,1
0.483170065231503,0.685203553859446,0,1
0.890108376680094,0.890371865898868,0,1
0.68155409181953,0.767396245394443,0,0
0.563126528288884,0.705045680797375,0,1
0.876753924425973,0.887565873099927,0,1
0.276276382664522,0.540782421579069,0,0
0.996847475399755,0.932088078797402,0,1
0.199839833323086,0.381143382528452,0,0
0.839793527917021,0.821877304214604,0,1
0.742341960791668,0.793896137339482,0,1
0.864053917405152,0.884599172046972,0,1
0.584917574481669,0.681119532144475,0,0
0.232381263876941,0.466243466788606,0,1
0.483519931314712,0.685541552670796,0,1
0.862375213582558,0.884185275411378,0,1
0.797804504678169,0.868651507765019,0,1
0.173510536852273,0.425136417704942,0,0
0.992209928883655,0.932040777843118,0,1
0.0304122411873666,0.241147804923355,0,0
0.392648463279658,0.649931422171551,0,1
0.754401315327794,0.799056862814132,0,0
0.973739682897925,0.931454564071496,0,1
0.142126642134039,0.374972360871145,0,0
0.92404054865323,0.92671929146654,0,1
0.219023954553101,0.473416720934483,0,1
0.55263854681423,0.624115959420399,0,0
0.432807469754363,0.524242962942956,0,0
0.808055104511424,0.830144644164515,0,1
0.138569580912061,0.35818349151689,0,0
0.190869921165836,0.362102262164626,0,0
0.567512504562398,0.700211727905481,0,1
0.209951683382147,0.461366828040544,0,0
0.879992648554471,0.888275909953923,0,0
0.578353004514613,0.676599534086751,0,0
0.911755104974855,0.924838949827368,0,1
0.764341582360648,0.797444200680265,0,0
0.474943139113589,0.665924793363599,0,1
0.692408298434992,0.771454866619511,0,1
0.0598022012579836,0.316765441222913,0,0
0.631258531256355,0.790685265325467,0,1
0.98404726438354,0.931860133122537,0,1
0.119384480229864,0.35725531710182,0,0
0.451566673952075,0.592509160153231,0,0
0.0185339447003788,0.118945765113881,0,0
0.688127858423598,0.769195532397195,0,0
0.0194226314446796,0.124593207405274,0,0
0.455272220228531,0.620890012124764,0,0
0.219150410165682,0.473656419014589,0,0
0.807215496096938,0.82986623163824,0,1
0.645637406758507,0.706308253352742,0,1
0.666268828894062,0.795143743989928,0,1
0.549891106258049,0.622192001695657,0,0
0.250446403074706,0.468784671462524,0,0
0.815691024250173,0.832620919580351,0,0
0.880119955449127,0.888303433686003,0,1
0.438317098996436,0.638800057069259,0,1
0.586329815055659,0.682082652409374,0,1
0.624300424305366,0.716187052854612,0,1
0.727605559737709,0.784962911719927,0,1
0.590903749188593,0.709360078328861,0,1
0.806597576574852,0.829660554463093,0,1
0.824088078962754,0.835227988427737,0,1
0.556550365452133,0.700001305359075,0,1
0.882953804190034,0.888908548514367,0,1
0.202938642047466,0.486501609222226,0,0
0.413615433707173,0.619866620060499,0,0
0.630109849348143,0.789908834738393,0,1
0.10257269717212,0.275559039483816,0,0
0.718643620785175,0.780755183032177,0,1
0.479683337774058,0.670480603004347,0,0
0.378993837107876,0.577228139979958,0,0
0.451846707333931,0.592769375809654,0,0
0.36758615530954,0.593290276383638,0,1
0.239538043891119,0.45305690232513,0,1
0.915872425738711,0.925500471192605,0,1
0.799362294910707,0.869219847774934,0,1
0.33394002138746,0.554278517003399,0,0
0.169051671589426,0.473768015539677,0,0
0.116626226140213,0.321244221826918,0,0
0.795332848076821,0.867740735179185,0,1
0.702028228483525,0.774747004299335,0,1
0.0752326551411887,0.311527342427846,0,0
0.116593989666254,0.321160924217563,0,0
0.913804033697237,0.925172097161708,0,1
0.869771393913809,0.885970745625797,0,0
0.291952444437503,0.440069038893783,0,1
0.101999969458544,0.274103132020505,0,0
0.808891381538515,0.830420744053192,0,1
0.0261736642002292,0.207985479665081,0,0
0.636347695922126,0.794096142699095,0,1
0.16008701479136,0.365106410410377,0,0
0.691624428700527,0.771043453972693,0,1
0.168019696155913,0.471141299354224,0,0
0.349048727297393,0.569786622156208,0,0
0.122086916318615,0.36481729983034,0,0
0.287087031015409,0.433967905748618,0,0
0.129097362647584,0.334531870221445,0,0
0.463386171191166,0.624338524845126,0,1
0.649407730332602,0.708455147245596,0,0
0.394510568662381,0.652257160640076,0,1
0.952958501459225,0.93003470174586,0,1
0.754865390741753,0.799250518919068,0,0
0.544375330738843,0.618293891101148,0,0
0.563522891938614,0.705347311242063,0,1
0.320603953308143,0.600071971065419,0,0
0.512519766949796,0.617005044623549,0,1
0.757811697191473,0.794809637980952,0,1
0.001809625475787,0.0607023312912903,0,0
0.480591897375617,0.682705778278458,0,1
0.904156541034361,0.923535125420413,0,1
0.849500214007486,0.824421322135421,0,0
0.220995434551641,0.477149269564452,0,1
0.736236442077644,0.79118900996634,0,1
0.584873636653729,0.681089514760733,0,1
0.525536114323493,0.627755527336045,0,0
0.661444512850285,0.792241605767089,0,0
0.632067612518019,0.791230699518721,0,1
0.0714173978123835,0.319999861532523,0,0
0.416842235699763,0.623431798735949,0,1
0.199297220814833,0.380223061954694,0,0
0.700583440796732,0.774013165196784,0,1
0.273310332169476,0.53589723132048,0,0
0.436419434407528,0.636807286270255,0,1
0.821625647211276,0.834476062356288,0,1
0.783062987401515,0.863055638892856,0,1
0.854160149828254,0.825586169065271,0,1
0.479053845178159,0.669877976100723,0,1
0.92649473999973,0.927061198754293,0,1
0.0315546880574655,0.182457370959571,0,0
0.938283246344055,0.928547023031803,0,1
0.348628792581863,0.569245877482793,0,0
0.812823076692537,0.8317026500939,0,0
0.948321096921781,0.929607981581304,0,1
0.891814071682084,0.890707109352788,0,1
0.69801911737347,0.774369123184793,0,1
0.670183139460289,0.761101111909448,0,1
0.973577972773013,0.931446623283985,0,1
0.465108735048676,0.625956910045262,0,0
0.104017061687615,0.279226573891659,0,1
0.0241474169743731,0.198127626376816,0,0
0.881300204274654,0.8885572124555,0,0
0.0261910195762932,0.20812156183324,0,0
0.95082798929799,0.929843636656214,0,1
0.569917642393186,0.701998615980777,0,1
0.657567931706287,0.789879409906602,0,0
0.909170421043422,0.924407527719184,0,1
0.901952282506061,0.92313675980534,0,1
0.390855031377848,0.589140529450226,0,1
0.612539471741332,0.80222739931587,0,1
0.52183535173648,0.624899458630892,0,0
0.81704122134026,0.833048321611162,0,1
0.0561828129185193,0.242177198511076,0,0
0.626975447631048,0.787777907749108,0,1
0.429738375018603,0.521544852612291,0,1
0.860930796881652,0.883825078326725,0,1
0.687866528027372,0.769056583684784,0,1
0.261024605483191,0.474794054716004,0,0
0.134238750930384,0.347796195117498,0,0
0.541341679477201,0.640704231372709,0,1
0.981899402015865,0.931791957776413,0,1
0.349907255365282,0.570891052734164,0,0
0.995411748899134,0.932077719806068,0,1
0.518075223945074,0.62136369406864,0,1
0.190337288809971,0.361198107440104,0,0
0.0306156522519868,0.177112072997189,0,0
0.303023067470841,0.541835601247983,0,0
0.0350781646497565,0.202467960938762,0,0
0.590051124984576,0.708765136059405,0,1
0.70162053599018,0.774540287904995,0,1
0.66998786194305,0.760991074421599,0,1
0.356209842177652,0.550617327610646,0,1
0.111644728490778,0.308336196220235,0,0
0.641320190861645,0.703821745869322,0,1
0.0631973162840663,0.242800891248397,0,0
0.644363201139949,0.705577504505437,0,0
0.835288882121857,0.820642684943582,0,0
0.0571590413813742,0.303177385829308,0,0
0.35586969385806,0.550205367698242,0,1
0.6187194242936,0.712664108790033,0,1
0.638600787950913,0.795591079234635,0,0
0.19793874281164,0.377916222466064,0,0
0.623362852098201,0.715598851231593,0,1
0.557540637654748,0.700765733107373,0,1
0.885717763734168,0.889484795495368,0,1
0.697025447018004,0.773856920536092,0,1
0.364263100436321,0.517082294508828,0,0
0.225347563063976,0.485355633187487,0,1
0.610909136724332,0.801032338977564,0,1
0.255565373706337,0.449159957844007,0,0
0.0758133062638469,0.313837028335612,0,0
0.822702104278647,0.834806054277758,0,1
0.227952298732501,0.415265323274894,0,0
0.379552820846564,0.577880158988475,0,1
0.846487380942849,0.823648702831771,0,1
0.103150650873477,0.277027290116016,0,0
0.969389783138797,0.931223980785139,0,1
0.522823738989747,0.625664419731366,0,0
0.673336502314276,0.762868991604727,0,1
0.73153043066932,0.786762797015057,0,1
0.980978805009801,0.931760104084723,0,1
0.552756977405058,0.624198628304375,0,1
0.699724344415301,0.775244187225846,0,1
0.682686321302634,0.768010975384857,0,0
0.630233141183363,0.789992287296591,0,0
0.799344961723086,0.869213548163803,0,1
0.345654499497585,0.565405935552149,0,0
0.481891832243155,0.683966732166122,0,1
0.0781225390910315,0.251183504321614,0,0
0.910105838329463,0.92456510074255,0,1
0.559225740809778,0.702062598279339,0,1
0.524986167070555,0.627332508550073,0,1
0.266951889825313,0.50192625614988,0,1
0.89999288557867,0.892241742256294,0,1
0.0139135681778281,0.179134727253253,0,0
0.0970011361003359,0.321567087966945,0,0
0.0600749249737116,0.318165298486556,0,0
0.240922342563993,0.455316824258442,0,0
0.496849209461896,0.637282507120638,0,0
0.463524047411238,0.62446825404975,0,0
0.270546209102711,0.507629335145354,0,0
0.555109186833468,0.698885752920797,0,0
0.227335146551327,0.414285277801852,0,0
0.365696296781866,0.5186619207301,0,1
0.169963117656917,0.417253333908521,0,0
0.664272579170293,0.793947922267179,0,1
0.081667181500045,0.262096122326736,0,0
0.343288689487843,0.633477962874906,0,0
0.531025317743627,0.632939341408985,0,0
0.549530082217375,0.621938310754494,0,1
0.367654358738842,0.593375565177449,0,1
0.643752039711339,0.705226076571809,0,1
0.164448079972653,0.462025196901417,0,0
0.724297165023449,0.783425442864018,0,1
0.925249655897346,0.926889142257352,0,1
0.989825937604811,0.932000859527636,0,1
0.878482557589275,0.887947200044905,0,1
0.260918861649078,0.474630570252806,0,0
0.0380933326539202,0.192480835000429,0,0
0.974025765044137,0.931468492749531,0,1
0.557119892123682,0.700441152864465,0,0
0.53970997919376,0.639487585913063,0,1
0.146461133031151,0.396900274805376,0,1
0.912492177539332,0.924959696053111,0,1
0.957609588337334,0.930422412840277,0,1
0.859629895072581,0.883497451102985,0,1
0.692760465061096,0.771639359759963,0,1
0.385901348643676,0.583464440801963,0,1
0.926727881991679,0.927093095097649,0,1
0.854466398240311,0.825661439254052,0,0
0.837886240305768,0.821358739532239,0,0
0.584056893061529,0.680530954555204,0,0
0.0699774676491473,0.313782071024458,0,0
0.0256547757142321,0.203915794775839,0,0
0.225602119698981,0.411529022138728,0,0
0.092302327815515,0.289765820085799,0,0
0.745105392777664,0.79510057511561,0,1
0.851055445372772,0.82481415724558,0,1
0.540469999664386,0.640054817883637,0,0
0.611271163713168,0.801298143680432,0,1
0.473137584532385,0.664178607110283,0,0
0.935188677537788,0.928182060468892,0,1
0.612812702378953,0.708878972921699,0,1
0.620361122295135,0.713705805251654,0,1
0.858006603334509,0.826520069601184,0,1
0.383737553062436,0.580970668236686,0,0
0.0641095130546635,0.246189499931744,0,0
0.740147197199839,0.792930299295674,0,1
0.844189280483019,0.823049076247085,0,1
0.520233477466804,0.623043522921595,0,1
0.467644533228777,0.628329877855257,0,1
0.098624116119152,0.326668567592865,0,1
0.313258145173151,0.578016770657698,0,1
0.187386171789119,0.438003459929485,0,1
0.747424940356067,0.796101520730494,0,0
0.160366418234798,0.365688098097876,0,0
0.68463082024089,0.7673265244916,0,1
0.440671024834507,0.641262616200444,0,0
0.00425129838543781,0.142431894077687,0,0
0.702337922578718,0.774903842690152,0,0
0.792892482436361,0.866830636411611,0,1
0.33848934903781,0.626431108761265,0,1
0.477336016112812,0.668229753875129,0,1
0.0487167507088292,0.27645656570923,0,1
0.226570679018213,0.413070207875796,0,1
0.696256927568846,0.773459621439516,0,1
0.141137325482975,0.372560531965008,0,0
0.2305909756224,0.419446743666442,0,0
0.694787656752688,0.772697255556618,0,0
0.0683654991268832,0.306809968641346,0,0
0.729332462821735,0.785758061105254,0,1
0.627457935876339,0.788107098898963,0,1
0.652066072785955,0.709955054036511,0,1
0.321466896069583,0.601377962845269,0,1
0.538442993092031,0.638539902535407,0,1
0.0787826131695245,0.253218809017792,0,0
0.284516205689422,0.480080710520057,0,1
0.202866019436683,0.486347165586003,0,0
0.511348069926136,0.616079386021722,0,0
0.652209250046824,0.710035514421067,0,1
0.615086770040968,0.710343125928938,0,0
0.133637062598576,0.345455382581413,0,0
0.180155346017895,0.426482053892963,0,0
0.497256714619296,0.637632283280081,0,1
0.0200489662091207,0.128570377274872,0,0
0.736137967040207,0.791144827585577,0,0
0.592424391886707,0.71041807453463,0,1
0.158833277047339,0.362493881686644,0,0
0.917311772021706,0.925724273082027,0,1
0.54372596113089,0.617831844615451,0,1
0.997762672476995,0.93209267662565,0,1
0.0423243386656313,0.215232331704497,0,0
0.812946477529161,0.83174245291322,0,1
0.0773806866977319,0.320064435162742,0,0
0.940246959035672,0.928769357867535,0,1
0.361436012227393,0.513955910061912,0,1
0.666612268525069,0.795348757039037,0,0
0.71460682413037,0.780985969587663,0,1
0.71309883734974,0.780252204461986,0,1
0.693951527972019,0.77226176791784,0,1
0.011649682113684,0.150158561731741,0,0
0.220475624296656,0.476166042978082,0,0
0.797271872245436,0.868456175170289,0,0
0.786970271892707,0.864577180713421,0,1
0.801662058118601,0.827994121995906,0,1
0.00782859412378445,0.149351179238128,0,0
0.0413461265168821,0.21036288257112,0,0
0.0738261062175675,0.305926427023465,0,0
0.87374764834593,0.886889876299371,0,1
0.477439029937707,0.668328746493658,0,0
0.73172320801767,0.786850528701349,0,1
0.218316752983501,0.402124424817565,0,1
0.669830001425541,0.760902073538701,0,0
0.444027163540108,0.585453256489874,0,0
0.988640193897181,0.931977059681194,0,1
0.286248259207652,0.432911880056737,0,1
0.108493420425297,0.33331608891272,0,0
0.546901113581495,0.6200848058244,0,0
0.681171499798139,0.767188026847588,0,1
0.134720267483233,0.348953664271903,0,0
0.53924404364307,0.639139377138491,0,1
0.744391073365556,0.794790484721326,0,1
0.111843434728644,0.308852472521457,0,0
0.785671263130946,0.864074400256318,0,1
0.544158610420855,0.618139761078414,0,0
0.0105245355922341,0.135732750743132,0,0
0.58909789453778,0.708098526456964,0,0
0.80467022934278,0.829014800488085,0,0
0.990943066272342,0.932020884238163,0,1
0.991309619045469,0.932026947836555,0,1
0.413950401614831,0.620237629281943,0,0
0.0373350047922593,0.188722017144461,0,0
0.970412131676332,0.931281345247417,0,1
0.220539683718303,0.47628724748329,0,0
0.955011573092619,0.930210815973482,0,1
0.965372804258571,0.930979717864223,0,1
0.328336699020378,0.624069507920796,0,0
0.762756972183444,0.796811486646637,0,0
0.631921808991642,0.791132496001153,0,1
0.846430751704613,0.823634034049136,0,1
0.954398953403919,0.93015908746509,0,1
0.20580414246303,0.492584324484388,0,0
0.409344474369643,0.615117537376541,0,0
0.728557056721844,0.785401652334933,0,0
0.589918991241211,0.708672825207984,0,1
0.941195968334307,0.928874229784065,0,1
0.446887383570045,0.58814135468105,0,0
0.617583782116954,0.711940886649873,0,0
0.0824882339080522,0.264617836523323,0,0
0.230412999165212,0.419165160727139,0,1
0.121986691591069,0.364537265031214,0,0
0.766689373412152,0.79837384753564,0,0
0.0192684560099561,0.123613817399147,0,1
0.940998254103685,0.928852519485855,0,0
0.835889542229497,0.820809290037711,0,1
0.67900942484688,0.766006659527371,0,1
0.028650140716036,0.227378824092528,0,0
0.257897748232184,0.452653116404696,0,0
0.136281934367797,0.352703167195866,0,0
0.710698739660832,0.779076375693429,0,0
0.0694659141846563,0.311570802702231,0,0
0.889888118999289,0.890328193341157,0,1
0.554369985032457,0.698312165206513,0,1
0.103389072112256,0.277632706881337,0,0
0.460525547942892,0.625918487831885,0,1
0.141985085515957,0.374627434150832,0,1
0.42314374183384,0.567876703601291,0,1
0.713873158854365,0.780629461412512,0,0
0.69629360745687,0.77347860659937,0,0
0.348149225899246,0.568627918948944,0,0
0.348759285348738,0.569413948729883,0,1
0.0761245697502861,0.315074559894322,0,0
0.0875126764650715,0.220110303846017,0,0
0.0498810672683134,0.282894897301692,0,1
0.0744761579673902,0.308516008418113,0,0
0.385089415393095,0.582529716582156,0,1
0.81637138223456,0.832836678253925,0,1
0.341177099862131,0.630383845065286,0,0
0.506118205056948,0.578455955688451,0,1
0.623487173692809,0.715676930775847,0,1
0.585288416445306,0.681372756861112,0,1
0.133875128306671,0.346026645416637,0,0
0.619414165621469,0.7131054873089,0,1
0.52235639856058,0.625302919451638,0,0
0.751478131363763,0.797828614505964,0,0
0.675678085322172,0.764170772334713,0,1
0.478957862700811,0.669786025975691,0,1
0.956134062749634,0.93030378159585,0,1
0.260916508627098,0.474626932114734,0,0
0.710647265532105,0.779051050775727,0,1
0.201641917978244,0.483741799901058,0,0
0.66361805301098,0.793554286270106,0,1
0.249515725687016,0.467291076850695,0,0
0.206247429317888,0.493523351035561,0,0
0.370171543424222,0.596516885034286,0,1
0.508856682745355,0.58051971294019,0,0
0.680925652562585,0.767054097148251,0,1
0.309595262034488,0.572498631091739,0,0
0.382336703879403,0.581118637823836,0,1
0.760928434980508,0.796076106208711,0,1
0.330030756423571,0.54907520332135,0,0
0.0637994047144127,0.245037886601335,0,0
0.0461044574644842,0.26198265317795,0,0
0.134925366667856,0.349446485994241,0,1
0.469515749731259,0.63007370784249,0,1
0.384104100866758,0.581393731356401,0,1
0.675198447264312,0.763904884804587,0,1
0.0953945889079628,0.316508222965437,0,0
0.161804875048284,0.368679746257326,0,1
0.969143920591108,0.931209894687572,0,1
0.424485032520871,0.569192199017567,0,1
0.916053045026867,0.925528767339379,0,1
0.234345717138455,0.469662349858083,0,0
0.982547444251709,0.931813433248136,0,1
0.126488257949488,0.260125219696323,0,0
0.779922878615476,0.861812801891046,0,1
0.980631672028654,0.931747682704291,0,1
0.487026267476715,0.688916314345576,0,0
0.489885607926543,0.691651341281646,0,1
0.175145950332604,0.428759267113113,0,0
0.608941138190528,0.79958308165053,0,1
0.242882040659812,0.458509067790178,0,0
0.716797158091396,0.782044867844623,0,1
0.474066357238062,0.665077589582365,0,1
0.232388156978395,0.466255478678329,0,0
0.460679902359316,0.626065498675333,0,1
0.0246073205338221,0.201854103406059,0,0
0.0971312863402216,0.321976524995408,0,0
0.101454845358938,0.272716531789439,0,0
0.389221228764366,0.587273546759967,0,0
0.715965873881041,0.781643951149939,0,0
0.0528820727920065,0.228336362808407,0,0
0.0124879463758995,0.160895507603219,0,0
0.147469963279117,0.39941663018361,0,1
0.936675283641776,0.928359613657291,0,0
0.865735047208025,0.885008576248933,0,0
0.402519724848686,0.530269076482736,0,0
0.161294029878869,0.367617897148545,0,1
0.354824295483441,0.548937904344624,0,1
0.934832592759407,0.928138919790798,0,1
0.643548436669381,0.705108867459394,0,1
0.471068414478116,0.662170102169597,0,1
0.402367764834011,0.530119310993657,0,0
0.896553936926276,0.891611165243018,0,1
0.973472772948355,0.931441431266651,0,1
0.778675402614423,0.861314100916749,0,1
0.833343319260657,0.820098865475552,0,1
0.307089341365456,0.547790744510706,0,0
0.939517578717164,0.928687615372938,0,1
0.452698696707495,0.618408857032051,0,0
0.179305693073093,0.424668846815736,0,1
0.596302259595929,0.713098288938846,0,1
0.684103386218447,0.767042826343582,0,1
0.437343575467343,0.637778582564304,0,0
0.373344761370274,0.60045904800688,0,0
0.70431482287191,0.77590116098487,0,1
0.259741092802106,0.472808108329121,0,0
0.686347433100921,0.76824658020183,0,1
0.574920667424317,0.705683671356637,0,0
0.335007101948818,0.555693533361678,0,0
0.676690387494996,0.764730652619969,0,1
0.0428958097760105,0.218074761307687,0,0
0.548825309623264,0.621442482227537,0,0
0.595599424505492,0.712614420855238,0,1
0.287219675853879,0.434134793784161,0,0
0.35628169704664,0.550704324530592,0,0
0.863018499057662,0.884344482422396,0,1
0.619370910104372,0.713078029995883,0,0
0.639941867773204,0.703021557473856,0,1
0.104610996001683,0.280732979507068,0,0
0.237917759850504,0.475856591708813,0,1
0.719280611974745,0.781058753593222,0,1
0.699469792752652,0.775113874687882,0,1
0.446621874136457,0.587892406809859,0,0
0.0392522770923557,0.198219673740661,0,0
0.0503963400211642,0.285741688692346,0,0
0.0885035594908777,0.222487221841849,0,1
0.864326466747765,0.884665891770245,0,0
0.136094967060762,0.352254622701772,0,0
0.658261734749518,0.790304154919889,0,0
0.576966152877657,0.67563555064365,0,0
0.726595544951702,0.784495508446348,0,1
0.582568857362293,0.679510484290787,0,0
0.179417896211948,0.424908402248083,0,0
0.734083595171972,0.7879196154858,0,0
0.595444013430102,0.712507314187875,0,1
0.546184931879577,0.619578006044791,0,1
0.727123260682263,0.784739934590179,0,0
0.313946925911152,0.579051141107907,0,0
0.0706075013953893,0.316503817524036,0,0
0.0882139835880857,0.221792857813542,0,0
0.327727367277919,0.623138406270317,0,1
0.231682421737723,0.421172135386504,0,0
0.748217173988451,0.796441293991812,0,1
0.607638868563071,0.798620054931192,0,1
0.095431337493561,0.3166240412763,0,0
0.719853341755558,0.781331111684181,0,1
0.916097814703364,0.925535771633057,0,1
0.824380195768954,0.835316495440612,0,1
0.673309054292182,0.762853676607325,0,0
0.776640657913212,0.860494626560132,0,0
0.150124119869474,0.406022758038418,0,0
0.0655125774407258,0.251395129108584,0,0
0.747979980201842,0.796339678240477,0,1
0.984782024755412,0.931881480950862,0,1
0.240243100104674,0.454208448792958,0,0
0.561935955206274,0.70413801527049,0,1
0.0808257763026458,0.259509558056889,0,0
0.561186644825019,0.703565491702337,0,1
0.450436385173672,0.591457510163254,0,0
0.240552260569805,0.454713054128413,0,0
0.565379051432139,0.698618346930063,0,0
0.65399348288117,0.787677486861166,0,1
0.911671189332231,0.92482513866516,0,0
0.782643867631822,0.862890786551954,0,1
0.976828330864318,0.931596874833045,0,1
0.44271830215252,0.643395966276084,0,1
0.141021437629,0.372277830148499,0,0
0.40996822363819,0.615813262970564,0,0
0.792297255714071,0.866607018849027,0,1
0.211036526164146,0.463469707736731,0,0
0.177381313459718,0.420555168510899,0,0
0.64510216136429,0.706001612991848,0,1
0.947036813032988,0.929482716879337,0,1
0.409263315621515,0.61502695942793,0,1
0.696871879271469,0.773777611565224,0,1
0.403973045236697,0.53169948487668,0,1
0.349816215702816,0.570774006270654,0,1
0.13296890172545,0.343851224072406,0,0
0.0199125929718269,0.127704635800064,0,0
0.119670629030446,0.358057121634679,0,0
0.444240594367893,0.585654322206399,0,1
0.729784749901085,0.785965480187344,0,1
0.0536902571932525,0.231729750945154,0,0
0.221667787080947,0.47842005866692,0,0
0.0310644997405786,0.179667705544425,0,0
0.83332440246128,0.820093546546355,0,1
0.381875717904575,0.580583380992248,0,1
0.284579216928341,0.480169395346441,0,0
0.783671605167492,0.863294459962196,0,1
0.278903576265385,0.472149912691837,0,0
0.280817450187181,0.47486123141929,0,0
0.935001351273427,0.928159394828411,0,1
0.164214895979172,0.461428665994527,0,0
0.0379100657606721,0.191572704002587,0,0
0.956042551771419,0.93029629051228,0,1
0.306134844932815,0.546395994170272,0,1
0.414075916449499,0.62037659444967,0,0
0.796792236400523,0.868279838319227,0,1
0.356184524401087,0.550586672279318,0,1
0.104857912475602,0.28135894396427,0,0
0.788900768528425,0.86531873162586,0,1
0.129615602596824,0.335781755623307,0,0
0.198039931414787,0.378088186219675,0,0
0.139707253744371,0.36090350818493,0,0
0.221659719700757,0.478404817308557,0,0
0.235346939515746,0.47140148072575,0,0
0.72640396397953,0.784406655577489,0,1
0.0952440095545961,0.316033601919375,0,0
0.668243811694449,0.796319808049245,0,1
0.910932190731089,0.92470294456807,0,1
0.629997950828498,0.789833069891517,0,1
0.336884483140429,0.62406324201561,0,1
0.83945025488145,0.821784425979508,0,1
0.898563629591142,0.89198225788055,0,1
0.493458486463028,0.63436113955658,0,0
0.563482505206098,0.705316589699414,0,0
0.580663219579194,0.678198307640939,0,0
0.132757244142678,0.343342806620248,0,1
0.373060674804256,0.600106932126082,0,0
0.811614164840874,0.831311328539789,0,1
0.519604609978901,0.622554836233752,0,0
0.939584686473294,0.92869517764245,0,0
0.615818641293762,0.710812504951973,0,1
0.779454774382497,0.86162599921855,0,1
0.248028869651546,0.464901055048495,0,0
0.559307641372703,0.702125503327505,0,0
0.810639380241459,0.830993958686884,0,1
0.1527110100108,0.374149968336631,0,0
0.540159044571713,0.639822853660947,0,1
0.610301292908146,0.800585496034073,0,1
0.187056810189251,0.437313045460299,0,0
0.636890560891839,0.794457185621595,0,1
0.0675748029044868,0.303385627651156,0,0
0.779539643363658,0.861659896671978,0,1
0.325973696722471,0.620453962940002,0,0
0.48278423782847,0.684830548134414,0,0
0.382310653303326,0.581088400805638,0,0
0.326977660973724,0.621991643964212,0,1
0.987679683014051,0.931955859112284,0,1
0.878997877438448,0.888059834592338,0,1
0.302293658374187,0.54076368050368,0,1
0.160647054510997,0.366272157591738,0,1
0.529313999001079,0.630648226187485,0,1
0.138059504643715,0.356962803356045,0,0
0.649790476075608,0.708671805989055,0,1
0.232953850224983,0.467240885701591,0,0
0.096556602101567,0.320168192347613,0,0
0.0219925500682087,0.18064391144613,0,0
0.859063162368324,0.883353767671151,0,1
0.142709936401128,0.376393055925883,0,0
0.402928991945665,0.530672243745217,0,1
0.0935644364528369,0.293533646368131,0,0
0.117893650805368,0.353073716391684,0,0
0.37481686963004,0.602281121219773,0,0
0.165386216534143,0.464423454357327,0,0
0.718952259305074,0.780902356657126,0,1
0.125851362295549,0.258903416785677,0,0
0.738833693196959,0.792348354001118,0,1
0.841384283945642,0.822305114573771,0,1
0.0826806682682819,0.265208537629381,0,0
0.0400780929862268,0.202304711621239,0,0
0.493532875542875,0.634425441956222,0,1
0.6007584500142,0.793478850312563,0,1
0.683999361112703,0.766986816967323,0,1
0.478274739646466,0.669131112515235,0,1
0.543158966407652,0.617427872265299,0,0
0.549610201244653,0.621994627810939,0,0
0.713782041951922,0.780585121302035,0,1
0.156160862447443,0.381887769284716,0,1
0.0217424215262321,0.178611972011917,0,0
0.508052788132777,0.579915075921325,0,0
0.953687843457022,0.930098165216476,0,1
0.0251534162686224,0.206276691538631,0,0
0.612801637664598,0.708871827847535,0,1
0.493881456446688,0.634726631723319,0,1
0.900196040343476,0.922812878855007,0,1
0.0236071370014532,0.193747636528877,0,0
0.659505856033887,0.791063646417162,0,1
0.656220823129326,0.789052252274031,0,1
0.883752785151842,0.889076539845064,0,1
0.536421914861518,0.637022779398552,0,0
0.690647195559463,0.770529088460991,0,0
0.41266665135895,0.618814601582367,0,1
0.826590835503785,0.835981517513222,0,1
0.685012023371387,0.767531272294107,0,1
0.108013025425075,0.331924486918239,0,0
0.139894864439328,0.369527631348723,0,1
0.158071937495249,0.360905506718379,0,0
0.12053932169739,0.360489649508973,0,1
0.230277581150221,0.418950867397495,0,0
0.423362384952865,0.568091350753366,0,1
0.670761507294081,0.761426635934788,0,1
0.33662131328556,0.557829767808017,0,1
0.519754399127937,0.622671293974168,0,0
0.821120341498278,0.834320470115162,0,1
0.884591940329906,0.889251739174109,0,1
0.704493726305363,0.775991087321839,0,1
0.834490519597363,0.820420300971365,0,1
0.309075128010103,0.57171266821995,0,1
0.790617087900587,0.865972343087459,0,0
0.916662707902063,0.925623829146415,0,1
0.0384055085553229,0.194027342421534,0,0
0.445628727764588,0.586960150226108,0,1
0.239929168782699,0.45369584640905,0,0
0.494015440173347,0.634842344590436,0,0
0.617475807860143,0.711872012371756,0,0
0.209048187438174,0.459613269116656,0,1
0.87442733576888,0.887044137273884,0,1
0.255891641071268,0.449649262488674,0,1
0.713609140794362,0.780500943803712,0,0
0.852229998328649,0.825108132405548,0,1
0.932411462356738,0.927839325571667,0,1
0.955729267509643,0.930270526875255,0,1
0.680200806991795,0.76665862362314,0,0
0.628519691510153,0.788830011057039,0,1
0.595965643122396,0.712866649744666,0,1
0.485121156789215,0.687085544552924,0,1
0.360431989283786,0.512842255804409,0,0
0.0207653181171664,0.170669413952856,0,0
0.748672455790472,0.796636072335614,0,1
0.393675246366843,0.651214740322408,0,1
0.279338449580939,0.472766615250248,0,0
0.777531061712828,0.860854151163391,0,1
0.660265909378412,0.791526268733135,0,1
0.909796644029362,0.924513196784674,0,1
0.12761463449751,0.262283849029947,0,0
0.382358548609901,0.58114399211554,0,0
0.577384930693493,0.675926971540896,0,1
0.354497625595234,0.54854142129843,0,0
0.348048307142053,0.568497819449337,0,0
0.484088694631075,0.686090535348522,0,1
0.0714384387525147,0.320090647407192,0,0
0.0386856910587863,0.19541492832808,0,0
0.840609644466268,0.822097319991835,0,0
0.00736888964181903,0.140613537854978,0,0
0.703757803852225,0.775620825204866,0,1
0.445563102978875,0.586898490017276,0,0
0.969509570934349,0.931230802909687,0,1
0.80992189319188,0.830759313130118,0,1
0.39961180465354,0.65859193886312,0,0
0.393829678947568,0.651407569022931,0,1
0.128594160677213,0.33331754134163,0,0
0.364591467389873,0.517444525597969,0,0
0.204181157212037,0.489141837252191,0,1
0.316071607846086,0.593185391543588,0,0
0.562315726127027,0.704427812188512,0,0
0.861911790552875,0.88407012040698,0,1
0.0982017132616101,0.325341720833143,0,0
0.83005682071737,0.819165726013799,0,1
0.920666733761668,0.926230938746978,0,1
0.223628012351182,0.482118746293222,0,0
0.200847584645812,0.482049009712372,0,1
0.76843518109126,0.799059094928563,0,0
0.02052819987947,0.168740760784097,0,0
0.489943544377631,0.691706600850737,0,1
0.0223754560244285,0.183753472381121,0,0
0.807297937164412,0.829893622737974,0,1
0.0243612867566265,0.199860775221326,0,0
0.160553910330922,0.366078327811868,0,0
0.246131423235262,0.461844166413092,0,0
0.997117798098214,0.93208959934975,0,1
0.420749247125418,0.565520645799004,0,1
0.0722627834393956,0.32364584911237,0,0
0.250271357475672,0.468503891607839,0,0
0.411569036729305,0.617595434581316,0,0
0.420259913700129,0.565037966236767,0,1
0.122171844310812,0.3650545694748,0,0
0.00950378601321855,0.18115744268707,0,0
0.815455413457785,0.83254601544828,0,0
0.241955137789461,0.457000221009688,0,0
0.0834244456475212,0.267490489481676,0,0
0.390223315913736,0.588419247071394,0,0
0.432539271716851,0.524007764593713,0,1
0.524095810986686,0.626646608793394,0,1
0.760313712961102,0.795827616123716,0,1
0.788138336518999,0.8650266694376,0,0
0.469380675752003,0.629948034895457,0,0
0.884767151195144,0.889288159626933,0,1
0.0791431175627501,0.254329790369741,0,1
0.355680885298332,0.549976604248268,0,0
0.359877378739965,0.512226336027647,0,0
0.710908230472651,0.779179397251367,0,0
0.845443976928283,0.823377559343881,0,0
0.723223004112607,0.782922270085347,0,1
0.110841128825429,0.34010611598686,0,0
0.599352281529311,0.715188330466065,0,1
0.509622258972469,0.581094610100892,0,0
0.605383358467851,0.796944533388102,0,0
0.0121684452691492,0.156804237613647,0,0
0.288402030143763,0.43562100905413,0,0
0.0518563358457186,0.224025348005867,0,0
0.385871343449962,0.583429919814813,0,0
0.759086433962286,0.795329602387952,0,1
0.276001786386958,0.540330991033243,0,1
0.614114351239476,0.709718091912642,0,1
0.627433459768802,0.788090409646245,0,1
0.251631003559272,0.470683092900854,0,0
0.475041734250392,0.666019973994544,0,0
0.143495473141997,0.378304813963796,0,1
0.0700181650637541,0.313957939625192,0,0
0.79296538071109,0.866857979065648,0,0
0.179474225845945,0.425028654536382,0,0
0.126207269118127,0.259586288310884,0,0
0.967115136614461,0.931089359025221,0,1
0.0556428820915646,0.239916437987798,0,0
0.681947218863195,0.767609936997953,0,1
0.374949729818827,0.602445355487206,0,1
0.173487379196236,0.425085066187189,0,1
0.272861603246712,0.535156418850675,0,0
0.73169589238263,0.786838101370042,0,0
0.855474389505981,0.825908067385611,0,1
0.268830697218212,0.504910842328776,0,0
0.34714465387097,0.567331976501346,0,1
0.409551989699661,0.615349080129954,0,1
0.827446094407484,0.818411472389185,0,1
0.749921251406777,0.797168521627365,0,1
0.209420876264067,0.460336848717088,0,1
0.54285453329808,0.617210762790342,0,0
0.766739301227747,0.798393516205683,0,1
0.47874170946659,0.669578891597957,0,0
0.555499652039654,0.699188352202201,0,1
0.212513921901602,0.466328872416828,0,0
0.659335952248324,0.790960089553519,0,1
0.0720767844396534,0.322843955710834,0,0
0.361733243677812,0.514285261169848,0,0
0.400402979536783,0.528179470369721,0,0
0.608779446464747,0.79946368490935,0,1
0.94866973050055,0.929641455486548,0,1
0.219122239298227,0.473603024168957,0,0
0.544157260621743,0.618138800880751,0,1
0.802240440971381,0.828191579719311,0,1
0.602956006256166,0.795130628035086,0,1
0.73882834374402,0.792345977937468,0,1
0.11645374629739,0.320798506237086,0,0
0.835787261233693,0.820780963356457,0,1
0.311299075805354,0.575069080799755,0,1
0.437110297634588,0.637533551894177,0,1
0.0848799082436473,0.213782305158907,0,0
0.687178523486403,0.768690216878179,0,1
0.847307415775243,0.823860511654884,0,0
0.483688633481875,0.685704450758275,0,0
0.101351733346149,0.272454157167432,0,0
0.102958039961422,0.276538080759374,0,0
0.115627705328228,0.318662677510331,0,0
0.494911145860798,0.635615119241254,0,0
0.622024982990996,0.714756978079479,0,1
0.0332618174209551,0.192161638287396,0,0
0.0625834756203224,0.240518751151427,0,0
0.986549176607892,0.931928702978849,0,1
0.29110374912588,0.439007799968681,0,0
0.476731639984533,0.667648576866663,0,1
0.630634319621005,0.790263640444711,0,0
0.71489901981773,0.781127700663742,0,1
0.109446297574162,0.336074152805521,0,0
0.109654572748285,0.336676603969184,0,0
0.912062540307169,0.924889436582364,0,1
0.324091473606756,0.617564955681409,0,0
0.72386078705035,0.783221264849993,0,1
0.709621072582364,0.778545230621996,0,1
0.468808831629686,0.6294156361765,0,1
0.0913108534983886,0.286802252998767,0,0
0.889832265892258,0.890317104922545,0,1
0.834518780783633,0.820428191486533,0,1
0.431672878940924,0.523247214980737,0,0
0.455898173273485,0.621491730457153,0,0
0.54590175281317,0.61937739601462,0,1
0.378495179251837,0.576645991747737,0,0
0.504679750540462,0.577367318308588,0,0
0.47267423462535,0.663729526036063,0,1
0.285868262686656,0.432433050302117,0,0
0.87248642945187,0.886601425507166,0,1
0.0471602282340601,0.267837133115208,0,0
0.364310657274635,0.517134767422718,0,1
0.774035414498646,0.801222508368245,0,1
0.48551388156354,0.687463499797641,0,0
0.786279163641317,0.864310068233285,0,0
0.482606520374044,0.684658642887091,0,0
0.989464196169887,0.931993876611596,0,1
0.884042921092426,0.889137258164599,0,1
0.00773198597739511,0.147515276070426,0,0
0.475050740747288,0.666028667691189,0,0
0.85741384524492,0.826377777641454,0,1
0.343525714022587,0.633824655491605,0,1
0.728993128950544,0.785602214662079,0,0
0.418316308257484,0.563116765059141,0,1
0.0957635059352229,0.317670703137485,0,0
0.315255864764055,0.591941065212543,0,1
0.31301661881551,0.577653814763039,0,1
0.654550444357687,0.7880220887091,0,1
0.92687143900312,0.92711268484204,0,1
0.703690429513062,0.775586881370584,0,0
0.323034048050464,0.615938388393261,0,1
0.683119582328382,0.76824562986062,0,1
0.0841023315536529,0.211909870672032,0,0
0.375501209175662,0.573140915760763,0,0
0.190058716528138,0.360724988112041,0,0
0.693048974394468,0.771790346604158,0,0
0.662105626374455,0.792641771137402,0,1
0.353072421564434,0.54680928668644,0,0
0.180602741470295,0.427436066040662,0,0
0.156660676535092,0.383006202449815,0,0
0.236989573392682,0.474249818749652,0,0
0.328459373555387,0.624256861114657,0,0
0.869595674557475,0.885929469696536,0,1
0.121913946258242,0.364333989533628,0,0
0.168142882586538,0.471455020606222,0,1
0.370455105653493,0.59686997119567,0,1
0.604346018247986,0.796170713603483,0,0
0.0558149988702922,0.240637253689371,0,0
0.245226096560759,0.460382921537134,0,0
0.833971430826303,0.82027513186842,0,1
0.662883558533562,0.793111643938167,0,1
0.351430669878426,0.572847220871492,0,0
0.114212314490001,0.314998373636859,0,0
0.324903652173502,0.618812549366432,0,0
0.244516042367574,0.461164460513367,0,0
0.71056512770841,0.779010630199753,0,1
0.300546549099152,0.538191614813875,0,1
0.67723585679262,0.765031613074757,0,1
0.412656033270243,0.618802818525608,0,1
0.349938381754431,0.570931067068324,0,1
0.785822555834106,0.86413311525706,0,1
0.185403586811687,0.433843298401068,0,1
0.456822897693302,0.622379386806061,0,0
0.583511362934894,0.680157262126027,0,1
0.321200600788092,0.60097512426003,0,0
0.706248103877326,0.77687004661441,0,1
0.917825138677497,0.925803161338965,0,1
0.0730706057646422,0.302914489947022,0,0
0.181427284635247,0.42919293197515,0,0
0.509112135845136,0.580711641037348,0,0
0.799880710169754,0.869408010192691,0,1
0.630957609541964,0.790482096234706,0,0
0.0196906978495025,0.126295716218557,0,0
0.329981271739306,0.549009143005286,0,0
0.653828043905452,0.787575019920272,0,0
0.687137585603068,0.768668391767199,0,1
0.482248916947311,0.68431255581788,0,1
0.0537346990413305,0.231916268439818,0,0
0.627787538718306,0.788331734744402,0,1
0.504030136138329,0.576874645580661,0,1
0.725413294955884,0.783946202576774,0,0
0.390494204607482,0.588728634907076,0,0
0.835725408041604,0.820763824575742,0,1
0.307502230241895,0.569332296286111,0,0
0.863786818238397,0.884533656612955,0,1
0.0144806923644469,0.186383114123662,0,0
0.762742843886757,0.796805826331954,0,1
0.827367501588808,0.81838858818959,0,1
0.680897043790517,0.767038505300114,0,0
0.902734141488978,0.923279098222327,0,1
0.201734106546616,0.483938152359244,0,0
0.351949174115492,0.545441445896931,0,0
0.229140502492158,0.417150000619314,0,0
0.844918342825728,0.823240270097904,0,1
0.746410135569843,0.795664731762131,0,0
0.869052832469364,0.885801606232921,0,0
0.347622898942465,0.567949182728053,0,1
0.153950763059635,0.376934290081264,0,0
0.968282708051355,0.931159664919925,0,1
0.448923599010666,0.59004658649822,0,0
0.729902403809188,0.786019379473917,0,1
0.654166967443718,0.787784884335986,0,0
0.142846832383244,0.376726345298461,0,0
0.844177643163627,0.823046017132944,0,0
0.97846329774484,0.931665008078915,0,1
0.966248565943419,0.931035535007338,0,1
0.336404004801907,0.557542485909773,0,0
0.925948916693019,0.926986127922143,0,1
0.133244508648767,0.344513066651429,0,0
0.939722445208915,0.928710675156058,0,1
0.0441003174467889,0.224060282979745,0,0
0.409077712392566,0.614819768506146,0,0
0.843006805199663,0.82273706989822,0,1
0.726230737945851,0.784326261919888,0,1
0.720927081757976,0.781840223135003,0,0
0.277345313180986,0.542538090201711,0,1
0.421213878980195,0.565978582439874,0,0
0.589549933696046,0.708414837828948,0,0
0.389137608975635,0.587177858039872,0,0
0.505975232454808,0.578347894237437,0,0
0.540349483660697,0.639964934774866,0,0
0.824270005176883,0.835283126621305,0,1
0.724977921025829,0.783743318739158,0,1
0.660488262126827,0.791661412908144,0,1
0.0358839258550177,0.18152117002334,0,0
0.155385211326158,0.38015078391528,0,0
0.886526835738953,0.88965087032849,0,1
0.765755110499298,0.798005025654077,0,1
0.180384418020527,0.426970584963373,0,0
0.0651560127547579,0.250072948162546,0,0
0.162731698833445,0.370604602013497,0,0
0.837405591774195,0.821227089789804,0,1
0.973106502078054,0.931423193425547,0,1
0.755104935602069,0.793696452099576,0,1
0.784604586090759,0.863659258224527,0,1
0.0293843774124156,0.233119157835624,0,0
0.874638181422491,0.887091821305232,0,1
0.681149565685477,0.767176082039842,0,0
0.349046644109171,0.569783940521507,0,1
0.499580739286147,0.639621659339306,0,1
0.950057599727953,0.929772464771191,0,1
0.0540877190802785,0.233397543139582,0,0
0.191699733554197,0.363509700741465,0,0
0.150150840786969,0.406089160984982,0,1
0.538246909771838,0.638393002875778,0,0
0.23562625747956,0.471886252158791,0,1
0.076733986851543,0.31749629327747,0,0
0.51499924603739,0.618956544196547,0,1
0.83625445762173,0.820910209400392,0,1
0.681946632870707,0.767609618667149,0,1
0.0367236838733143,0.185689714897045,0,0
0.0452700361587514,0.229865714918164,0,0
0.538085144910296,0.63827176659212,0,0
0.14141687870137,0.37324232912893,0,0
0.707232611720641,0.777361001469525,0,0
0.247445580142157,0.463962164244573,0,0
0.439960354549784,0.640520238423552,0,1
0.620290499554229,0.713661085964648,0,1
0.97273739722092,0.931404561470959,0,1
0.197005876106715,0.376329851355312,0,0
0.911839096499289,0.924852760333335,0,1
0.3507750861363,0.57200596917565,0,1
0.161924131018372,0.368927540052392,0,0
0.420863546791063,0.565633332518679,0,1
0.841478988284386,0.822330449263942,0,1
0.0437861746457154,0.222499949706673,0,0
0.136971290030361,0.354356129145232,0,0
0.589939980810158,0.708687490860696,0,1
0.408580120031766,0.614263979539008,0,0
0.478278107550319,0.669134343446159,0,0
0.822053915870012,0.834607588970237,0,1
0.16727156521964,0.469235022155182,0,1
0.322022405962817,0.614379866823232,0,0
0.205509104431676,0.491959046840414,0,0
0.0993228869521635,0.328862173318728,0,0
0.52435517475385,0.626846546317184,0,1
0.21257225018459,0.466441643626648,0,0
0.904376774765171,0.923574429562569,0,1
0.0460307007689478,0.233637155807829,0,0
0.89727446950463,0.891745049778614,0,1
0.587734699360409,0.707142531623015,0,0
0.86159681379822,0.883991631534289,0,1
0.0291704309050203,0.231446951415873,0,0
0.333010666628886,0.553044285334548,0,0
0.501110149940969,0.574652130347746,0,1
0.217111807204624,0.400175451938621,0,1
0.422596464472741,0.567339071643657,0,0
0.029532685303801,0.234278116383218,0,0
0.587184250224925,0.682663766638721,0,1
0.929733343208572,0.927495202096934,0,1
0.0758083966358402,0.313817505136337,0,1
0.841823243665476,0.822422414760642,0,1
0.747779993309559,0.79625392787957,0,1
0.229986104752822,0.41848949030482,0,0
0.518117700258899,0.621396827302273,0,1
0.313758430154011,0.578768172412257,0,0
0.615786223991197,0.710791733315515,0,0
0.213172990990357,0.393783559265502,0,0
0.43588847473527,0.636248512837575,0,0
0.789075202168838,0.865385403309373,0,1
0.466467703583371,0.627230017864668,0,1
0.673554920697107,0.762990815252163,0,1
0.884836452267177,0.889302549719977,0,1
0.938138448649164,0.928530344218321,0,1
0.984737648241363,0.931880220186061,0,1
0.883556917005647,0.889035463664404,0,1
0.243580121535182,0.459644210935796,0,1
0.408304729337111,0.535942213852531,0,0
0.374805799010753,0.602267434769533,0,0
0.152228708211999,0.37306568058761,0,0
0.0704558635499715,0.315848910399388,0,0
0.295743539539919,0.481314615824107,0,1
0.859961739613216,0.883581314723902,0,1
0.0389834165344098,0.196888951547069,0,0
0.21546579046324,0.39750820521383,0,0
0.346547778219928,0.566561035329452,0,1
0.648159925932484,0.707747166152779,0,1
0.563166428038733,0.70507605666927,0,0
0.796182952661023,0.868055235880006,0,1
0.686963702819649,0.768575658247399,0,1
0.889503566091691,0.890251734811227,0,1
0.486901972896657,0.688797076911339,0,1
0.535920037296063,0.636645017413562,0,0
0.837646172631926,0.821293033660116,0,1
0.00569317592940788,0.108728840349409,0,0
0.24257130465405,0.458003445928632,0,0
0.221506973979189,0.478116211500094,0,0
0.561546294929612,0.703840410702879,0,1
0.717612353422797,0.780262253779767,0,1
0.252495029097541,0.444544841163018,0,0
0.50602095319395,0.578382454255988,0,1
0.739270096092821,0.79254202690994,0,0
0.722302249018386,0.782489400305304,0,1
0.468312305994242,0.628952895397104,0,0
0.706193560029617,0.776842798475394,0,1
0.559066558157581,0.70194030203701,0,0
0.0784107990997832,0.25207251863851,0,0
0.95280361942288,0.93002109708177,0,1
0.97565419570478,0.931544871317544,0,1
0.162013956989709,0.369114159992907,0,0
0.417826928003691,0.562632012622103,0,0
0.619590702418415,0.713217515249739,0,1
0.568120122115595,0.700664095808521,0,1
0.37473188739111,0.602176052667865,0,0
0.903554684672104,0.92342725358787,0,1
0.677180262840575,0.765000962596897,0,1
0.112629297122992,0.310893159706162,0,0
0.66956341955545,0.760751679532381,0,1
0.217990762605013,0.401597438883054,0,1
0.0860946567640101,0.216704283317957,0,0
0.359932215917818,0.512287258946266,0,0
0.049607287737551,0.281381685262444,0,0
0.146616371834832,0.397287685318567,0,0
0.453066184390809,0.618763870641879,0,0
0.983202381728384,0.931834341797108,0,1
0.841867408862319,0.822434198723834,0,1
0.0132049582234077,0.170072157435511,0,0
0.868894444554107,0.885764198732785,0,1
0.283414657880971,0.478529081247491,0,0
0.197637806213813,0.377404671174436,0,0
0.309632856626995,0.57255541650119,0,0
0.529233976538234,0.630587193295784,0,1
0.482685251665,0.68473480657615,0,1
0.629871794527564,0.789747623827199,0,1
0.16677112960342,0.467958929354696,0,0
0.374295836284183,0.60163671234134,0,0
0.582487687455976,0.679454714497303,0,0
0.810781622488905,0.831040371910828,0,1
0.368445573323737,0.594364311398819,0,0
0.839382275309625,0.82176600939222,0,0
0.416809187257042,0.623395384399368,0,0
0.942488096158148,0.929014319406916,0,1
0.296362733583313,0.482147099024633,0,1
0.368602556270982,0.594560338940758,0,0
0.652730071584384,0.710327917742537,0,1
0.583416038598142,0.680091913935161,0,0
0.354169765764841,0.548143292208342,0,0
0.484305370454314,0.686299516435342,0,1
0.664321270449831,0.793977174859063,0,1
0.0563397260519934,0.24283397171172,0,0
0.606402372274341,0.797702704330007,0,1
0.746782776851132,0.795825326293416,0,1
0.793970465593943,0.867233984607741,0,1
0.213784214518434,0.394777552649955,0,1
0.641105034627637,0.70369703860752,0,1
0.73113473618009,0.786582521658701,0,1
0.0950619891940491,0.315459774415993,0,0
0.0700729237860211,0.314194560199825,0,0
0.885954974412795,0.889533608997957,0,1
0.361324533738292,0.513832345357054,0,0
0.70343215955467,0.775456690995254,0,0
0.560147861524014,0.702770172856405,0,1
0.337746416247334,0.625335676947312,0,0
0.34565276462324,0.565403690648785,0,1
0.905462640583837,0.923766897297847,0,1
0.453483142498519,0.619166386675805,0,0
0.482529879897361,0.684584490693198,0,0
0.979146630576748,0.931692007702425,0,1
0.411689043653069,0.617728842179831,0,0
0.369446680166864,0.595613576700776,0,0
0.0799630890212931,0.256855111082217,0,0
0.387782383606557,0.585625205020527,0,1
0.17793146081476,0.421732182537231,0,1
0.131341798489283,0.339939609672911,0,0
0.367673625386582,0.593399656568725,0,0
0.158810026782613,0.362445396167426,0,0
0.307563478570568,0.569425088782019,0,1
0.687978914374768,0.769116353485239,0,1
0.838440041280124,0.821509942506198,0,1
0.304822492671322,0.544475195190086,0,0
0.353097708000829,0.546840052073665,0,1
0.730641350885471,0.786357367197624,0,1
0.777832699712274,0.86097562000913,0,1
0.177031054599608,0.4198053961372,0,0
0.401756430207033,0.529516420127093,0,1
0.00294144341624403,0.0986123035733392,0,0
0.400597088207848,0.528371398098726,0,0
0.893202497200021,0.89097612376263,0,1
0.0574633839167907,0.30474390461801,0,0
0.389629543426234,0.587740605750452,0,0
0.265343970831155,0.499365908255133,0,0
0.036776625415213,0.185952394112845,0,0
0.400503562973239,0.52827893144094,0,0
0.237808660950786,0.475667833283257,0,0
0.830969554443943,0.819426707191569,0,1
0.643625356481035,0.705153156116954,0,0
0.476568616453203,0.667491696012963,0,1
0.708806669929744,0.778142529403529,0,1
0.0993836147062606,0.329052731651411,0,0
0.75697823290691,0.794468184782904,0,1
0.298592115555731,0.485138355142995,0,1
0.50277370082975,0.5759199228371,0,1
0.0941776642754053,0.295362448859819,0,0
0.814555438817634,0.832259019429749,0,1
0.510466789066495,0.615381696354706,0,1
0.441970905465081,0.642618053773736,0,1
0.13489151962676,0.349365164821488,0,0
0.634875623001491,0.793114397578292,0,0
0.352309861011819,0.545880933002495,0,0
0.682708865556322,0.768023193275913,0,0
0.762457095496349,0.796691272678846,0,0
0.00674781128864221,0.128802221753226,0,0
0.259059553812067,0.4717521795972,0,0
0.677914162861171,0.765405156775683,0,1
0.336099870657292,0.557140262460611,0,0
0.750125379032728,0.797255303375111,0,0
0.556978268589481,0.700331829302331,0,1
0.858240274764471,0.826575999681799,0,0
0.570581991578511,0.702490435293387,0,1
0.889399228904777,0.890230944052303,0,0
0.227478574796311,0.414513113519784,0,0
0.79397989998075,0.867237505374124,0,0
0.0339466166971409,0.196049604503008,0,0
0.077267265708064,0.319614153560843,0,0
0.395902495233139,0.653990989291394,0,1
0.185766701230406,0.43460599865448,0,1
0.944193349691584,0.929194434975107,0,1
0.779683488598129,0.861717319988321,0,1
0.743665577049455,0.794474654106936,0,1
0.491997802393504,0.633096601509463,0,0
0.490048567580477,0.691806755585479,0,1
0.581110665635782,0.678506945216497,0,1
0.596626367614271,0.713321138127348,0,0
0.898026371930505,0.89188376544428,0,1
0.120834684053837,0.36131618107597,0,1
0.50961411543715,0.581088499563055,0,0
0.995522026375819,0.93207865171735,0,1
0.481429516509278,0.68351864188427,0,1
0.83781275390296,0.821338636828828,0,1
0.603655451810152,0.79565444868185,0,0
0.664374944018099,0.794009415778198,0,1
0.272461392160703,0.53449531930116,0,0
0.830933248339711,0.819416352899735,0,1
0.244466292801882,0.461083697885144,0,0
0.673362439399853,0.762883462372048,0,1
0.0881300683121029,0.221591599061031,0,0
0.0188520462553946,0.120967830389323,0,0
0.472346212675716,0.663411366842079,0,0
0.938995130457103,0.928628454386839,0,1
0.325574819439832,0.619842402540605,0,1
0.322153018701129,0.61458121781065,0,0
0.052030723790467,0.224758602975913,0,0
0.6752856064961,0.763953230769827,0,1
0.721740661193047,0.782224678130031,0,1
0.903717750466722,0.923456546865986,0,0
0.437148611217318,0.637573802735444,0,1
0.109516662137333,0.336277703208799,0,0
0.0376070579948005,0.190070849046199,0,0
0.880768906485134,0.888443282794903,0,1
0.652255643642786,0.710061578821409,0,0
0.915496766943614,0.925441425020223,0,1
0.880596901931902,0.888406289707378,0,0
0.470240599528698,0.630747562182526,0,1
0.670340399902112,0.761189679700612,0,1
0.745065891009759,0.795083449825614,0,0
0.422212153327396,0.566961229023346,0,0
0.153917965651835,0.376860683932888,0,0
0.284082615168762,0.479470244102388,0,1
0.548477136120711,0.621197245735941,0,0
0.255735863593464,0.449415669057412,0,0
0.891734796606525,0.890691644546218,0,1
0.58075036384711,0.678258443507843,0,1
0.718673610267256,0.780769490538526,0,1
0.862031056891835,0.884099793639457,0,1
0.896562820543634,0.891612821635022,0,1
0.957609243427753,0.930422385584038,0,1
0.627508350099711,0.788141470832782,0,1
0.998980574414251,0.932096373702067,0,1
0.790507378175129,0.865930722891559,0,0
0.270824119391908,0.508069125768732,0,0
0.990550529576834,0.9320141130704,0,1
0.801505613506611,0.827940613311929,0,1
0.253114833412951,0.445478015766311,0,0
0.0318972626590771,0.184406127592844,0,0
0.952809795173432,0.930021640408774,0,1
0.556832007130823,0.700218888894164,0,1
0.552709922979516,0.624165785214939,0,0
0.0473778242360423,0.26904294474968,0,0
0.639038320593837,0.795880306775509,0,0
0.500103671814686,0.573883037154951,0,0
0.804294955084239,0.828888320791235,0,1
0.0695497171402839,0.311933137116448,0,0
0.562930984032601,0.70489677189574,0,0
0.408680130399253,0.614375724321454,0,0
0.55176869856326,0.623508102762122,0,1
0.358463447127546,0.553341213464307,0,0
0.999375369840583,0.932096978694471,0,1
0.450323845716084,0.591352682012197,0,0
0.345823709018314,0.565624861727044,0,1
0.189725613104265,0.360159040965615,0,0
0.923527675642427,0.926646421826522,0,1
0.104294099609528,0.279929354145184,0,0
0.440343746623061,0.640920853136391,0,1
0.686200546419637,0.768168049578638,0,1
0.142405551291614,0.375651803827612,0,0
0.931496174473711,0.927723220086348,0,1
0.0588748955912622,0.312002657364939,0,0
0.218099617928129,0.401773435457573,0,0
0.0771952871598938,0.319328369842065,0,0
0.411511883957584,0.617531890231723,0,1
0.597258566220453,0.713755308226421,0,1
0.731141777431234,0.786585731918693,0,1
0.878433272286327,0.887936402573182,0,1
0.353248415795872,0.547023389611035,0,0
0.702462737364214,0.774967006535053,0,1
0.04861637470141,0.27590114642763,0,0
0.819261844425822,0.833744420763283,0,1
0.318275640959985,0.59653998380674,0,0
0.221642345607286,0.478371992636057,0,0
0.361036431321268,0.513512907700901,0,0
0.114069927188407,0.314629422900446,0,1
0.293705095344192,0.478568830579454,0,1
0.00878904977636619,0.167593577740729,0,0
0.2532636959476,0.445702027248536,0,0
0.837712781276168,0.821311274011646,0,1
0.807756027242233,0.830045610055693,0,1
0.382567658424981,0.581386652010623,0,1
0.430679714201925,0.522373953141536,0,1
0.182587413636037,0.427916548239571,0,0
0.31687413512923,0.594408111215114,0,0
0.417368460758973,0.562177511019852,0,0
0.0664683701558769,0.25493682509891,0,0
0.33788740600703,0.625543656591479,0,0
0.495671286930219,0.6362698607895,0,0
0.00672132585448737,0.1282983725347,0,0
0.438075198316095,0.638546406713612,0,0
0.218689092297672,0.402726068195819,0,0
0.213398938515202,0.394151093141712,0,0
0.249238945034208,0.466846528758453,0,0
0.128325728451205,0.332669472798556,0,0
0.944813288869933,0.929258571785379,0,1
0.169074724358015,0.473826655175001,0,0
0.567612541696802,0.700286248732993,0,1
0.171507398725913,0.42068918891293,0,0
0.260917958961189,0.474629174558256,0,0
0.676775054607507,0.764777400671698,0,1
0.503265687969803,0.57629405498595,0,1
0.157287882285538,0.384408762206658,0,0
0.0825067284780813,0.264674613278855,0,0
0.881893913320054,0.888683923397274,0,1
0.241891205395549,0.456896081436689,0,1
0.958973575476669,0.930528466402163,0,1
0.8923640994555,0.890814095600222,0,1
0.159977628609995,0.364878627519956,0,0
0.503705511689153,0.576628205854288,0,0
0.118920371021206,0.355954303741437,0,0
0.110838079480105,0.340097308302657,0,0
0.696295773328685,0.773479727562254,0,1
0.271550503134259,0.50921783029414,0,1
0.966388181572088,0.93104430134821,0,1
0.839245930574685,0.821729048256292,0,1
0.0925202257570383,0.290416694450472,0,0
0.390557357489248,0.588800743418487,0,0
0.124217338058669,0.255764676927575,0,0
0.55539223870709,0.699105136457302,0,1
0.16210501642703,0.369303322130934,0,0
0.831766976792717,0.819653566647515,0,1
0.25769484687249,0.452349669723543,0,0
0.51056655714207,0.61546074353554,0,1
0.782453797148466,0.862815921278347,0,1
0.538338859743596,0.638461896767126,0,0
0.528823419889671,0.630273899806524,0,1
0.854840090524984,0.825753071567159,0,0
0.245100413344743,0.460179923580565,0,0
0.127099981360047,0.261297894456725,0,0
0.56024472103665,0.702844410453311,0,0
0.128379912393435,0.332800303679489,0,0
0.331157439023732,0.550577964834536,0,0
0.326439828204746,0.621168179321498,0,1
0.948044505495435,0.929581263583436,0,1
0.375914292393585,0.573625518842088,0,1
0.469110536722022,0.629696601327996,0,0
0.947342253459361,0.929512787181252,0,1
0.828380385649541,0.818682715622055,0,1
0.671999935841827,0.762121741894049,0,0
0.267311286519153,0.502497769490157,0,0
0.133264895299927,0.344562014806012,0,0
0.333962695574097,0.554308608002188,0,1
0.159820101315438,0.36455054473037,0,0
0.960400022220144,0.930635666236149,0,1
0.200937692726022,0.482241122153032,0,0
0.310666985123961,0.574116221565589,0,0
0.661420006676521,0.79222675739204,0,1
0.437622570627844,0.638071500482707,0,0
0.589831843003317,0.708611925705299,0,1
0.848846101786326,0.824254881226832,0,1
0.588148108424803,0.707432785685823,0,1
0.496978099559071,0.63739316871467,0,0
0.835577641752084,0.820722854173927,0,1
0.797965815727631,0.868710564075536,0,1
0.981160675095479,0.931766522223662,0,1
0.948606057685063,0.929635358880378,0,1
0.917189035022173,0.925705339505812,0,1
0.494825053534748,0.635540902124512,0,0
0.737152444876146,0.791599198889328,0,1
0.600521471409832,0.793300182420371,0,1
0.737999367073601,0.791977183680682,0,0
0.375760828398144,0.573445522032238,0,1
0.911106703448826,0.924731892227025,0,0
0.872308594178725,0.886560522521328,0,1
0.704665700710634,0.776077479457397,0,0
0.261228710362209,0.475109543385857,0,0
0.501069396344304,0.574621018883754,0,0
0.217705751670548,0.401136519015979,0,0
0.102520044553227,0.275425232206936,0,0
0.577961082290705,0.676327434667122,0,0
0.479595927213283,0.670396966544136,0,0
0.247491794600084,0.464036579810145,0,0
0.446676011833365,0.587943177280797,0,0
0.138393168307642,0.357761391729329,0,0
0.522802379487293,0.62564790530407,0,0
0.970371778852875,0.931279117966885,0,1
0.823782197388079,0.83513515324058,0,1
0.0044396253309944,0.148727404429156,0,0
0.0916195093535536,0.287725187845765,0,0
0.025575689154241,0.203295322018648,0,0
0.308427019003861,0.570732496952422,0,0
0.98064296993807,0.931748090511407,0,1
0.46040376172464,0.625802466029808,0,0
0.409745277252284,0.61556467453892,0,0
0.408218926386112,0.535858473374466,0,1
0.824814350421039,0.83544776602228,0,1
0.581705005634399,0.678916397196782,0,0
0.119351828467704,0.357163808521228,0,0
0.444733353822932,0.586118238776454,0,0
0.146404512662537,0.396758956732174,0,0
0.666072739689219,0.795026595721737,0,1
0.122369305875856,0.365606143798025,0,0
0.0866890075636664,0.218132531442025,0,0
0.703360821685332,0.775420710552957,0,0
0.411258390257194,0.617249973125259,0,0
0.996110788064722,0.932083243488263,0,1
0.534049155104092,0.635233207169952,0,1
0.77901457214715,0.861449969051557,0,1
0.868629190695828,0.885701450734059,0,1
0.79874739250937,0.86899603353003,0,1
0.214086865310022,0.3952694481662,0,1
0.680367553547893,0.766749679507852,0,1
0.00462444842781662,0.154904628181647,0,0
0.795798678150229,0.867913233608549,0,1
0.215832610861792,0.398103095271123,0,1
0.986722850438062,0.931933029727582,0,1
0.944146065929164,0.929189513750435,0,1
0.585116232116086,0.681255211130498,0,0
0.160467686212034,0.365898879266404,0,0
0.703401715972547,0.775441337326191,0,1
0.417453755530445,0.562262095099821,0,1
0.466768929719462,0.627511773799024,0,1
0.304968332768219,0.544688830483899,0,1
0.869165414881222,0.8858281680564,0,1
0.469420026121725,0.629984649816238,0,1
0.806157440212267,0.829513651801551,0,1
0.806799324114232,0.829727779367299,0,1
0.557026409215586,0.7003689944537,0,1
0.386127552745265,0.583724634421727,0,1
0.687066389600491,0.76863042841856,0,1
0.680903375066934,0.76704195598112,0,1
0.18194275502973,0.426556961138174,0,0
0.764151065143621,0.797368353911579,0,1
0.165176548189076,0.463887690832366,0,0
0.32410735665992,0.617589368140867,0,1
0.870210874130363,0.886073734488539,0,1
0.571668060261106,0.703292817144579,0,1
0.256599193709674,0.450709645417657,0,0
0.923924401595778,0.926702832096778,0,1
0.660577430577045,0.791715583904391,0,1
0.554510533459111,0.698421297848541,0,1
0.993320393698318,0.932055754846273,0,1
0.84555333069111,0.823406062645973,0,1
0.677192804433569,0.765007877583857,0,1
0.0817305279088166,0.262290759680798,0,0
0.364445769119351,0.517283824716043,0,0
0.502168376901048,0.575459095423145,0,0
0.617655511888134,0.711986630660938,0,0
0.639878093000053,0.702984458606643,0,0
0.725114846027184,0.783807160308129,0,1
0.910238871213003,0.924587377926201,0,1
0.568277087306229,0.700780852154438,0,1
0.980268932035789,0.931734462847283,0,1
0.113198034663081,0.312368901453782,0,0
0.465678948651581,0.626491491457414,0,0
0.101672621946619,0.273270578269195,0,0
0.742449974034582,0.793943458650288,0,1
0.8068256185891,0.829736535860171,0,1
0.523156894060426,0.625921908006927,0,1
0.432531212890187,0.524000695622481,0,0
0.0669949392781002,0.25688648195929,0,0
0.564612826920988,0.698044174343877,0,0
0.254827742277161,0.44805293799976,0,0
0.0823318695889192,0.264137765633078,0,0
0.733709331985517,0.787750731247868,0,1
0.743442942207892,0.79437755489074,0,0
0.371080089076191,0.597647626946252,0,1
0.18447453384484,0.431890329784049,0,0
0.512889456373212,0.617296643747256,0,1
0.0934563726669859,0.293211244202677,0,0
0.778441860273184,0.861220424907784,0,0
0.475954300242253,0.666900088015834,0,0
0.960963073872747,0.93067693637341,0,1
0.109020438087144,0.334841884489453,0,0
0.697959594838694,0.774338488757512,0,1
0.803561592190103,0.828640452761435,0,1
0.726873621011507,0.784624365926926,0,1
0.461454362263127,0.626802477771542,0,0
0.546110021388896,0.619524950044849,0,1
0.615188677734677,0.710408537042847,0,1
0.0591054364755564,0.313187189177852,0,0
0.995673059059292,0.932079891248242,0,1
0.254907617658431,0.448172866019747,0,1
0.643407387944962,0.705027630016272,0,1
0.126433103387548,0.26001944793834,0,0
0.167863237987381,0.470742777358261,0,0
0.49110486755842,0.632321779911832,0,1
0.288500732968919,0.435744966580129,0,0
0.504240158441386,0.577033998799857,0,0
0.102181378177285,0.274564384140492,0,0
0.419294961832159,0.564084941257568,0,0
0.268601566684022,0.504547266291233,0,0
0.581902238981763,0.679052146476735,0,1
0.171705513846481,0.421129510125594,0,0
0.96232173242987,0.930774088650462,0,1
0.544211518999056,0.618177396063656,0,0
0.701952274063303,0.774708513794903,0,1
0.93236623132787,0.927833624636852,0,1
0.345367767657966,0.565034827725239,0,0
0.515716744639155,0.61951940239827,0,1
0.786591356164616,0.864430837392407,0,0
0.0694100808901044,0.311329381121374,0,0
0.753221369834488,0.798562828528822,0,0
0.117479420726014,0.351910594186781,0,0
0.389130054605248,0.587169212694148,0,1
0.6969928688832,0.773840099148535,0,0
0.0598718259837863,0.317122854975652,0,0
0.664982858971709,0.794374221424756,0,1
0.971914355599993,0.931362100791512,0,1
0.24942023078754,0.467137717327301,0,1
0.25913743059983,0.471872885606258,0,0
0.0872309721929809,0.219434083640773,0,0
0.0930247642107462,0.291923181589837,0,0
0.314405338842312,0.579738983433661,0,1
0.832531085369585,0.819869942156948,0,1
0.512419754658915,0.616926120126902,0,0
0.385640393166516,0.583164154969248,0,0
0.182504298054408,0.427741317393727,0,0
0.976017655820594,0.931561243937736,0,1
0.741437914928177,0.793499290886993,0,1
0.340163674785766,0.628895343131164,0,1
0.922334280477969,0.926474964760946,0,0
0.586330878780638,0.682083376611745,0,0
0.265197531882262,0.499132449468886,0,0
0.481566401106022,0.683651356191107,0,0
0.434385942636556,0.634664420839688,0,1
0.302500782399179,0.541068178600774,0,0
0.656762066654172,0.789384979329469,0,1
0.792193958738931,0.866568146408077,0,1
0.353264015969516,0.547042364938307,0,0
0.437873983933299,0.63833533567617,0,1
0.963036058295582,0.930823787018873,0,1
0.259512963205468,0.47245476851894,0,0
0.719260428381524,0.78104914526418,0,0
0.851137919383833,0.824834875380983,0,1
0.741832804290178,0.793672805323471,0,1
0.216553091212377,0.399270722595818,0,0
0.435307507321457,0.635636509207265,0,0
0.608759797394744,0.799449172238708,0,1
0.591556593318378,0.709814781172965,0,0
0.951885605765045,0.929939541739953,0,1
0.358403328550628,0.553268673385074,0,1
0.531793318190359,0.63352334789336,0,0
0.398377421102744,0.657063981454191,0,0
0.614729307240554,0.710113545673787,0,0
0.464846119955021,0.625710513785098,0,1
0.955486498620608,0.9302504364027,0,1
0.708487033801314,0.777984169344421,0,1
0.498848460668222,0.638995820008823,0,0
0.49290842776828,0.633885372182707,0,1
0.24849664152232,0.465653477104704,0,0
0.215386327693761,0.397379300005523,0,1
0.383859720520548,0.58111169976439,0,1
0.269416756631208,0.505840261872474,0,1
0.298305181972956,0.484753896457409,0,0
0.214974857433362,0.396711600470307,0,0
0.430715403844751,0.522405360452332,0,0
0.237348928461789,0.474872126221595,0,0
0.429048234119595,0.520936129021203,0,0
0.738228582876463,0.792079273863953,0,1
0.190312305490835,0.361155683117205,0,0
0.980479282983656,0.931742158848969,0,1
0.250940021249304,0.469576100820713,0,0
0.0919276967135835,0.288646408976141,0,0
0.662203942478593,0.792701214077129,0,1
0.124135676670964,0.255607662640684,0,0
0.458544409648374,0.624027869146967,0,1
0.554910703199001,0.698731831966505,0,0
0.91221795146505,0.924914891016388,0,1
0.840780910618383,0.822143348761557,0,0
0.476473835535002,0.667400463946128,0,0
0.880599827125074,0.888406919275586,0,1
0.8135310954589,0.831930664097594,0,1
0.194638634241095,0.372296000321011,0,0
0.672449036191347,0.762373166002967,0,1
0.719227265312314,0.781033356600931,0,1
0.652572655331459,0.710239586200759,0,0
0.405657295757971,0.533352824861093,0,0
0.043610416888155,0.221626745103239,0,0
0.378993186118575,0.577227380300007,0,0
0.0331612108048404,0.191590209421653,0,0
0.244203547060941,0.46065707255007,0,0
0.842783726321279,0.82267794411579,0,1
0.474714699924405,0.66570419670067,0,0
0.195541065263205,0.373835170333716,0,0
0.933438818963738,0.927967786854378,0,1
0.175843934491741,0.417261844769142,0,0
0.71018959745381,0.778825683104741,0,1
0.252158148937489,0.444037311197148,0,1
0.12575501409168,0.258718507523273,0,0
0.423521195198305,0.568247207532743,0,0
0.306874614622262,0.547477144138662,0,0
0.556235015128873,0.699757516018467,0,0
0.00569557843037016,0.108774592513124,0,0
0.401874095331176,0.529632507961727,0,0
0.324373923824995,0.617998999735619,0,1
0.208877817166573,0.45928237971347,0,0
0.764696794144751,0.79758545029431,0,0
0.215727353849774,0.397932423439395,0,1
0.367228639238266,0.520346879256133,0,0
0.0614618144270782,0.325277747526174,0,0
0.799073715137519,0.869114894825982,0,1
0.857763181629785,0.826461707795024,0,1
0.979003122277569,0.931686409658342,0,1
0.950643273676878,0.929826672673932,0,1
0.487089595180355,0.688977054340441,0,1
0.296314089289379,0.482081725096886,0,1
0.694165375771075,0.772373261365098,0,0
0.724605949408531,0.783569725694274,0,1
0.868355089585263,0.885636476604835,0,1
0.206321940539887,0.454309858248851,0,0
0.398953671310738,0.657777671995401,0,1
0.788843309367256,0.865296757630518,0,1
0.222687134255348,0.480344596892934,0,1
0.482180958594303,0.684246758975215,0,0
0.780965492627652,0.862227443129612,0,1
0.604659763938264,0.796404971291154,0,0
0.199041178296709,0.379788573709928,0,1
0.49234015416571,0.633393307727498,0,0
0.980274528025578,0.93173466865288,0,1
0.191916362014247,0.363876884936404,0,0
0.242707546624815,0.458225160999318,0,1
0.415454975434174,0.621901475039859,0,1
0.795043142215217,0.86763325789492,0,1
0.859923091040269,0.883571557684523,0,1
0.768784924665386,0.799195754045887,0,1
0.422658018145836,0.567399565919626,0,0
0.26259320860697,0.47721643464253,0,0
0.59110893265775,0.709503065896183,0,0
0.55632665628138,0.699828379333838,0,1
0.323018777008226,0.615914879340734,0,1
0.244804032760726,0.46163187489079,0,0
0.629170524966636,0.789272120727369,0,0
0.361440067369009,0.513960404445143,0,1
0.446561018492812,0.587835330301255,0,1
0.423689223410195,0.568412064107801,0,0
0.604982171692136,0.796645502891789,0,1
0.0671166731042974,0.257337052918562,0,0
0.464783637975149,0.625651872816282,0,0
0.936317746061108,0.928317287336122,0,1
0.14808398817211,0.400946753911402,0,0
0.881589345135556,0.888619001023819,0,1
0.198591025867163,0.379024356200299,0,0
0.482828375779478,0.684873233409088,0,1
0.490967341749764,0.632202324446754,0,1
0.234800187971423,0.470452051189388,0,0
0.596583447742959,0.713291637696717,0,1
0.837059223682042,0.821131977860108,0,1
0.242771283806865,0.458328870803659,0,0
0.505725744202146,0.578159251291281,0,0
0.468394682446527,0.629029696661737,0,0
0.804901928355427,0.829092769418736,0,0
0.485465750311827,0.687417194164848,0,0
0.0479940346507033,0.272456190113696,0,0
0.298908299511566,0.48556182392974,0,0
0.721633836307531,0.782174262302278,0,1
0.540762547102879,0.640272907231857,0,1
0.713012152840382,0.780209907469699,0,1
0.890425151871775,0.890434522568954,0,0
0.0369476472771485,0.186800851947329,0,0
0.161574289227266,0.36820052781301,0,0
0.206182233554493,0.493385277967195,0,1
0.548192196319173,0.620996407228968,0,1
0.68749731353474,0.768860074902822,0,1
0.34233169826216,0.632076911858869,0,1
0.869802114524488,0.885977956085792,0,1
0.879197699329509,0.888103381294652,0,1
0.190121828295432,0.360832189621893,0,0
0.531826311591823,0.633548415446537,0,1
0.98953217648735,0.931995207491178,0,1
0.0575725729241621,0.305305801477466,0,0
0.0834308047551202,0.267509991609754,0,0
0.417629311050504,0.562436148885016,0,1
0.854612477908833,0.825697287194709,0,1
0.398589015919986,0.657326122804464,0,0
0.0099488670959772,0.189598999374922,0,0
0.645542201398438,0.706253744348392,0,0
0.293803456148387,0.47870150485736,0,0
0.149930457742307,0.40554143462382,0,0
0.107785174623357,0.331264189568887,0,0
0.868898319842558,0.885765114524421,0,1
0.00326524552560858,0.10945006570018,0,0
0.518586489523116,0.621762307810667,0,1
0.550820875150778,0.622844412179577,0,1
0.115949909280162,0.319496012179635,0,0
0.200041094720937,0.480328590556341,0,0
0.862222213144716,0.884147299462478,0,0
0.116972147518495,0.350485471109252,0,0
0.824703640728678,0.835414322809847,0,1
0.193089317914146,0.365863330338503,0,0
0.9955458437671,0.932078850011768,0,1
0.47141167769629,0.662503846080904,0,1
0.547270962835717,0.620346213035575,0,0
0.0822738922900407,0.26395974251087,0,0
0.0512932601742755,0.290693331257036,0,0
0.207424480886864,0.45645684496453,0,0
0.160788912975803,0.366567318770535,0,0
0.4510641529116,0.592041868867359,0,0
0.629948023093856,0.789799257160717,0,0
0.726329420753883,0.784372066537909,0,1
0.456048905268215,0.621636523278759,0,0
0.376930325528669,0.574816100308648,0,0
0.0644145555899943,0.247321928743335,0,0
0.538336973827694,0.638460483874763,0,1
0.45103666336143,0.592016294154201,0,1
0.402357580850617,0.530109272720193,0,1
0.0738371214671103,0.305970323112445,0,0
0.193815277731777,0.370890192901491,0,0
0.608431843562596,0.799206840142562,0,1
0.91508420448187,0.925376275208234,0,1
0.63151937515841,0.790861241547677,0,0
0.577675709266845,0.67612914999414,0,1
0.342380104867507,0.632147828920029,0,0
0.135472093544284,0.350759615601264,0,0
0.508387052071505,0.580166607524018,0,1
0.646264386510034,0.706666859439117,0,1
0.967516051221724,0.931113786790766,0,1
0.761952755146005,0.796488751264629,0,0
0.182998384665516,0.42878272803481,0,0
0.239661038667916,0.453257862797451,0,1
0.957005159307117,0.930374307925346,0,1
0.757999432551398,0.794886387430062,0,1
0.192920249865204,0.365577185150907,0,0
0.701951525611609,0.774708134462264,0,0
0.833474576495222,0.820135755088392,0,1
0.436250492183792,0.636629551262669,0,1
0.0094767283366729,0.180644135406219,0,0
0.668110263011594,0.796240502442732,0,0
0.0697353731819123,0.312735732112871,0,0
0.237802833517355,0.475657750137618,0,0
0.0970309665941608,0.321660936332166,0,0
0.870467848958161,0.886133793295649,0,0
0.834037685824148,0.820293686143146,0,0
0.235160794457953,0.471078317563653,0,1
0.754383145427347,0.799049273164062,0,1
0.508363491483711,0.580148883924057,0,1
0.421155123839647,0.565920694240488,0,0
0.218720458709724,0.402776738428857,0,1
0.221657709448429,0.478401019399724,0,0
0.0908022418997704,0.285280731569357,0,0
0.24881726444441,0.466168936176771,0,1
0.589651040718344,0.708485539143852,0,1
0.882214752160033,0.888752133215416,0,1
0.155047907080482,0.379394930260756,0,0
0.261879220415922,0.476114467247363,0,0
0.633578889914443,0.792246303312151,0,1
0.101196177848524,0.272058280023142,0,0
0.515343662630955,0.619226833672749,0,1
0.446853839892246,0.588109909935626,0,1
0.0504344253698894,0.285952042259434,0,0
0.765775889217627,0.798013244559798,0,1
0.0951951647485363,0.315879627768292,0,0
0.338370411417264,0.626255821521304,0,0
0.578965380968924,0.677024181936482,0,1
0.850853318575028,0.824763332842797,0,1
0.26085405957034,0.474530371923966,0,1
0.810281787692085,0.830877123243905,0,1
0.436664684760186,0.637065206150037,0,0
0.827617609689202,0.818461377025737,0,0
0.921592139880074,0.926367001286912,0,0
0.438204368854503,0.638681864952696,0,0
0.262057272200667,0.476389371692108,0,0
0.461441271441343,0.626790029293361,0,0
0.0948119661300832,0.314671377107172,0,1
0.658777749601695,0.790619499700886,0,1
0.632346765934526,0.791418610057972,0,0
0.496799876288111,0.637240143473061,0,0
0.470155583209932,0.630668574724475,0,1
0.128506557380104,0.333106065050997,0,0
0.334388453585697,0.554873442860759,0,0
0.268596256617786,0.504538839119737,0,1
0.535809682439953,0.636561898769935,0,1
0.419807935291822,0.564591771647827,0,0
0.836032514462214,0.820848856563119,0,1
0.701207896128007,0.774330775190021,0,0
0.495898425789033,0.636465313710475,0,1
0.599520868877146,0.715303393442553,0,1
0.396717233593218,0.655004002252641,0,1
0.217450060807963,0.400722872660525,0,0
0.742238238707978,0.793850677338657,0,1
0.922637962007615,0.926518847033749,0,1
0.261286584966226,0.475198985367618,0,0
0.632291716174211,0.791381564913621,0,1
0.709578410562038,0.778524163340647,0,0
0.737080427473457,0.791567000956367,0,0
0.270219651390823,0.507112346241645,0,1
0.102343660680696,0.274976926732429,0,0
0.71855569772052,0.780713227542145,0,1
0.443194532095493,0.643891096625318,0,0
0.682704232236127,0.76802068231217,0,1
0.0584291584490125,0.309711612317851,0,0
0.654282668351768,0.787856480281912,0,0
0.2883776270803,0.435590359424361,0,0
0.87784612312382,0.887807432585193,0,1
0.165299773237786,0.464202582929796,0,0
0.445569399411128,0.58690440638099,0,1
0.969153624870472,0.93121045280682,0,1
0.0861280747993826,0.216784612811322,0,0
0.400463628767989,0.528239444840792,0,1
0.285458605613679,0.481406271032474,0,0
0.0826788422546244,0.26520293303655,0,0
0.70977290318725,0.778620182227939,0,1
0.56244065468325,0.704523088166843,0,0
0.988042581962319,0.931964071229626,0,1
0.227609185873663,0.414720552375453,0,0
0.104662298030726,0.280863050840936,0,0
0.469907000909921,0.630437547717006,0,0
0.72526113635489,0.783875333351314,0,1
0.203118316520073,0.48688365535005,0,1
0.193449956319318,0.366473505214833,0,0
0.0164495221605347,0.105679567750305,0,0
0.613376232210473,0.709242604071489,0,0
0.58667040438758,0.682314436360481,0,1
0.460143931237628,0.625554846364812,0,1
0.706202111432412,0.776847070782195,0,1
0.0593147417210462,0.314262359767745,0,0
0.664980667707614,0.794372907649686,0,0
0.188512630002766,0.358096199963198,0,0
0.134184718902096,0.347666272782653,0,0
0.894872096965714,0.891295015572571,0,1
0.68857778873929,0.769434486532952,0,1
0.634781343776063,0.793051386362905,0,1
0.0624311829826621,0.239952325324131,0,0
0.100370442847318,0.269955698761663,0,0
0.418143945088245,0.562946078344692,0,0
0.77617576302547,0.802035352999754,0,1
0.00926079259971235,0.176547147193546,0,0
0.464739232996092,0.625610193422838,0,0
0.200224788900149,0.480720602976584,0,0
0.893583183563402,0.891049276680746,0,1
0.598284817835336,0.714458649040497,0,1
0.687553805954887,0.76889015718481,0,1
0.807574363050501,0.829985379922735,0,1
0.587895929137139,0.707255765516041,0,0
0.847426552438305,0.823891189375891,0,1
0.470456906155766,0.630948472457376,0,0
0.17437425443011,0.427050662043913,0,0
0.641548686623946,0.703954103007126,0,0
0.976445744325647,0.931580211999314,0,1
0.350242054188797,0.571321350733219,0,0
0.802707823540302,0.828350721091882,0,1
0.677273520047001,0.765052374865291,0,1
0.520464930541227,0.623836204040887,0,1
0.144433781686623,0.380586075259536,0,0
0.838834189734252,0.821617240759584,0,1
0.426174955154505,0.518393903197633,0,1
0.782948865511097,0.863010782863963,0,1
0.591631167041384,0.709866675203218,0,0
0.250539902849529,0.46893462182419,0,1
0.173560850194484,0.425247981312475,0,1
0.738043415339036,0.791996809226603,0,1
0.112116077664399,0.30956066236661,0,0
0.217624598108639,0.40100524670292,0,0
0.865305752378941,0.884904514761527,0,1
0.904602681236044,0.923614652151288,0,1
0.0935127470980918,0.293379438910191,0,0
0.0145553195877439,0.18733661060338,0,0
0.304038121821226,0.5433254330612,0,0
0.12828783997698,0.332577983621873,0,0
0.257042606731166,0.451373657907473,0,0
0.502333105638994,0.575584557389995,0,1
0.561411600980193,0.703737476128532,0,1
0.98056621334742,0.931745315237392,0,1
0.429575322789888,0.521401102406606,0,0
0.679305667485486,0.766168999854194,0,0
0.889412887316229,0.890233666813118,0,1
0.151890761954576,0.372305558387297,0,0
0.0931696757716249,0.292355714060216,0,0
0.296747965449907,0.482664659337258,0,0
0.129677034041177,0.335929865982115,0,0
0.161024821901793,0.367058057804091,0,0
0.343579645922234,0.633903523481578,0,0
0.311335691304156,0.575124250867436,0,0
0.762354092968834,0.796649946193377,0,1
0.9489169636139,0.929665056154404,0,1
0.58071721150418,0.67823556745908,0,1
0.983471816102217,0.931842711207864,0,1
0.951829730014047,0.929934527076829,0,1
0.25764420805372,0.452273924513677,0,0
0.301353372831204,0.539380206893491,0,1
0.841894256897929,0.82244136059014,0,1
0.584888843837677,0.681099904342894,0,1
0.175050486690947,0.428547988509105,0,0
0.052125293214813,0.225156185872879,0,0
0.545137795254168,0.618835568154164,0,0
0.147947959424619,0.400607871163481,0,0
0.772433089362176,0.800608926548262,0,0
0.603639488295962,0.795642503771149,0,1
0.254495500140484,0.447553958717995,0,0
0.00971042667849531,0.185077130501597,0,0
0.292717075065701,0.441024071701087,0,1
0.613835031849101,0.709538264418703,0,0
0.193084920576392,0.365855888668324,0,1
0.291082689718997,0.438981450370165,0,0
0.98264279806728,0.931816527105914,0,1
0.779691527594921,0.861720528066706,0,0
0.230475681404038,0.419264339975911,0,0
0.273477932782236,0.536173808071987,0,0
0.685833128144512,0.767971454241698,0,0
0.972990355828319,0.931417357892369,0,1
0.367821934450436,0.593585080535455,0,0
0.0237397084964328,0.194822603392569,0,0
0.811419476867047,0.831248073033876,0,0
0.459625021382436,0.625059966094563,0,0
0.582706434139616,0.679604985056613,0,1
0.551461350156855,0.623293043017657,0,1
0.631020014684609,0.790524243060223,0,1
0.721145275999673,0.781943440443385,0,1
0.37326337356651,0.600358186833497,0,0
0.862757274621463,0.884279921818035,0,1
0.044935066203669,0.228203951585086,0,0
0.632684616140483,0.791645841248371,0,1
0.329428625985027,0.54827104880954,0,0
0.537203662010405,0.637610384306248,0,1
0.251224476373033,0.470031937463542,0,0
0.300155009596559,0.53761431443441,0,0
0.684917793333129,0.767480683491677,0,1
0.30866698502477,0.571095518041458,0,0
0.485572093391568,0.687519497862713,0,1
0.723512420748852,0.783058035053214,0,1
0.939342548007905,0.928667851928489,0,1
0.188721756432497,0.358452067743188,0,0
0.52996963560063,0.631147887504611,0,1
0.741632409920388,0.793584785154539,0,1
0.534474223498243,0.635554472104789,0,0
0.785256783736965,0.863913333071191,0,1
0.745172294079224,0.795129572933644,0,0
0.768617766107885,0.799130464131078,0,0
0.771551263680926,0.800269397550078,0,0
0.884141601849385,0.889157875040991,0,1
0.454362999640766,0.620014761072727,0,1
0.459733209553015,0.625163183536713,0,0
0.146764808605769,0.397658054926271,0,0
0.235640010482224,0.471910116663717,0,1
0.269690229686616,0.506273702135101,0,1
0.737467484440533,0.791739944805004,0,1
0.15701994175187,0.383809720292334,0,0
0.723151133998012,0.782888533892349,0,0
0.595940159885473,0.712849105853741,0,1
0.930296549200289,0.927568681197663,0,1
0.725275781369294,0.78388215610491,0,0
0.698876965015545,0.774809960566774,0,1
0.0759626670370882,0.314430913811063,0,0
0.506512847839518,0.578754071995001,0,0
0.762962575327077,0.796893820674318,0,1
0.291808213678787,0.439888777268094,0,0
0.498575776711417,0.638762537792132,0,0
0.301766413854266,0.539988157451237,0,0
0.450198528565865,0.591235926449257,0,1
0.243767016659832,0.459947941749831,0,0
0.565696550495442,0.698855969421898,0,0
0.949632567453959,0.929732724878973,0,1
0.217897757014444,0.401447048643415,0,0
0.438501647353066,0.638993495921447,0,1
0.76894101517475,0.799256678326116,0,1
0.140932150596654,0.372059993505861,0,0
0.91310375839525,0.925059115593937,0,0
0.394160256169416,0.651820171579224,0,1
0.325248241305757,0.619341422134654,0,1
0.576729070579618,0.675470440845284,0,0
0.248070265684811,0.464967660425151,0,0
0.811922674946765,0.831411431862359,0,1
0.882905433157517,0.888898341226727,0,1
0.834412003560696,0.820398372244359,0,1
0.351237295467595,0.572599169244595,0,0
0.146043857579302,0.395858582174344,0,0
0.604807386008024,0.796515128769551,0,1
0.996303350128346,0.932084605048713,0,1
0.803671371535782,0.828677615891362,0,1
0.741543935978344,0.793545902592965,0,0
0.386661919808833,0.584338914988463,0,1
0.40617160361488,0.533856761312709,0,0
0.294645726724472,0.47983684758279,0,0
0.299237165907508,0.486002075875662,0,0
0.653067122881131,0.710516913916832,0,0
0.0426171201332056,0.216688803993292,0,0
0.601033403848529,0.793686016422196,0,0
0.455008512917274,0.620636307510654,0,1
0.384023397757948,0.581300606836315,0,0
0.721040763939724,0.781894010836955,0,1
0.0908427897843354,0.285402062581758,0,0
0.24893904711646,0.466364666105998,0,0
0.160589682203536,0.366152770371174,0,0
0.67252148553559,0.762413693737497,0,1
0.197894380160617,0.377840824051634,0,0
0.474190507575969,0.665197637635629,0,1
0.952479134140005,0.929992449673482,0,1
0.790592587646267,0.865963050402172,0,1
0.667898400488555,0.796114626017061,0,1
0.856537394816529,0.82616629895333,0,1
0.288973836836535,0.436338882925956,0,0
0.778018315410515,0.861050285061595,0,1
0.0190683049112297,0.122342140105933,0,0
0.873532527347447,0.886840879232463,0,1
0.247718752707933,0.464401966558794,0,0
0.123078051789077,0.253572793658004,0,0
0.126350469964775,0.259860966546899,0,0
0.587805744380721,0.707192432977911,0,0
0.891891221861965,0.89072214876284,0,1
0.092472251850901,0.290273406898519,0,0
0.483485907824793,0.685508693286503,0,1
0.885317045468528,0.889402104814454,0,1
0.957157763349872,0.930386517547681,0,1
0.990773380547517,0.932017992445331,0,1
0.36191808065542,0.514489994818986,0,0
0.585318512218753,0.681393297447555,0,1
0.384926825853961,0.582342389745629,0,0
0.135867682812428,0.351709224980635,0,0
0.761524476062703,0.79631643554191,0,1
0.220859037129382,0.476891335869665,0,0
0.69679677140588,0.773738808007422,0,1
0.809460749246264,0.830608033060701,0,1
0.2725610003632,0.534659893816761,0,1
0.50849992390872,0.580251504289967,0,0
0.4222930522257,0.567040787164073,0,1
0.054664380624116,0.235816030394468,0,0
0.741606325842239,0.793573323097833,0,0
0.80871709557007,0.830363302351916,0,1
0.538131802303424,0.638306738796934,0,1
0.759332479345124,0.795429648226111,0,1
0.0410853843612663,0.2090640932045,0,0
0.182260409025809,0.427227028401077,0,0
0.567098474796116,0.699903120706988,0,0
0.621205120879424,0.714239593004214,0,1
0.782018876539422,0.862644367852942,0,1
0.601489935674203,0.794029678660465,0,1
0.560267970353471,0.702862227368603,0,0
0.669621908836748,0.760784687059247,0,1
0.185391941406907,0.43381883229267,0,0
0.148131764164803,0.401065763411555,0,0
0.233397785105149,0.468013687490232,0,0
0.886606604770334,0.88966718028377,0,1
0.626840856603752,0.787686003239244,0,1
0.657173057392065,0.789637283872093,0,0
0.306398745201542,0.546781808379285,0,0
0.259049244232033,0.471736199195899,0,0
0.597085471215223,0.713636500824092,0,1
0.214925785094047,0.396631946616921,0,0
0.935490313019246,0.928218419540214,0,0
0.803675734994854,0.828679092605127,0,1
0.0776474426888136,0.321123238910923,0,0
0.174870393827248,0.428149343293064,0,0
0.487167828720054,0.68905208073195,0,0
0.269337347288937,0.505714371882457,0,0
0.290200063740218,0.437876401982764,0,0
0.961368862974038,0.93070631314884,0,1
0.342057405904266,0.631674967119552,0,0
0.835896038587758,0.820811088605472,0,1
0.344592772586544,0.564030962865516,0,1
0.721447282682971,0.782086172223364,0,0
0.183992477257959,0.43087611813518,0,1
0.685952290821536,0.768035240094544,0,0
0.574253261315924,0.705194575400433,0,1
0.727877762923913,0.785088582918169,0,0
0.436894470209555,0.637306760349544,0,0
0.948861920601539,0.929659811654515,0,1
0.98993373676698,0.932002893261641,0,1
0.378405186860016,0.576540882140269,0,0
0.755864288974481,0.794009993216963,0,0
0.9339262744974,0.928028050320962,0,1
0.812664666758334,0.831651516647758,0,0
0.449650087738774,0.590724641624935,0,0
0.00196731331580935,0.0659866265920716,0,0
0.946767974837847,0.929456106125499,0,1
0.349391661577168,0.570227955658936,0,1
0.0370351117375395,0.187234714306294,0,0
0.244434854879059,0.461032659335167,0,0
0.962941362373208,0.930817253355389,0,1
0.463770535625679,0.624700094365777,0,1
0.124211567617867,0.255753582303563,0,0
0.667481137428786,0.795866477607529,0,1
0.0138769629796521,0.178666734720173,0,0
0.798918830596648,0.869058502997563,0,1
0.534933002949757,0.635900886703674,0,1
0.850208721719473,0.824600789783578,0,1
0.229200282071254,0.417244743703568,0,0
0.0901338049271303,0.283279794712164,0,0
0.69279615145173,0.771658043361656,0,1
0.814991576850232,0.832398275351433,0,1
0.631543328753371,0.79087739540334,0,1
0.772826085189029,0.800759818567183,0,0
0.631107080596622,0.79058303322487,0,0
0.890659971463635,0.89048085206449,0,1
0.992759570954289,0.932048478267658,0,1
0.173769434864827,0.425710419553075,0,1
0.549389082141051,0.621839175023555,0,1
0.11999422864908,0.358963551429623,0,0
0.767146320453977,0.798553701192245,0,1
0.228107771386604,0.415512092327738,0,0
0.110920723592081,0.340336005656529,0,1
0.968821293982372,0.931191239623835,0,1
0.447528790240225,0.588742259690676,0,1
0.8299427778665,0.819133018564579,0,1
0.0259773426261602,0.206445968427734,0,0
0.0905108682218669,0.28440869799811,0,0
0.815225778066403,0.832472918901224,0,1
0.909363689182419,0.924440217840855,0,1
0.0682405647890841,0.306269097237385,0,1
0.650274860335617,0.708945659410196,0,1
0.553315952920121,0.697492636214018,0,1
0.206538819141209,0.454732423697876,0,1
0.424796597430744,0.569497333725503,0,1
0.472603526824014,0.663660960959393,0,1
0.0114840956947616,0.148036563016225,0,0
0.544944828159187,0.618698564443549,0,1
0.782401432614391,0.86279528435223,0,0
0.914464174575458,0.925277766404991,0,1
0.0460430670067342,0.233698443851759,0,0
0.791776238551641,0.866410753954988,0,1
0.439388945098757,0.63992265111676,0,0
0.704619785724231,0.776054418773424,0,1
0.609383178814981,0.799909242297508,0,1
0.914159804860962,0.925229146650591,0,1
0.679539441504657,0.766297001698424,0,1
0.204578147886753,0.489984536891116,0,1
0.989694056224173,0.931998341996573,0,1
0.808360131576091,0.830245489621458,0,0
0.0511500366259079,0.289902948477052,0,0
0.990246235687661,0.932008666427639,0,1
0.0843738295383188,0.212563828929016,0,0
0.415974561943551,0.622475070637586,0,1
0.888049377281211,0.88996019663742,0,1
0.762113065094805,0.796553171418169,0,1
0.673047175697226,0.762707493175861,0,1
0.533690895412239,0.634962208270234,0,0
0.346976270842871,0.56711455964471,0,1
0.899944202277296,0.892232964276547,0,1
0.818957063461023,0.833649384288376,0,1
0.945892263569689,0.929368490244137,0,1
0.39955783482581,0.658525198978141,0,1
0.233621865447242,0.468403596616386,0,0
0.723219806715338,0.78292076939717,0,1
0.689098728987986,0.769710722487253,0,1
0.543365274913635,0.617574920993595,0,0
0.537106648921,0.63753751773841,0,0
0.809690303805638,0.830683385149609,0,1
0.799584522179125,0.869300566317685,0,0
0.847774726325846,0.823980706993994,0,1
0.19036227270886,0.361240531438398,0,0
0.200273922939978,0.480825442175349,0,0
0.773663414276347,0.801080443956732,0,1
0.565534061934586,0.698734381507962,0,1
0.268902956579066,0.50502547723935,0,1
0.479355196683925,0.67016655734186,0,0
0.674658792820055,0.76360525741383,0,0
0.684230726223854,0.767111363864434,0,1
0.821391312140686,0.834403961323031,0,1
0.364663684811887,0.517524165620715,0,0
0.672749529623508,0.762541201730204,0,1
0.553076455519988,0.697306152720873,0,1
0.406415243732466,0.534095335957175,0,0
0.397958973194729,0.656545301704377,0,0
0.61287979776173,0.708922295603499,0,0
0.0613494508833504,0.324701899366123,0,0
0.764499761793781,0.797507126890057,0,1
0.233647377927434,0.468447982166455,0,0
0.165938512482026,0.465834086797431,0,0
0.42348426306673,0.568210966075675,0,1
0.468447898767748,0.62907930500811,0,1
0.274436595604967,0.537754580087167,0,0
0.310130837712748,0.573307308979254,0,1
0.673148178725659,0.762763888022712,0,1
0.030053970132477,0.238350314407009,0,0
0.655184249474997,0.788413559746299,0,1
0.521453646201288,0.624603614426385,0,1
0.478708157475946,0.669546731840116,0,0
0.720489501565015,0.781632981476396,0,1
0.688251891281889,0.76926143962798,0,0
0.0648108379902839,0.248792521807591,0,0
0.800235945634077,0.827504788718436,0,1
0.0391751580785462,0.197838012165482,0,0
0.0270127378019748,0.214561815442659,0,0
0.525865384179891,0.628008566793895,0,1
0.734798999623732,0.78824177691109,0,1
0.505574781138639,0.578045058915987,0,1
0.293668076293376,0.478518892531315,0,0
0.186181104387289,0.435476012356774,0,0
0.6627426687613,0.793026626505066,0,1
0.942126635840375,0.928975444240705,0,1
0.158778356134171,0.362379348835031,0,0
0.275864609555203,0.540105411043453,0,0
0.991093067702775,0.932023395872882,0,1
0.833739063050054,0.820210000274166,0,1
0.750156320514817,0.797268451489527,0,1
0.0420732026344852,0.213982674202747,0,0
0.0270170824340884,0.214595852243964,0,0
0.487210238048859,0.689092746726211,0,1
0.0321960872618871,0.186105446660839,0,0
0.101525447869623,0.272896166693422,0,1
0.563294039340621,0.70517318914229,0,0
0.427803410490948,0.519836298093369,0,1
0.790868286719563,0.866067557398657,0,1
0.273989644596915,0.537017846952109,0,1
0.272449621058978,0.534475869380256,0,0
0.405821488854621,0.533513754286899,0,1
0.673230821872443,0.762810018703706,0,0
0.981498061301854,0.931778265184236,0,1
0.397483097304902,0.655954999839549,0,0
0.744574268286665,0.794870093487327,0,1
0.856724960335783,0.826211665622884,0,1
0.675006179891858,0.763798190993224,0,1
0.779486162084114,0.861638537276239,0,1
0.811922868869241,0.831411494733446,0,0
0.596925259108599,0.713526490377053,0,0
0.438995096981732,0.639510404945221,0,0
0.168750264972941,0.47300117381738,0,0
0.781392558321778,0.862396716104634,0,1
0.194091834325791,0.371362548707024,0,0
0.998720766792915,0.932095817045077,0,1
0.542603727122336,0.617031789233253,0,1
0.00936648527757111,0.178552585274341,0,0
0.418798897187214,0.563594391181903,0,0
0.241051920396702,0.455528154405261,0,1
0.0531377724279383,0.229410302485054,0,0
0.716133407078828,0.781724844603957,0,1
0.316491533728303,0.593825363976603,0,0
0.821069112987474,0.834304671410466,0,1
0.764420749436287,0.797475699841249,0,1
0.0656715109642984,0.251984309517205,0,0
0.712723074821828,0.780068761875049,0,1
0.194968933480405,0.372859552939498,0,0
0.776557306401632,0.860460897625736,0,1
0.250429898419166,0.468758200161498,0,1
0.403745725272943,0.531475978501844,0,0
0.883295283899862,0.888980487810515,0,0
0.656977867908593,0.789517496007937,0,1
0.0815009807032305,0.26158539208838,0,0
0.134505958733745,0.348438588569777,0,0
0.00768195908987102,0.146564514552658,0,0
0.982190585634204,0.931801704165896,0,1
0.0476740772951684,0.270684192974055,0,0
0.105378136697548,0.282677213047469,0,0
0.457465426431872,0.622995270393869,0,1
0.0544005092238622,0.234709551074809,0,0
0.289085994767331,0.43647962373783,0,0
0.677974038681662,0.765438092692404,0,1
0.048629064849089,0.275971369160305,0,0
0.457972134079399,0.623480451169428,0,0
0.572758058061932,0.704096058842914,0,0
0.199266685325509,0.380171252422135,0,0
0.186168542083185,0.435449645088814,0,1
0.102687650972154,0.275851146865206,0,0
0.0688002584515991,0.308691583100414,0,1
0.168984897606264,0.473598152486102,0,0
0.0608165364666632,0.321969845316902,0,0
0.551678618450622,0.623445086614873,0,1
0.807905419169923,0.830095097804335,0,1
0.804341596207267,0.82890405358593,0,1
0.631181728725543,0.790633427390364,0,0
0.541745948865315,0.616418942607706,0,0
0.467135220453498,0.627854174395728,0,1
0.960137094736101,0.930616191948826,0,1
0.28989563614031,0.437494939493068,0,0
0.366434071745622,0.519473684285938,0,1
0.575341432017928,0.705991626373042,0,1
0.512580485186113,0.617052952398181,0,1
0.674237301498984,0.763370890683716,0,0
0.774672491909111,0.801465261206289,0,0
0.182440286537196,0.427606351103462,0,0
0.628897149636713,0.789086511922901,0,1
0.694024658944456,0.772299904851542,0,0
0.272308021631187,0.534241873614636,0,0
0.928077995452894,0.927275812778206,0,1
0.345250354284617,0.564882816441781,0,0
0.638080532758138,0.795246712601763,0,1
0.925796427869503,0.926965055831621,0,1
0.980630763366282,0.931747649895054,0,1
0.248728200455718,0.466025771844455,0,0
0.941952505723438,0.928956629564443,0,1
0.909078533341218,0.92439196105419,0,0
0.250976419314831,0.469634438035785,0,0
0.101052491907651,0.2716925491388,0,0
0.362357198800731,0.514976143813006,0,1
0.923627575746543,0.926660654213134,0,1
0.845269261425046,0.823331977493058,0,0
0.258119992715398,0.452985396266111,0,0
0.27561889635438,0.539701241943496,0,0
0.29827772116148,0.484717093818201,0,0
0.0814173750006714,0.2613284392437,0,0
0.16833421658282,0.471942202463357,0,1
0.614437210615415,0.709925788585384,0,1
0.492396653577276,0.633442254877653,0,1
0.411906013957088,0.61796997158585,0,0
0.515704191506544,0.619509561968055,0,1
0.887364000181752,0.889821469495136,0,0
0.955098781806335,0.930218122833988,0,1
0.255676765280149,0.44932703640651,0,0
0.233665208667807,0.468479002468415,0,1
0.0701539751326874,0.314544769536822,0,1
0.25969971266413,0.472744024552605,0,0
0.17421290355827,0.426693214548806,0,0
0.0275624574552161,0.218867232860351,0,0
0.174469143778632,0.427260841863212,0,0
0.780455771607453,0.86202497619279,0,1
0.920264208011638,0.92617125712089,0,1
0.721587650890057,0.782152459179218,0,1
0.298418899616122,0.484906284102274,0,1
0.631456462773877,0.790818809613188,0,1
0.770184852687916,0.799740695050659,0,1
0.442502750472501,0.643171720718309,0,0
0.619445687271971,0.713125494347567,0,1
0.573748499857099,0.704824160891333,0,1
0.902742010563319,0.923280525004813,0,1
0.752390886085395,0.798213691475197,0,1
0.264954421809113,0.480853129355438,0,0
0.229365439735353,0.417506459554555,0,1
0.693602467494371,0.772079611453715,0,0
0.233012359696303,0.467342764579606,0,0
0.621926209582063,0.714694705177096,0,1
0.254936701550741,0.448216530519909,0,0
0.920419276853629,0.926194284611377,0,1
0.30255631134182,0.541149797690034,0,0
0.848542958999822,0.824177500813987,0,1
0.229708736419111,0.41805028262049,0,0
0.57209743798242,0.703609478696789,0,1
0.188902236210568,0.358759114145375,0,0
0.420008019578231,0.564789338416123,0,1
0.37623972998987,0.574007075809105,0,0
0.0390369752968421,0.197154069715389,0,0
0.127950073167769,0.262926157755195,0,0
0.75376087314491,0.79878900831199,0,1
0.412611546221674,0.618753448245972,0,1
0.804086419107381,0.828817932415439,0,0
0.669898880654487,0.760940912499498,0,1
0.382820974382455,0.581680500526098,0,1
0.494831826897916,0.635546741657215,0,1
0.950555450565638,0.929818584832266,0,1
0.947946362588767,0.929571748958843,0,1
0.484983200713881,0.686952708259895,0,1
0.712433982117579,0.779927466997106,0,1
0.749830073153533,0.797129735687189,0,0
0.510598284783477,0.615485878266454,0,0
0.44701252023254,0.588258644326604,0,0
0.76902140597195,0.799288039912278,0,1
0.415627154635843,0.622091608138572,0,1
0.500088617073698,0.573871521414369,0,0
0.0874795401118286,0.220030772144492,0,0
0.904335796223318,0.923567123149851,0,1
0.454727796725502,0.620366104254774,0,0
0.599055183476994,0.714985439454558,0,0
0.0705558582429399,0.316280788443907,0,0
0.529440313669513,0.630744544890435,0,1
0.221312039428046,0.477747809640685,0,0
0.385189650643749,0.582645177516905,0,0
0.559997735035598,0.702655076684078,0,1
0.815033115322822,0.832411521202798,0,1
0.26284201855547,0.477600196654962,0,0
0.727815397846743,0.785059801206303,0,1
0.492043114351589,0.633135883536691,0,1
0.30424486154323,0.543628606237086,0,0
0.290407878071884,0.438136709438025,0,0
0.241102217882645,0.455610175499155,0,0
0.073163380545301,0.303284485403398,0,0
0.581119020987878,0.678512705404385,0,1
0.624939296169217,0.716587019966087,0,1
0.23524189867568,0.471219130840063,0,0
0.564294562839389,0.697805384933407,0,1
0.872597932993518,0.88662704279255,0,1
0.807658418579405,0.830013255313427,0,0
0.407348822949998,0.535008598993975,0,0
0.496224495348338,0.636745742546898,0,0
0.706388929524465,0.776940374635786,0,1
0.577921464255536,0.676299915027648,0,1
0.754689068545382,0.799176983785578,0,1
0.95015841636082,0.929781841563518,0,1
0.177023398872168,0.419789004542161,0,1
0.789258502399253,0.865455404575728,0,1
0.334966275388993,0.555639436500859,0,0
0.563783585221743,0.705545548068684,0,0
0.206889950925096,0.455416322698025,0,0
0.740971633740244,0.793294065417467,0,1
0.980002838856065,0.931724609263364,0,1
0.833330769279483,0.820095336803235,0,0
0.620510936374456,0.713800642040128,0,1
0.492107193656614,0.633191429447322,0,1
0.52357634731833,0.626245838521428,0,1
0.931533770213731,0.927728019912842,0,1
0.15834714520735,0.361479835607295,0,0
0.590509085928332,0.709084845034403,0,1
0.638005952877756,0.795197306188509,0,1
0.907924152870709,0.92419505686528,0,1
0.269397832902488,0.50581026276481,0,1
0.710750151001298,0.779101665222426,0,1
0.350325434079745,0.571428479717069,0,1
0.364385731470396,0.517217594246189,0,0
0.0814052629297609,0.261291212198927,0,0
0.328304340097401,0.624020082444577,0,1
0.324429870519064,0.61808495204966,0,1
0.0295806780882653,0.234653120182886,0,0
0.549567315907566,0.621964484208238,0,1
0.706743962546668,0.777117527672569,0,0
0.498500819100446,0.63869838902009,0,1
0.527304459733684,0.629112415409057,0,0
0.105814546178561,0.325546395038344,0,0
0.684744277206492,0.767387489183569,0,1
0.471142697411741,0.662242343473684,0,0
0.229269650368604,0.417354674485554,0,0
0.85572151024516,0.825968269497942,0,0
0.565192660968216,0.69847876777621,0,0
0.99916254084313,0.932096688649077,0,1
0.077097045514804,0.318938275113586,0,0
0.515001693270262,0.61895846540064,0,0
0.303955564059445,0.543204341180773,0,0
0.861609871643899,0.883994888964312,0,0
0.1617750115884,0.368617689503707,0,0
0.00138428158769255,0.0464444203961186,0,0
0.442986809149879,0.643675181712403,0,0
0.677156868554476,0.764988063104173,0,1
0.967907996395404,0.931137378391561,0,1
0.620111777842328,0.713547879767451,0,1
0.190354270217775,0.361226942922475,0,0
0.362172199980653,0.514771371871462,0,1
0.780056740755435,0.861866148221785,0,1
0.32974362258674,0.548691821749261,0,0
0.164242096633753,0.461498259240076,0,0
0.285070303255482,0.480860304485026,0,0
0.0403404765329846,0.203601900808737,0,0
0.755118594653949,0.793702100595972,0,1
0.285286945389222,0.481164947398082,0,0
0.764496309659406,0.797505754028934,0,1
0.842570292674491,0.822621296158439,0,1
0.455017937979714,0.620645377186394,0,0
0.858388951062107,0.826611537926631,0,1
0.991430673301041,0.932028895324448,0,1
0.941751580653172,0.928934849465244,0,1
0.979273757021668,0.931696934646225,0,1
0.950654707155433,0.929827724552698,0,1
0.963886640936746,0.930881724589725,0,1
0.697935419595427,0.774326044775463,0,1
0.156183814580635,0.381939143751869,0,1
0.646758973412585,0.706949294313788,0,0
0.990725970351113,0.932017174884662,0,1
0.244289941140888,0.460797368655306,0,0
0.681763597423915,0.767510158961825,0,1
0.129261832214584,0.33492861670076,0,0
0.998183616993868,0.932094267144643,0,1
0.419857723191921,0.564640939470864,0,1
0.350680162922975,0.571884092307233,0,1
0.206590696638341,0.454833484501777,0,0
0.8501576004333,0.824587868918917,0,1
0.612404108262985,0.802128366848848,0,1
0.575336034796073,0.705987678110511,0,1
0.248047605831704,0.464931201636009,0,0
0.13350738896356,0.345144151481447,0,0
0.0649665436606767,0.249370170767934,0,0
0.607252715140079,0.79833387953266,0,1
0.729593671594385,0.785877893898303,0,1
0.424899720713033,0.569598292312115,0,0
0.0989996645179524,0.327847713658422,0,0
0.0892755580324364,0.280708513964318,0,0
0.529519577384459,0.630804972636742,0,0
0.335970802267042,0.556969511246859,0,0
0.661396633894503,0.792212594741609,0,1
0.953896462456915,0.930116135745341,0,1
0.0489892859048344,0.2779643128174,0,0
0.12124975456966,0.36247723050117,0,0
0.608231709364389,0.7990588569427,0,1
0.296194659149692,0.481921201649167,0,0
0.7187425015854,0.780802351718239,0,0
0.484814391888827,0.686790115799253,0,1
0.954161788187522,0.930138873804978,0,1
0.358777328055674,0.553719837044831,0,0
0.725122712744262,0.783810827215702,0,0
0.592965812582363,0.710793820061497,0,1
0.701727042711572,0.774594318345225,0,1
0.28608644378975,0.432708009249283,0,0
0.550364473987339,0.622524328155818,0,0
0.0072067741743318,0.137531230304348,0,0
0.950888821941341,0.929849209504196,0,1
0.438235452580948,0.638714457109023,0,0
0.356145070741908,0.550538898501404,0,0
0.101939144055856,0.273948455715381,0,0
0.237380240606376,0.474926336649118,0,0
0.297086488271643,0.483119231921587,0,0
0.478563188148794,0.669407754190942,0,0
0.415016642130686,0.621417181949529,0,1
0.0561841619768215,0.242182845574166,0,0
0.588936668362418,0.707985625285955,0,0
0.0670047794311665,0.256922905303767,0,0
0.278830360209908,0.544972903892617,0,0
0.93134923503893,0.927704435138987,0,1
0.701653611726631,0.774557069160853,0,1
0.683694143374166,0.768556318014186,0,1
0.356228244456143,0.550639608745334,0,0
0.595937114789925,0.712847009388904,0,1
0.820710422600543,0.834193925743182,0,1
0.779012544974402,0.861449157604143,0,0
0.750915398816096,0.797590500379565,0,1
0.531539290881599,0.633330285199943,0,1
0.745190811328067,0.795137597737601,0,1
0.217719351372203,0.401158516278196,0,0
0.518552245398439,0.621735622228783,0,0
0.812646661747407,0.83164570203809,0,1
0.276940471432668,0.541873461769471,0,0
0.503675550499623,0.576605452589993,0,0
0.652387984291461,0.710135910055647,0,1
0.0812395766993673,0.260781918149196,0,0
0.14552539578764,0.383236913761316,0,0
0.593480555380867,0.711150587989514,0,1
0.413926082161668,0.62021070028215,0,1
0.131145233897117,0.339466564859206,0,0
0.808771916829454,0.830381376154616,0,1
0.715638009576344,0.781485503675406,0,1
0.975830292156385,0.931552834606866,0,1
0.0400337287898845,0.202085345914934,0,0
0.803091959282384,0.82848123541986,0,0
0.491553595070345,0.632711321938168,0,1
0.194776917494204,0.372531965688527,0,0
0.142133319220714,0.374988629320311,0,0
0.198932447042087,0.379604021504892,0,0
0.00735530562758679,0.140355283797283,0,0
0.121022185102635,0.361840733311168,0,0
0.690538374579065,0.770471709963762,0,0
0.292197011177862,0.440374617923895,0,0
0.492568804531873,0.633591360871491,0,0
0.88094542504898,0.888481191266518,0,1
0.523796941555899,0.626416082107205,0,0
0.706014023062956,0.776753072550226,0,1
0.151053167776156,0.408330267447716,0,0
0.436440466244005,0.636829409003113,0,0
0.890863162325704,0.890520861055359,0,0
0.159769610111584,0.364445373458731,0,0
0.118656032897911,0.355212991940869,0,0
0.822207098786338,0.83465455657466,0,0
0.0580731400513769,0.307880933517121,0,0
0.23224605704253,0.466007834117281,0,0
0.594955914396248,0.712170657051673,0,0
0.711458698787822,0.779449746058993,0,0
0.432955480945108,0.524372714892126,0,1
0.47992075496592,0.670707698399907,0,1
0.0869290991171852,0.218709217319898,0,0
0.610037469045399,0.800391334679899,0,0
0.280320203662878,0.474157492398789,0,1
0.918916158645096,0.92596918512364,0,1
0.238218116946099,0.47637611759783,0,0
0.750654151788566,0.79747977350755,0,1
0.705144989531288,0.776317987010988,0,1
0.122781959975571,0.253002673392947,0,1
0.208727417299124,0.458990217166226,0,0
0.197170766341279,0.376610386892586,0,0
0.784330405863519,0.86355221654874,0,1
0.55115123691833,0.623075899238389,0,1
0.507985226309667,0.579864215285714,0,1
0.742576145409025,0.793998710032129,0,1
0.877487957988406,0.887728454835894,0,1
0.0700456273718756,0.314076610080374,0,0
0.376322335085403,0.57410389388907,0,1
0.341774478693686,0.631260193369723,0,0
0.844279955663404,0.823072904299613,0,1
0.768851860484281,0.799221885058561,0,1
0.532497379324864,0.634057892399958,0,1
0.0895479382771494,0.281524819227622,0,0
0.925108030486752,0.926869388174732,0,1
0.557943343347014,0.701076107736594,0,1
0.0239093827982986,0.196198208456467,0,0
0.646063066686271,0.706551782172972,0,1
0.273709241405529,0.53655541184678,0,1
0.453676469345489,0.619352913145388,0,1
0.895617034720224,0.891435676834435,0,1
0.204043057808813,0.488848592451311,0,0
0.113638346999754,0.313510759848707,0,0
0.618168934051299,0.712313803305815,0,1
0.675487414322765,0.764065120850809,0,1
0.988851036698689,0.931981483239947,0,1
0.321568920957744,0.601532259266774,0,0
0.907225354077795,0.924074654774327,0,1
0.5904710865997,0.709058330764202,0,0
0.0768366923878633,0.317904272533543,0,0
0.930588139361543,0.927606491405803,0,1
0.54246365733168,0.616931793676832,0,0
0.473861168610098,0.664879118848549,0,1
0.544476075909884,0.618365515429052,0,0
0.527338911580452,0.629138800708092,0,1
0.661478538018845,0.792262219951819,0,0
0.644448465152053,0.705626484759642,0,1
0.172933099904175,0.423855536490323,0,1
0.507537424916394,0.57952693320253,0,1
0.178187101364052,0.422278845339553,0,0
0.465664176710337,0.62647764979723,0,1
0.0956050309004717,0.317171396682953,0,0
0.908933531913844,0.924367364393868,0,1
0.843015173390295,0.822739286205608,0,1
0.204660592241551,0.490159490358864,0,0
0.222008136861673,0.479062923116525,0,0
0.564808616888746,0.69819098632735,0,0
0.0412760724405852,0.210013969134662,0,0
0.979159449496697,0.931692505881444,0,1
0.344412672914985,0.563797506487828,0,0
0.296243661287867,0.481987067650701,0,1
0.927944207717064,0.927257858287219,0,1
0.244457928024194,0.461070118120102,0,0
0.40518557653602,0.532890234641286,0,0
0.183801148922993,0.430473411231398,0,1
0.0860169098489539,0.216517385731986,0,0
0.91325477717196,0.925083558095837,0,1
0.27731036442994,0.542480729539837,0,0
0.778303366445588,0.861164827078383,0,1
0.162155071760096,0.369407295720223,0,0
0.665765008604031,0.794842611256793,0,1
0.274360998387416,0.537630001048909,0,0
0.725254372432452,0.7838721820827,0,0
0.057234274220105,0.303564673057258,0,0
0.662118895050761,0.792649794526939,0,1
0.0560967507063875,0.241816931466966,0,1
0.65752123295011,0.789850790066721,0,0
0.349710939443993,0.570638635885237,0,1
0.735814628830464,0.790999640813633,0,1
0.417908509647968,0.562712851105547,0,0
0.55543653421784,0.699139455712743,0,0
0.189658354604197,0.360044739642319,0,0
0.277674566387429,0.543078350505335,0,0
0.4860913194906,0.688018697772509,0,0
0.046530440122482,0.264345600444186,0,0
0.848933275158438,0.824277104453876,0,1
0.438614518480877,0.639111773213279,0,0
0.190299222713701,0.361133466653268,0,0
0.149596073184233,0.404710104750795,0,0
0.126237541619646,0.259644358740499,0,1
0.482210853434115,0.684275704031757,0,1
0.994419386918528,0.932068313830772,0,1
0.835648749332799,0.820742574406497,0,1
0.879932855283978,0.888262972574908,0,1
0.513262533254941,0.617590690515877,0,0
0.0131051075963924,0.16879462232561,0,0
0.789242813886401,0.865449415607655,0,0
0.914446079365719,0.925274880720318,0,1
0.0631621932172093,0.242670350843364,0,0
0.174991705965609,0.428417883785768,0,0
0.509555389463493,0.581044431263901,0,1
0.430876578677379,0.522547171701478,0,0
0.958876325967468,0.930521019823584,0,1
0.984610597556099,0.931876590294795,0,1
0.154331025255191,0.377787491752503,0,0
0.353104749749603,0.546848619382688,0,1
0.576856597384625,0.67555926506775,0,0
0.422226306186494,0.566975148127565,0,0
0.507899325343234,0.57979953883154,0,1
0.877020301564005,0.887624985477383,0,1
0.0604638606322634,0.320160954782797,0,0
0.915354632511841,0.925419015684845,0,1
0.312558525390127,0.576965060175013,0,0
0.729137222490116,0.785668416599786,0,1
0.275110406267776,0.53886440050985,0,1
0.729862527978436,0.786001114297053,0,1
0.784355204630669,0.863561903743593,0,1
0.567205495267141,0.699982919328594,0,0
0.110968274194404,0.340473333914624,0,0
0.124699610951924,0.256691667732643,0,0
0.855707906951462,0.825964958222471,0,1
0.933883944886743,0.928022834731184,0,1
0.648654278613022,0.708027953561544,0,0
0.184974047808943,0.432940638200367,0,0
0.722325300431624,0.782500254891075,0,1
0.224046448619755,0.482907072604811,0,0
0.752745464608397,0.798362900498668,0,1
0.998626902830434,0.932095584991764,0,1
0.921307939640617,0.926325385158548,0,1
0.527266925915165,0.629083667561567,0,1
0.622644925526362,0.715147456874196,0,0
0.315417495241591,0.592187732555253,0,0
0.880535736099871,0.888393121893847,0,1
0.860289938625907,0.883664061813372,0,0
0.0605645582141712,0.320677506571876,0,0
0.549641249488619,0.622016449467972,0,0
0.380565469890537,0.579059854403149,0,0
0.55684325692598,0.700227577102518,0,1
0.182172742480891,0.427042128404432,0,0
0.792189509902917,0.866566471799896,0,1
0.117893762311875,0.353074029418784,0,0
0.203031172524967,0.486698369745999,0,1
0.0239498321257702,0.19652610909041,0,0
0.0584982081415181,0.310066591951965,0,1
0.119177890746176,0.356676280132733,0,1
0.451364480065821,0.592321192734279,0,0
0.895686116803929,0.891448670428246,0,1
0.103769091038851,0.278597346169921,0,0
0.997386703572969,0.932090976774854,0,1
0.922418470016268,0.926487147454279,0,1
0.12597034958684,0.259131746340298,0,1
0.56160770255213,0.703887328579894,0,1
0.578721466419884,0.676855115182317,0,1
0.781486432268272,0.862433879959385,0,1
0.0993772748866172,0.329032838457576,0,0
0.0890592289617606,0.280060016321138,0,0
0.944710757774773,0.929248013713268,0,1
0.425479940068682,0.57016599464077,0,1
0.819158637951975,0.83371225696162,0,1
0.782990448519278,0.86302712995019,0,0
0.837900405198407,0.821362613387298,0,1
0.139751697312994,0.361009693587395,0,1
0.0917317765980943,0.288060808725767,0,0
0.442851857458246,0.643534864776257,0,0
0.808103253502192,0.830160573435157,0,1
0.140313091448584,0.370549030908817,0,0
0.17974544702882,0.425607540921728,0,1
0.160597735828325,0.366169529817822,0,0
0.230620414598209,0.419493313849179,0,0
0.328044903771119,0.623623729659369,0,0
0.067779725906479,0.304273385465476,0,0
0.38652414710528,0.584180589840486,0,0
0.280483878291372,0.474389190199176,0,0
0.1531843535178,0.375213516536018,0,0
0.313274051038118,0.578040668859277,0,1
0.499258710702754,0.639346551481814,0,0
0.670910860707972,0.761510604022367,0,0
0.291576329085903,0.439598887684256,0,1
0.486830388197905,0.68872839165358,0,1
0.694060265746849,0.772318470077108,0,0
0.94231758026043,0.928996010718893,0,1
0.113312846455346,0.31266669659552,0,0
0.377052136063788,0.574958706928924,0,1
0.866672603066886,0.885234685750195,0,1
0.767929102128413,0.798860983488683,0,1
0.825941587639117,0.835787079385869,0,0
0.0369039677567898,0.186584167478714,0,0
0.804056982937555,0.828807990614168,0,0
0.0952634989322338,0.316095036231391,0,0
0.352708414997337,0.54636627556547,0,0
0.233024987039894,0.467364750762562,0,0
0.98437968807592,0.931869916070474,0,1
0.482342154075596,0.684402813357507,0,1
0.280328316534839,0.474168978221515,0,0
0.420773380982169,0.565544440941525,0,0
0.139005899714352,0.359227093709679,0,0
0.781212911874873,0.862325551182798,0,1
0.821054484889398,0.834300159322684,0,1
0.0059698894602408,0.113997723316386,0,0
0.358609523493308,0.553517443323486,0,1
0.927932112702425,0.927256233475624,0,0
0.558587743807329,0.701572174188011,0,1
0.170294285600185,0.417990684979034,0,0
0.397686499457874,0.656207367804773,0,1
0.630711383788382,0.790315732162464,0,1
0.76350231046338,0.797109618599613,0,0
0.98548006914118,0.9319008297802,0,1
0.977685961914189,0.931633235908276,0,1
0.444137204279473,0.585556931661737,0,0
0.917980051703508,0.925826870087563,0,1
0.72376022754237,0.783174168022487,0,1
0.154939104729143,0.379151054383396,0,0
0.569318606228353,0.701554496199112,0,1
0.52955486779396,0.630831873474272,0,1
0.939542036908611,0.9286903725011,0,1
0.692623234111007,0.771567492307953,0,1
0.539422595624084,0.639272856469843,0,1
0.918723546688146,0.925940036077729,0,1
0.0809163877104087,0.259788220458191,0,0
0.309422641621454,0.572237853875381,0,1
0.366358295354875,0.519390352107954,0,0
0.0117470190120127,0.151405773330201,0,0
0.545157942159207,0.61884986880099,0,1
0.385575000354877,0.583088886376729,0,0
0.465144094471811,0.625990076469013,0,0
0.0526141820195919,0.22721090925564,0,0
0.980549132697604,0.931744696161493,0,1
0.875372403832123,0.887257244811736,0,1
0.312616748120332,0.577052624931977,0,0
0.0817693212960504,0.262409949110404,0,0
0.106600834632225,0.327829329937416,0,0
0.11127826523132,0.307383752612994,0,0
0.31416364794223,0.579376386847534,0,0
0.746720853082172,0.795798655813733,0,0
0.867822609195223,0.885509868038965,0,1
0.450380463477844,0.591405422956111,0,1
0.735400728031807,0.788512075674199,0,0
0.195411686602234,0.373614610398025,0,0
0.193904940640434,0.371043353977452,0,0
0.367443366009127,0.520582666521998,0,1
0.349241348225653,0.57003454104781,0,0
0.302079048521852,0.540448081940343,0,1
0.549760447375391,0.622100211420523,0,1
0.0126952114871813,0.163548867422699,0,0
0.359230860818945,0.554266590455195,0,0
0.684992520074072,0.767520802899679,0,1
0.207541573900429,0.45668468592465,0,0
0.180837706444122,0.427936889480403,0,0
0.294115602857141,0.479122422554832,0,0
0.00560850349145225,0.107116305356865,0,0
0.344784582457802,0.564279528196931,0,0
0.828404509845557,0.818689699850267,0,1
0.0222892567365873,0.183053558298648,0,0
0.0303191439356544,0.24042097235362,0,0
0.374355820711258,0.60171092783035,0,0
0.0653602722911862,0.250830426627843,0,0
0.853047314305839,0.825311322596259,0,1
0.363551503367782,0.516296668969952,0,0
0.708687128991001,0.778083324551809,0,1
0.342507854072163,0.63233496009248,0,1
0.285413662432557,0.481343094543828,0,0
0.00549139265042475,0.104885774443679,0,0
0.2700337385804,0.506817915544526,0,0
0.558207042219256,0.701279193458925,0,1
0.395211046506528,0.653130197223648,0,1
0.845151199202269,0.823301146864011,0,0
0.253563138257205,0.446152499104405,0,1
0.92018925750087,0.926160111013019,0,1
0.144958200934253,0.381859979493196,0,0
0.483915643147153,0.685923566329469,0,1
0.201985989549951,0.484474522427843,0,0
0.112181925622327,0.309731669795671,0,0
0.0789357521370373,0.25369079685676,0,0
0.0979612918402069,0.324586234359635,0,0
0.443423865506586,0.584884492984635,0,1
0.493936504081336,0.6347741764258,0,1
0.294450887011862,0.479574332905084,0,1
0.710331682330571,0.778895687519621,0,1
0.021500365005453,0.176645111568205,0,0
0.309591687721297,0.572493232046923,0,1
0.84278350020237,0.822677884141673,0,1
0.547458345648014,0.620478572598693,0,1
0.0551699432275957,0.237935119252361,0,0
0.510165799513039,0.615143121887258,0,0
0.294254546124424,0.479309722295189,0,0
0.166327322082773,0.4668265947296,0,0
0.679283628275099,0.766156927575357,0,1
0.19681691657781,0.376008294751034,0,0
0.395892622198389,0.653978705172407,0,0
0.727764929327282,0.785036504971199,0,0
0.809935134696159,0.830763651643139,0,1
0.601484813552626,0.794025825077287,0,0
0.130808744908413,0.338656534921934,0,0
0.0108904791532959,0.14042641413645,0,0
0.292572815401916,0.440843968632037,0,0
0.483884574465997,0.685893583730393,0,1
0.0756708445565054,0.313270485355915,0,0
0.0834912213037732,0.210437177677816,0,0
0.979494336218015,0.931705411979143,0,1
0.624270958829799,0.716168589508224,0,1
0.822908321879716,0.83486904306997,0,1
0.781009954812059,0.86224508169452,0,1
0.510238158814372,0.615200489698182,0,1
0.606962140122475,0.798118350955738,0,0
0.282451250437972,0.47717007834124,0,0
0.935996037806267,0.928278998912025,0,0
0.61686906153258,0.711484621319319,0,0
0.406849284742422,0.534520110341088,0,0
0.0501783406451533,0.284537468926197,0,0
0.104844958853648,0.28132610918701,0,0
0.443939337202413,0.585370495949138,0,1
0.0237626736337679,0.195008803263513,0,0
0.288570973063332,0.435833168257129,0,0
0.214895463169776,0.396582725807912,0,0
0.221510661749142,0.47812318003394,0,0
0.192683819270941,0.365176929310619,0,0
0.839152909000535,0.821703813421123,0,1
0.466044073727991,0.626833500711608,0,0
0.543139112165281,0.617413717425139,0,0
0.580817369173175,0.67830467354425,0,0
0.0943460574025013,0.295864423717939,0,0
0.0640109869768697,0.245823656430461,0,0
0.986810188422777,0.931935184336812,0,1
0.283831412334356,0.479116398131669,0,0
0.141901385874792,0.374423458998686,0,0
0.0187790719397697,0.120504014989982,0,0
0.870707746360171,0.886189753428311,0,1
0.17374533102235,0.425656986603061,0,0
0.171535262552154,0.420751124087234,0,0
0.372695885454423,0.599654553784694,0,0
0.182508525374895,0.427750230195314,0,0
0.441009552322525,0.641615916075938,0,0
0.578675745060439,0.676823413015,0,0
0.836159542244419,0.820883981646947,0,1
0.588294798892154,0.707535706909843,0,1
0.924032047728627,0.926718087641008,0,1
0.481283987946614,0.683377508531117,0,0
0.62184326728932,0.71464240062699,0,0
0.441706605152818,0.642342712683088,0,0
0.912510498318116,0.924962684438529,0,1
0.710407844267012,0.778933197942064,0,0
0.602796709732092,0.795011200405577,0,0
0.843388779685296,0.822838115101914,0,0
0.906496042563562,0.923948024568442,0,1
0.577985647275711,0.676344496798714,0,1
0.207595460201086,0.456789527210369,0,1
0.333089933911915,0.553149623558859,0,1
0.920011246749021,0.926133596545561,0,1
0.49115759783369,0.632367573078338,0,0
0.845151173875131,0.82330114024759,0,1
0.491576106454086,0.632730855102259,0,0
0.0482486802876786,0.273866050460364,0,0
0.588422658281631,0.707625385933511,0,1
0.979888295600632,0.931720327021724,0,1
0.151465447352684,0.409353452423678,0,0
0.626922525754517,0.787741774383555,0,1
0.644414821825826,0.705607159618559,0,0
0.10622624169423,0.326741975374224,0,0
0.298976025698045,0.485652505556222,0,1
0.389537272034082,0.587635086567202,0,1
0.954362572800358,0.930155993544367,0,1
0.576754280005701,0.67548800168948,0,0
0.0873584107212786,0.2197400207518,0,0
0.107159734125488,0.329450835368813,0,0
0.953682705704707,0.930097721624662,0,1
0.805344192296684,0.829241338552959,0,0
0.428301675078041,0.520276814065929,0,0
0.672491532142477,0.762396939073659,0,1
0.211928862779435,0.465197263957715,0,0
0.52016456414661,0.622990002294703,0,1
0.975541011071462,0.931539722455982,0,1
0.830424555479948,0.819271042768716,0,1
0.215979284796715,0.398340885492532,0,1
0.448423517046808,0.589579324259865,0,0
0.572681488447413,0.70403969996245,0,0
0.570801411824487,0.702652705609506,0,1
0.930525604250348,0.927598395891061,0,1
0.255096077449918,0.448455775968518,0,0
0.656339481759564,0.789125242008948,0,1
0.78124715191459,0.862339119499007,0,1
0.115971749685978,0.319552488291708,0,0
0.526389191565433,0.628410743723109,0,0
0.412343610939684,0.618456023304455,0,0
0.502292423265572,0.57555357642916,0,0
0.0653150563543299,0.250662761581312,0,0
0.26953611555551,0.50602945938263,0,0
0.250002039662828,0.468071767469637,0,1
0.668677660491757,0.760251100755552,0,1
0.0500742378486079,0.283962311756272,0,0
0.973134613709509,0.9314246020576,0,1
0.375687444083166,0.573359434459001,0,0
0.871869885649837,0.886459373631675,0,0
0.694292329943706,0.772439414370719,0,1
0.0295790603592174,0.234640479948499,0,0
0.0872706530960606,0.219529348743437,0,0
0.0949632374269276,0.315148406657153,0,0
0.564226395885248,0.697754217463616,0,1
0.56604236034061,0.69911458268723,0,1
0.310608035280957,0.574027311743237,0,0
0.113193623405693,0.312357458906779,0,0
0.768605691314621,0.799125746049717,0,0
0.138198879284411,0.357296419288467,0,1
0.585031885945164,0.681197612403956,0,0
0.508677509841205,0.580385036421806,0,1
0.510122961464266,0.615109155085007,0,0
0.359337364400404,0.554394929051379,0,0
0.0554788355421353,0.239229297677052,0,0
0.336194364141703,0.557265251706676,0,0
0.949851902562253,0.929753274441937,0,1
0.948332738094885,0.929609102960209,0,1
0.42931906558973,0.521175097729514,0,0
0.742048655423993,0.793767538238787,0,0
0.557615380609577,0.700823360597769,0,1
0.914003646727193,0.925204135053705,0,1
0.736410408138174,0.791267022284132,0,0
0.393930919645469,0.651533954242852,0,0
0.0605353869774069,0.320527871589112,0,1
0.810612891260514,0.8309853115586,0,0
0.316420782318691,0.593717565453809,0,0
0.494205097851496,0.63500608698372,0,0
0.541529321501692,0.640843865986533,0,1
0.517528796856614,0.620937198519237,0,1
0.146192191907478,0.396228944517916,0,0
0.359344980177115,0.554404105372356,0,0
0.361309210570207,0.513815359203669,0,0
0.215795117701703,0.398042303598249,0,0
0.0368492815497565,0.186312867410409,0,0
0.924177843510159,0.926738715288453,0,1
0.354317760040331,0.54832303070531,0,1
0.195798641888269,0.374274171797277,0,0
0.864091681056611,0.884608424530412,0,1
0.498053455407885,0.63831533549213,0,1
0.819925105399591,0.833950684696695,0,1
0.763319748626994,0.79703668143597,0,1
0.116724744230271,0.321498769333043,0,0
0.51607865953111,0.619802998649122,0,0
0.334240701266834,0.554677467130457,0,1
0.685943527078176,0.768030549828915,0,0
0.787217619914214,0.864672570185421,0,1
0.284709680471894,0.480352990725492,0,0
0.420006230285241,0.564787571938504,0,0
0.882353689553851,0.888781613508182,0,1
0.764004099480391,0.797309803565076,0,1
0.284902284725914,0.480623972680781,0,1
0.72388234236136,0.78323135800137,0,1
0.0271402563436159,0.215560760444678,0,0
0.563295134771779,0.70517402281657,0,0
0.0410773014401096,0.209023825516494,0,0
0.126081208038639,0.259344449164803,0,0
0.82059857334343,0.834159346920484,0,1
0.68160754791964,0.7674253179702,0,1
0.438831502539386,0.639339083316759,0,0
0.39570968343471,0.653751054786876,0,1
0.875795565928384,0.887352143674875,0,1
0.23876723038551,0.45179673429088,0,1
0.39398374920194,0.651599896365438,0,0
0.143478232488885,0.37826287425625,0,0
0.672426550129996,0.762360585610233,0,1
0.175609433004125,0.416758962725748,0,0
0.999753797323672,0.932097285864426,0,1
0.96443228020823,0.930918180791835,0,1
0.0677536124343214,0.304160268754957,0,0
0.0708490047257917,0.317546623177137,0,0
0.24709061519392,0.463390439300692,0,0
0.3112510467892,0.574996709072017,0,1
0.797937444692168,0.868700180796378,0,1
0.752863963383629,0.798412717909231,0,1
0.178904887500271,0.423812853263103,0,0
0.74052148077198,0.793095587701241,0,1
0.376831591244005,0.574700489168666,0,0
0.315340579360382,0.592070357029544,0,0
0.200109758109265,0.480475132143275,0,0
0.556849178712937,0.700232150405535,0,0
0.507957427886569,0.579843286565545,0,0
0.904518148416178,0.923599612243799,0,1
0.164448122879817,0.462025306651134,0,1
0.0260827439855437,0.207272541625957,0,0
0.139205448408702,0.359704204882619,0,0
0.0363549334856995,0.183859691411774,0,0
0.568673223999333,0.701075324135314,0,1
0.771578461806835,0.800279889259821,0,1
0.987176440749125,0.931944064854703,0,1
0.847246715018474,0.823844871986423,0,1
0.169576285120988,0.416391672082075,0,0
0.977959084545489,0.931644527653907,0,1
0.578507254733394,0.67670655589274,0,1
0.810239077473562,0.830863153890344,0,1
0.0114192433150961,0.147205379463215,0,0
0.19795672998364,0.377946792134591,0,0
0.925038987792052,0.926859744459185,0,1
0.242560458464234,0.457985793532349,0,0
0.539569410941283,0.639382571801371,0,1
0.726034630881762,0.784235187837483,0,1
0.10091105534707,0.271332486615933,0,0
0.572731397315973,0.704076436411098,0,0
0.212670108959434,0.392965175458055,0,0
0.358146287667243,0.552958446899599,0,0
0.443821151196253,0.585259106244622,0,0
0.749355398690561,0.796927587479755,0,0
0.913964093535654,0.92519779266732,0,1
0.969545605313148,0.931232849896923,0,1
0.381630330279836,0.580298295357407,0,1
0.251797063790245,0.44349306106606,0,0
0.271016369832127,0.508373262359622,0,0
0.764564486285555,0.797532863106231,0,1
0.842577075319191,0.822623097539434,0,1
0.164744828400624,0.462784097537939,0,0
0.0299408988158485,0.237467204252814,0,0
0.847380487877225,0.823879330579052,0,1
0.159705967363795,0.364312799013645,0,0
0.945241946421494,0.929302500278193,0,1
0.967511868618952,0.931113533491074,0,1
0.57818647722201,0.676483950250001,0,0
0.486035085711649,0.68796465723313,0,0
0.353928421031566,0.547850091566154,0,0
0.659399052201469,0.790998555193376,0,1
0.384359941637571,0.58168886918219,0,0
0.434895762107054,0.635202386450867,0,1
0.613299447773363,0.709193088236673,0,1
0.0346348740116453,0.199954427862197,0,0
0.218804392599196,0.402912317720363,0,0
0.020191940542182,0.129477895284135,0,0
0.763133473862432,0.796962202872126,0,1
0.389867638472434,0.58801281142109,0,1
0.422669692874249,0.567411038987271,0,1
0.549683473173515,0.622046123153235,0,0
0.388459382711239,0.58640125866601,0,1
0.81063299844686,0.830991875508711,0,1
0.435904557136905,0.636265445426283,0,1
0.580156507339721,0.677848391812978,0,1
0.971171242799962,0.93132267883398,0,1
0.99209948835089,0.932039162633705,0,1
0.202873375486006,0.486362810045839,0,1
0.44452018614947,0.585917599035201,0,0
0.474748827394471,0.665737158640263,0,1
0.297638568650355,0.483860102672487,0,0
0.283504580752237,0.478655835185181,0,1
0.839621197823426,0.82183070228772,0,0
0.962094054938579,0.930758048351427,0,1
0.210689470300945,0.462797282444941,0,0
0.891733770933197,0.890691444385902,0,1
0.391976199749689,0.649090021734673,0,1
0.651425755932867,0.709594814151985,0,0
0.283860242441268,0.47915701471649,0,0
0.941081664997657,0.928861687426945,0,1
0.786817214849346,0.86451809894131,0,0
0.192773219435603,0.365328289573687,0,1
0.615039021358669,0.710312471700189,0,1
0.968796175403651,0.931189779064112,0,1
0.284585358310698,0.480178038583992,0,0
0.361532738822713,0.51406310603293,0,0
0.203612220211257,0.487933410780194,0,0
0.638768021090186,0.795701668762849,0,0
0.892819743731584,0.890902310273165,0,0
0.341696589565028,0.631145975926957,0,0
0.124398781503812,0.256113494584854,0,0
0.347676943153634,0.568018901837549,0,1
0.626722392878464,0.787605083707854,0,0
0.734838373971006,0.78825948279636,0,0
0.606530235414383,0.797797699179759,0,1
0.0762065775585045,0.315400539838847,0,0
0.939821106333023,0.928721752544456,0,1
0.189391477593903,0.359591106499428,0,0
0.5740856414397,0.705071617785302,0,1
0.906834288267459,0.924006877393777,0,1
0.973385842697486,0.931437125355479,0,1
0.857771150046488,0.826463619853092,0,1
0.129091113116496,0.334516793131227,0,0
0.907018079749575,0.924038766633518,0,1
0.327513170731848,0.622810898355583,0,0
0.582385841587567,0.679384723433876,0,1
0.140459116620012,0.370905538516969,0,0
0.512724466926415,0.617166532713442,0,0
0.467329655391609,0.62803583234372,0,1
0.00531299439577626,0.101487438803729,0,0
0.286208434644288,0.432861709484374,0,1
0.143448755974703,0.378191167570282,0,0
0.353524232735084,0.547358813043993,0,0
0.271671006978322,0.509408284565495,0,0
0.471126156095407,0.66222625766534,0,1
0.771552166658784,0.800269745894919,0,1
0.020636497148022,0.169621678292144,0,0
0.227580224006442,0.414674557644952,0,0
0.983530693175347,0.931844522082549,0,1
0.0596090457028327,0.315773751861833,0,0
0.595506044494391,0.712550069876168,0,1
0.998281711352452,0.932094590332012,0,1
0.600787196346031,0.793500516141117,0,0
0.0526335171590545,0.227292150039655,0,0
0.124673985882819,0.256642425884002,0,0
0.895146428535323,0.891346931992456,0,1
0.86841716737518,0.885651203658649,0,1
0.548778799805964,0.62140973392042,0,0
0.262580226796635,0.477196408071358,0,0
0.510347720879618,0.615287336426581,0,0
0.25377380184147,0.446469306693553,0,0
0.69013443473773,0.770258546415291,0,0
0.604124042207666,0.796004863318891,0,1
0.787981506023599,0.864966462352899,0,1
0.487638438523626,0.689503156615733,0,1
0.038360570820086,0.193804753537054,0,0
0.790021371197685,0.865746085905388,0,1
0.209375083239612,0.460247959415366,0,1
0.226638312079784,0.413177754546011,0,0
0.54163794047002,0.640924669145306,0,1
0.822594937221743,0.834773291348133,0,1
0.949093723639476,0.929681859663706,0,1
0.240773095809903,0.45507337110761,0,0
0.896197173838596,0.891544527528684,0,1
0.911031403605239,0.924719408672748,0,1
0.744420558365619,0.794803301509427,0,0
0.374261631612047,0.601594389564127,0,0
0.547854038435855,0.620757893794191,0,1
0.137633262180426,0.355942187718232,0,0
0.575273369619513,0.705941832599113,0,0
0.575613599672683,0.70619066176543,0,1
0.583473095203766,0.68013103004501,0,0
0.920230436352087,0.926166236135681,0,1
0.533100852667703,0.634515427371537,0,1
0.240894128683068,0.455270805095736,0,0
0.545234766673113,0.618904394452818,0,0
0.127374309396371,0.261823514931143,0,0
0.0747807269845077,0.309728680566426,0,0
0.830610445380576,0.819324193571938,0,0
0.723155338169077,0.782890507592579,0,1
0.083911698906202,0.211450577209084,0,0
0.557582151572993,0.700797741913707,0,0
0.525105548050591,0.627424377902524,0,0
0.507311729276385,0.579356823922334,0,1
0.0324047262656566,0.187291598325105,0,0
0.960370578857099,0.930633491858151,0,1
0.927649891545871,0.927218243225712,0,1
0.964414574764928,0.93091700653749,0,1
0.533382070180585,0.634728435993409,0,0
0.126639894712511,0.260415984195361,0,0
0.732289100649833,0.787107698652154,0,1
0.949732819898758,0.929742128684112,0,1
0.259266055340241,0.472072221196247,0,0
0.283768597728695,0.479027897662011,0,1
0.447056474458352,0.588299835991418,0,1
0.158618416590341,0.362045766043943,0,0
0.568581392737963,0.701007084562505,0,0
0.449532706839229,0.59061514686942,0,0
0.887423197845867,0.889833485099251,0,1
0.214831488058348,0.396478870398855,0,0
0.167949969128674,0.470963703604032,0,0
0.495633880851221,0.636237664425595,0,1
0.516625513763744,0.620231111026016,0,1
0.406196103713447,0.533880756462157,0,0
0.236796416953365,0.473915201996895,0,0
0.536363657484215,0.636978950186568,0,1
0.962140828612021,0.930761351529934,0,1
0.256435638137515,0.45046462038123,0,0
0.283189800006392,0.478212055321898,0,0
0.0314648848069781,0.181946405602013,0,0
0.876105334403235,0.887421408122098,0,1
0.274384628163102,0.537668942695717,0,1
0.0597624161941626,0.316561195443887,0,0
0.752052444366281,0.798071073480432,0,0
0.929189099194657,0.92742363508861,0,1
0.423930967331162,0.56864916065353,0,1
0.325106121939176,0.619123331133684,0,0
0.688824398960166,0.769565312744591,0,1
0.207059456234409,0.455746359669825,0,0
0.551518111723619,0.62333277167367,0,1
0.494534746801595,0.635290545825702,0,1
0.587359382916029,0.682782728642173,0,0
0.835240464465214,0.820629228828766,0,0
0.68412829613004,0.767056235644355,0,0
0.882387265757581,0.888788732621197,0,1
0.279355046523551,0.472790144336793,0,0
0.249955701783641,0.467997402055781,0,0
0.188111964123533,0.357414135737934,0,0
0.0083550076428317,0.159351793727824,0,0
0.657456149213506,0.789810896282025,0,1
0.371817033422069,0.598563601327176,0,1
0.16612595803064,0.46631263376826,0,0
0.259178623806858,0.471936728353472,0,1
0.182502496465756,0.427737518944697,0,0
0.178072426146602,0.422033644410935,0,0
0.227768209682729,0.414973069491311,0,0
0.096410539973718,0.31970840193032,0,0
0.544105082043898,0.618101680771742,0,1
0.83619589815808,0.820894029590927,0,0
0.346640124706495,0.566680358684776,0,0
0.912599916627208,0.924977260885268,0,1
0.683919312021861,0.766943704242971,0,0
0.826037134563908,0.835815739579823,0,1
0.924854267903527,0.926833899542704,0,1
0.718945551679045,0.780899159857,0,0
0.770428139264587,0.799835060115148,0,1
0.0740175594258717,0.306689299293225,0,1
0.188685378622487,0.358390170677402,0,0
0.314051591550158,0.57920823096891,0,0
0.334390264255087,0.554875844226749,0,1
0.465304946787851,0.62614092501466,0,0
0.0952587439300414,0.316080047660946,0,1
0.344227486079536,0.634850394267478,0,1
0.0731579515236964,0.303262834921818,0,0
0.323414122365993,0.616523324108987,0,0
0.661500686946952,0.792275637790268,0,0
0.00292111608491386,0.0979318237382899,0,0
0.284363550918083,0.479865825007603,0,0
0.0728464499012429,0.302020380257708,0,0
0.710762029948931,0.77910750790469,0,1
0.841267940777602,0.822273970492481,0,1
0.978330541773478,0.931659661684323,0,1
0.617167684177243,0.711675360496653,0,0
0.224899923354845,0.484513685994948,0,0
0.228311102147332,0.415834747645833,0,1
0.493526760757362,0.63442015665249,0,1
0.93134652983935,0.927704088925076,0,1
0.628056058174283,0.788514593155393,0,1
0.181400058529901,0.429134949160557,0,0
0.516009316529415,0.619748677942103,0,0
0.409122683790926,0.61486997654643,0,1
0.869068444032584,0.885805290868779,0,1
0.104415600034904,0.280237503678162,0,0
0.217627446801288,0.401009854919482,0,0
0.759328493286571,0.795428028248042,0,1
0.973246163202366,0.931430177115561,0,1
0.808830880918611,0.830400810007668,0,0
0.570432757598555,0.702380023227978,0,0
0.809606018867331,0.830655728876249,0,1
0.378638266486787,0.576813083907897,0,0
0.239808007588282,0.453497951860999,0,0
0.442336053919895,0.642998241304791,0,0
0.293045583038828,0.477678768039326,0,0
0.644359142592456,0.705575172763707,0,1
0.916124132812649,0.925539887403127,0,1
0.67139665143144,0.761783457267006,0,1
0.783730974899605,0.863317720674594,0,1
0.919902340727135,0.926117346011568,0,1
0.731978521112057,0.786966622989194,0,1
0.456333372336015,0.621909672418697,0,1
0.74219561227288,0.793831989438021,0,0
0.990588844128751,0.93201478663791,0,1
0.673855017447621,0.763158062420086,0,0
0.727135667578258,0.784745675505577,0,1
0.135332025813409,0.350423279767185,0,1
0.817344552843261,0.833143908255753,0,1
0.929178406941574,0.927422223547921,0,1
0.0829405363395781,0.266006038225172,0,0
0.922213432311599,0.926457454264816,0,1
0.760012666478952,0.795705690839437,0,1
0.252674182438992,0.444814653168131,0,1
0.0347796451894382,0.200775431934656,0,0
0.593330016455948,0.711046296259264,0,1
0.139996335478696,0.369775490912623,0,0
0.880638649192406,0.888415273208186,0,1
0.643480442687332,0.70506971013027,0,1
0.0411893336045724,0.209581919755041,0,0
0.194412348708313,0.371909781207571,0,0
0.624513167521126,0.716320316801942,0,0
0.526652390818907,0.6286126591037,0,0
0.290256866150621,0.437947560039609,0,0
0.395118234976003,0.653014580178682,0,0
0.24656769412083,0.462547704376396,0,0
0.998389170341512,0.932094923783952,0,1
0.883294845823891,0.888980395656,0,1
0.740970115794139,0.79329339671634,0,1
0.24653797847332,0.462499797335277,0,1
0.0888812084233715,0.223392441753985,0,0
0.0961314110270253,0.318829522407642,0,0
0.881474036201275,0.888594377902128,0,1
0.223912241332316,0.482654274814222,0,0
0.0550357179099881,0.237372618201927,0,0
0.608748533178124,0.799440852235557,0,1
0.75404022833511,0.798905929842067,0,1
0.905536337012148,0.923779880202378,0,1
0.484027170276671,0.68603117988557,0,0
0.718544481276078,0.780707874290171,0,0
0.0468421973203749,0.266074264448491,0,0
0.304540733789538,0.544062330984233,0,0
0.0871525488923025,0.219245794399304,0,0
0.400336976014759,0.528114194283874,0,0
0.199356142459775,0.38032302866307,0,0
0.498536860425039,0.638729234405874,0,1
0.241791271646959,0.456733281609151,0,1
0.191272781131138,0.362785730301658,0,0
0.601785649900744,0.794252072687312,0,0
0.480606003377327,0.682719478243117,0,1
0.381528714175841,0.580180207000868,0,1
0.419012352329368,0.563805524762653,0,0
0.946957348434234,0.929474865160305,0,1
0.611250812302817,0.801283207986415,0,1
0.201797951913088,0.484074123334192,0,1
0.266786814130828,0.501663658521335,0,1
0.299706597217974,0.486630143570086,0,1
0.711462433527968,0.779451578523805,0,1
0.509517368055327,0.581015896972221,0,0
0.212617537239996,0.392879590723315,0,0
0.580561196005934,0.678127888092282,0,1
0.875720010239409,0.887335223131432,0,1
0.126329086170545,0.259819952449893,0,0
0.99245370621921,0.932044262636464,0,1
0.573311197171673,0.704502895542232,0,1
0.0755152185090519,0.312651490510143,0,1
0.92469877635907,0.926812094775651,0,1
0.661301010050033,0.792154641646408,0,1
0.258363417734366,0.453349229144381,0,0
0.0113117827108722,0.145827985574379,0,0
0.827830199312476,0.818523163904788,0,1
0.196810432306156,0.375997258980031,0,0
0.910390915200488,0.924612798236397,0,1
0.262065326323837,0.476401805350663,0,0
0.307537031229898,0.569385021515915,0,1
0.429002320139897,0.520895605486055,0,0
0.849519874954319,0.824426313750855,0,1
0.376309118382536,0.574088403989705,0,0
0.669082851107643,0.760480256883838,0,1
0.731185747781818,0.786605777058897,0,1
0.894669030572448,0.891256498500926,0,1
0.9385261649051,0.928574916306277,0,1
0.872351151222521,0.886570316038885,0,1
0.45254944508978,0.618264603550504,0,0
0.550833871835183,0.622853522275769,0,0
0.57742195429644,0.675952721797263,0,1
0.485580729125127,0.687527804644481,0,0
0.914056867286877,0.925212664411467,0,1
0.786345148739672,0.86433560874994,0,1
0.0933273473926316,0.292826254287424,0,0
0.990932510658469,0.932020705914508,0,1
0.191260955909561,0.362765673186518,0,1
0.269391140095191,0.505799652711709,0,0
0.151184688564468,0.408656726384361,0,0
0.263517884829504,0.478641992431498,0,1
0.372763770201327,0.599738758158534,0,0
0.973887207922046,0.931461765776386,0,1
0.16692840179835,0.468360050396528,0,0
0.61018329124831,0.800498668873502,0,1
0.447885254454312,0.589075913532518,0,1
0.587027165466865,0.682557021071534,0,0
0.0536493997531667,0.231558269083842,0,1
0.309330177949417,0.572098142429655,0,0
0.0909113132989181,0.285607092481144,0,0
0.463448473688916,0.624397150057596,0,1
0.891986450313232,0.890740697499042,0,1
0.821384851035572,0.834401972006683,0,1
0.872154526528884,0.88652504011937,0,1
0.399596573573992,0.658573104493122,0,0
0.509337852955867,0.580881144673001,0,1
0.25720613444364,0.451618441210605,0,0
0.606987979672637,0.798137523415239,0,1
0.446311222005085,0.587600980416755,0,0
0.496406407205132,0.636902112921204,0,0
0.540963062333246,0.640422307848735,0,1
0.580462185914398,0.678059532154437,0,0
0.46466107957705,0.625536828676203,0,0
0.798487173214677,0.868901111791334,0,1
0.409233952695821,0.614994185605635,0,1
0.0436320787762894,0.221734374972199,0,0
0.833411846600178,0.820118128588795,0,1
0.484791128470674,0.686767704876096,0,1
0.47847385595084,0.669322094908344,0,1
0.176834150827725,0.419383759131961,0,0
0.443003388073704,0.643692417416383,0,0
0.14347193193665,0.378247547287616,0,0
0.0412377966395393,0.209823320759542,0,0
0.963162769864628,0.930832503492012,0,1
0.261951311345449,0.476225780591661,0,0
0.136098758666211,0.352263719928963,0,0
0.688056407300089,0.769157553575206,0,0
0.37393112362876,0.601185319941453,0,0
0.623079939273049,0.715421073198686,0,1
0.706446016047751,0.776968873915065,0,1
0.662109396312001,0.792644050799813,0,1
0.226913533569532,0.413615300818423,0,1
0.7833730242472,0.863177380914618,0,1
0.0709698332854226,0.318068256317321,0,0
0.788142715232219,0.865028349782319,0,1
0.162345413122433,0.369802610951132,0,0
0.405009654284315,0.532717622988825,0,0
0.00619783508815808,0.118336918449023,0,0
0.162852242266086,0.370854793773675,0,0
0.677858886670941,0.765374745543594,0,1
0.75014413971839,0.797263275638802,0,0
0.910191893397772,0.924579514967066,0,0
0.420225661534485,0.565004164562226,0,0
0.610328399765622,0.800605437900483,0,1
0.492042796605191,0.633135608086889,0,1
0.0254084932625692,0.201983422671018,0,0
0.448274728519923,0.589440218719149,0,1
0.689449837331414,0.769896641775103,0,1
0.676872927509475,0.76483142490327,0,1
0.293435326151709,0.478204856725905,0,0
0.877475451513095,0.88772569289845,0,1
0.771223712697792,0.800142946254536,0,1
0.853721526144121,0.825478087889815,0,1
0.937151902735859,0.92841566660993,0,1
0.23500392135629,0.470805911851404,0,0
0.717284878954741,0.780105348974062,0,1
0.0439524906958982,0.223326097970549,0,0
0.303624606503583,0.542718763845051,0,0
0.483048483215413,0.685086042250548,0,1
0.364420337192048,0.517255770275715,0,0
0.198473240773004,0.378824323212675,0,0
0.698684328218687,0.77471107606745,0,0
0.925302115310348,0.926896449869157,0,1
0.0998579865176213,0.330540826337833,0,0
0.23013763791519,0.41872937348179,0,0
0.284846518654716,0.480545520865494,0,0
0.667973056569802,0.796158991497109,0,1
0.386616981631125,0.584287277000219,0,1
0.765597618869294,0.797942707015823,0,0
0.0956463401676906,0.317301558004374,0,0
0.460180439206649,0.625589645827423,0,1
0.292615186081036,0.440896870730561,0,1
0.513415639875121,0.617711298851375,0,0
0.135745428633121,0.351415801048313,0,0
0.445997350969056,0.587306368227447,0,0
0.516387951335072,0.620045191469443,0,0
0.34420628185204,0.634819417374078,0,1
0.554651733964685,0.698530902149946,0,1
0.714290774791316,0.780832504724934,0,1
0.66387991579143,0.793711864139775,0,1
0.355671608050114,0.549965362058864,0,0
0.0765789078051953,0.316880183675442,0,0
0.833672021424435,0.82019119188994,0,1
0.926244564077045,0.92702685928109,0,1
0.234163182844584,0.469345041142541,0,1
0.00152373868721556,0.0511198174874917,0,0
0.479636979289305,0.670436247876209,0,1
0.615341740305303,0.71050675020437,0,1
0.652846373246812,0.710393152794528,0,1
0.603559588151503,0.795582710200822,0,0
0.67866553987525,0.765818023313959,0,1
0.733245169581783,0.787540950511079,0,1
0.843410828932936,0.822843940361079,0,0
0.575121117753293,0.705830417756259,0,1
0.0333252675678981,0.192521994003624,0,0
0.932636532875549,0.927867636833239,0,1
0.417228610810784,0.562038799529056,0,0
0.467208448812767,0.627922598449523,0,1
0.619063918883356,0.712883071456517,0,1
0.276457550093115,0.541080163285392,0,0
0.909422035230891,0.924450073033667,0,1
0.657903448049493,0.790084919992181,0,1
0.133490249693908,0.345103011848999,0,0
0.373512992012195,0.600667489074455,0,0
0.213242660229761,0.393896896859639,0,0
0.443325518011458,0.584791716711362,0,0
0.206273018331492,0.493577540930706,0,1
0.0979148944285431,0.324440414614251,0,0
0.320459875833701,0.599853760141887,0,0
0.134483392026463,0.348384343685056,0,1
0.0350250095119199,0.202166623211441,0,0
0.498393632503436,0.638606642001461,0,1
0.604632585969202,0.796384686258323,0,1
0.196470630876361,0.3754188163504,0,0
0.350525120833786,0.571684987356364,0,1
0.453564345010096,0.619244740882944,0,0
0.25283811088161,0.445061479211956,0,1
0.338028971660619,0.625752441205805,0,0
0.260846534793831,0.474518736387945,0,0
0.662616208269626,0.792950285912656,0,1
0.389435337628612,0.587518498467779,0,1
0.465787036980506,0.626592761147678,0,0
0.258975395850087,0.471621723747287,0,1
0.578894378941124,0.676974977745124,0,1
0.415653881057881,0.622121116422372,0,0
0.457183389266613,0.622725018845449,0,0
0.209563772402522,0.460614192752827,0,0
0.511690392593625,0.616350055954712,0,1
0.421033177315368,0.565800528301479,0,1
0.538163258057444,0.638330314568707,0,0
0.515527986024312,0.619371407156954,0,0
0.712316174591907,0.779869847478399,0,0
0.345430995245265,0.565116675137126,0,0
0.229241199276342,0.417309588071122,0,1
0.918946186438645,0.925973723166343,0,1
0.394083550283772,0.651724452899587,0,0
0.815145267013635,0.832447269448443,0,1
0.880490265049166,0.888383328491271,0,1
0.651892497077074,0.709857466425906,0,0
0.767475501102924,0.798683047696939,0,1
0.897533131332881,0.891792884316101,0,1
0.498485948286592,0.638685661428093,0,0
0.421758288120539,0.566514679269475,0,0
0.728542258620478,0.785394840599792,0,1
0.578443790503761,0.676662527915453,0,1
0.07011249288607,0.314365535488386,0,0
0.807060314546811,0.82981464068232,0,1
0.202044555498083,0.484599210921744,0,0
0.215008707714701,0.396766543091401,0,1
0.874289947815969,0.887013023030996,0,1
0.810232914179553,0.830861137784488,0,1
0.787155443644856,0.864648602408005,0,1
0.978476899133893,0.931665553983288,0,1
0.935745997507675,0.928249106867367,0,1
0.129315935713829,0.335059113055597,0,1
0.468250749468012,0.628895497210058,0,1
0.304164883153406,0.543511332721864,0,0
0.89048764733644,0.890446862521081,0,1
0.137312970547022,0.355174933852128,0,0
0.0479724538047989,0.272336689171445,0,0
0.977460477795642,0.931623808894327,0,1
0.564862542877629,0.698231410821922,0,0
0.284883784160494,0.480597946728203,0,0
0.331805153522914,0.551440736990104,0,0
0.138383212699918,0.357737568519834,0,0
0.991266555129066,0.932026248448333,0,1
0.870714316929785,0.886191284665448,0,1
0.241647313071502,0.456498724202628,0,0
0.332440234037156,0.552285868732797,0,1
0.165414709643397,0.464496252141201,0,0
0.513033390321505,0.6174101143829,0,0
0.979718527425531,0.931713935186624,0,1
0.596276924083877,0.713080861283342,0,1
0.664461928800985,0.794061655303549,0,1
0.67117398675162,0.761658443611993,0,1
0.191118213725899,0.362523540725279,0,0
0.240884562739344,0.45525520186566,0,1
0.500911303800614,0.574500306332174,0,0
0.46694601150973,0.627677335376338,0,0
0.324094289683511,0.617569284069877,0,0
0.720033666106367,0.78141674867329,0,0
0.275967318401724,0.540274314288376,0,1
0.895584922991711,0.891429634036493,0,1
0.122742256591227,0.252926210498234,0,0
0.921632951006754,0.926372964995474,0,1
0.103516738325641,0.27795682015823,0,0
0.192981961831002,0.36568163869324,0,0
0.452345142629615,0.618067078997706,0,1
0.882348882131972,0.888780594031297,0,1
0.307530475654586,0.569375089695429,0,0
0.65742438773385,0.789791424985022,0,1
0.33893354416222,0.627085473619072,0,1
0.0161384533314608,0.103697373096811,0,0
0.624428761839577,0.716267453482474,0,1
0.238069207163777,0.476118574827556,0,0
0.194536114266809,0.372121034952768,0,0
0.808852776449832,0.830408024984874,0,1
0.617350351029286,0.71179196194356,0,1
0.795437622448363,0.867779567739563,0,1
0.265344742542563,0.499367138424846,0,0
0.047177198664063,0.267931184919063,0,0
0.853452289488028,0.825411584577422,0,1
0.764329441079809,0.797439368946122,0,1
0.00450054286532486,0.150763538795066,0,0
0.699848764433042,0.775307841342648,0,1
0.241659778067368,0.456519035674855,0,0
0.359674241478179,0.554800731104226,0,0
0.780742786734021,0.862139039728362,0,1
0.986516455705244,0.931927881505781,0,1
0.245562974540167,0.460926865194808,0,0
0.467499611406897,0.628194565661224,0,0
0.400335346078869,0.528112582220879,0,0
0.558260621216711,0.701320442112282,0,0
0.529264620163975,0.630610566322803,0,1
0.658026853357565,0.790160457394134,0,1
0.496729386394142,0.637179604805968,0,1
0.685384020471087,0.767730836710005,0,1
0.312857380141405,0.57741444760933,0,0
0.214376461753667,0.395739949259747,0,1
0.907176990630704,0.924066288135868,0,1
0.557602815165159,0.700813673207887,0,1
0.0290172779165869,0.230249680943596,0,0
0.121966059661837,0.364479614030675,0,1
0.681398297659737,0.767311487513889,0,1
0.808710348041527,0.830361077428035,0,1
0.823480629479823,0.835043469363993,0,1
0.433095325205336,0.524495276302912,0,0
0.580430135857471,0.678037401542281,0,1
0.807564427561073,0.829982084204917,0,1
0.957583464577728,0.930420347800707,0,1
0.879750796557568,0.888223541121689,0,1
0.388510806499666,0.586460171393979,0,0
0.961483878099298,0.930714583743306,0,1
0.137048086797073,0.354540193505983,0,0
0.908738463636019,0.92433421303779,0,1
0.521311558838774,0.624493428083422,0,0
0.714887735716461,0.781122229945368,0,1
0.784670742092905,0.863685065549983,0,1
0.334680256063122,0.555260356067374,0,1
0.877685331511859,0.887772005587883,0,0
0.258011021353496,0.452822484572391,0,1
0.0835746231409671,0.210638222699397,0,0
0.759370756590559,0.795445203154051,0,1
0.895082345652162,0.891334816643549,0,1
0.92644781253754,0.927054766319956,0,1
0.37407153344967,0.60135913152165,0,0
0.341460963702274,0.630800369385276,0,1
0.255686769182199,0.449342040245895,0,1
0.47079247864139,0.631259997058105,0,0
0.967174071348435,0.931092968710175,0,1
0.498865953328824,0.639010780718648,0,0
0.239074092260053,0.452298561805789,0,0
0.207914804353431,0.457410697462657,0,0
0.926709079741626,0.92709052650312,0,1
0.687933344280903,0.769092120792353,0,1
0.704781722452516,0.776135735104806,0,1
0.588896766987772,0.707957676882268,0,1
0.618726256880406,0.712668453543869,0,1
0.0459977007139942,0.233473601059535,0,0
0.356161411169166,0.550558685207412,0,1
0.0797590668249618,0.256226980574026,0,0
0.325771318378409,0.620143720790833,0,0
0.710568677406381,0.779012377267206,0,1
0.0724776537707361,0.324572014733276,0,0
0.899008269838925,0.892063377805154,0,1
0.354310210027679,0.548313862240158,0,0
0.0897741697265577,0.28220263403035,0,0
0.100476863664814,0.270226788048632,0,0
0.14697337717135,0.39817835254547,0,0
0.70480511324841,0.776147477078805,0,1
0.943140242375519,0.92908384179464,0,1
0.760540665185449,0.795919431697515,0,0
0.392207758171581,0.649379943762024,0,0
0.767814069998444,0.798815892283207,0,1
0.835930137440291,0.820820527972718,0,1
0.0614776564961064,0.325358930469985,0,0
0.310547118871958,0.573935427902689,0,0
0.742278851738806,0.793868479665897,0,1
0.260426899862503,0.473869668841561,0,0
0.910529035496911,0.924635853281528,0,1
0.242249685127576,0.457479896172263,0,0
0.787246000607352,0.864683508078899,0,1
0.39894311656977,0.65776460601208,0,0
0.887959785533335,0.889942110483219,0,0
0.288128671214808,0.435277617104318,0,1
0.576393837240814,0.675236818427191,0,1
0.0153738062686135,0.0988222203929095,0,0
0.805187532238786,0.829188750512982,0,1
0.0335641540622778,0.193878502326439,0,0
0.64091030616845,0.703584107070557,0,0
0.563647811499111,0.705442317564014,0,1
0.928412077373528,0.927320501320393,0,1
0.919113614550062,0.925998995440068,0,1
0.248879807713276,0.466269460102851,0,0
0.265515364597219,0.499639091901337,0,0
0.657426580614256,0.789792769382982,0,1
0.282268712701027,0.476912381001806,0,0
0.175822664129484,0.417216236957401,0,0
0.172630045577329,0.42318293787479,0,0
0.0278720006158679,0.221290511471334,0,0
0.467086931201311,0.627809048119559,0,1
0.488562793354656,0.690387938076585,0,0
0.423712083368447,0.568434488856261,0,1
0.988366190034333,0.931971187151375,0,1
0.643535584020685,0.705101466268046,0,1
0.562253775882066,0.704380556135714,0,0
0.086456637804232,0.21757424847898,0,0
0.452353144406551,0.618074816695662,0,0
0.0697236820570862,0.312685195858122,0,0
0.487156127505292,0.689040859930995,0,1
0.0155903264385442,0.100203070287118,0,0
0.141526631136746,0.373509941634356,0,0
0.618929309263894,0.712797536397458,0,1
0.676151771931213,0.764432975030926,0,1
0.60372480905467,0.795706340571855,0,1
0.250974605189703,0.469631530503115,0,0
0.0661857726832419,0.253890035742244,0,0
0.6772749239141,0.765053148697268,0,1
0.768339628425048,0.799021722668426,0,1
0.119275014880293,0.356948520317497,0,0
0.739561493204544,0.792671166806722,0,1
0.773188313177355,0.800898666196209,0,0
0.109972536688984,0.337596066134333,0,0
0.486469408451838,0.688381886914097,0,0
0.00572499292646222,0.109334740180091,0,0
0.625912048817099,0.787050869706341,0,1
0.858984454677349,0.883333767168609,0,1
0.860172936916205,0.883634585058615,0,1
0.937277411268155,0.928430356643473,0,1
0.783838280518534,0.863359746187706,0,1
0.432038707042301,0.523568493101268,0,0
0.774018210004166,0.801215943240079,0,1
0.98355528774771,0.931845276621149,0,1
0.367251582193505,0.520372076284888,0,0
0.0358949856893668,0.181576094462663,0,0
0.507741053447364,0.579680343375934,0,0
0.352499372216288,0.546111749164377,0,0
0.176061981166925,0.417729311554993,0,0
0.934302080365615,0.928074208301006,0,1
0.119618070960642,0.357909870594502,0,0
0.654260731625889,0.787842907633967,0,0
0.168729472262093,0.47294826254059,0,0
0.796437668260514,0.868149214395911,0,1
0.258105549559794,0.45296380518926,0,0
0.698007082566978,0.774362929725116,0,1
0.627893700032598,0.788404045052557,0,1
0.715797697063514,0.781562698920705,0,0
0.250829647466845,0.46939918125559,0,1
0.504024369995652,0.576870269600986,0,0
0.342134133206265,0.631787419274235,0,0
0.180299471540055,0.426789439531523,0,0
0.47550684633449,0.666468737459089,0,0
0.912123232949471,0.924899382648205,0,1
0.567941953528343,0.7005315161852,0,1
0.630889892447157,0.790436353790033,0,0
0.549249660636866,0.621741118664545,0,0
0.0450299689617287,0.22867481694267,0,0
0.868667225296376,0.885710455922893,0,1
0.124793392859733,0.256871869374472,0,0
0.736407805945674,0.791265855751409,0,1
0.451757643556732,0.592686629413313,0,0
0.710274560860654,0.778867548220981,0,1
0.861128455849033,0.883874591038143,0,1
0.696571727401988,0.773622484227042,0,1
0.853902946134811,0.825522830914505,0,1
0.487069995698147,0.688958256537324,0,1
0.0917975993123857,0.288257565239301,0,0
0.378590251749572,0.576757018302487,0,1
0.191417730182105,0.363031558931355,0,0
0.763515985440975,0.797115079765265,0,1
0.695370928067617,0.773000339993443,0,1
0.57952986592145,0.67741507311503,0,1
0.768841154186514,0.799217705945137,0,1
0.369364101728552,0.59551060337725,0,1
0.369176884070514,0.595277097525795,0,0
0.700209462152989,0.773822634992295,0,0
0.452303075032132,0.618026397878314,0,0
0.811915740519408,0.831409183627598,0,1
0.154611204288526,0.378415889469265,0,1
0.589856438959458,0.708629114758822,0,1
0.373568335541508,0.600736048559684,0,0
0.247078594329052,0.463371073152959,0,0
0.254329858218701,0.447305105596567,0,0
0.743747173974689,0.794510220407993,0,1
0.328864565721319,0.6248754427371,0,0
0.227915780097155,0.41520735301818,0,0
0.905356625752687,0.923748203187536,0,1
0.416294336117038,0.622827830586528,0,1
0.534396373117385,0.635495655041686,0,1
0.372060544864367,0.598866034312312,0,1
0.233856682259687,0.468812065336442,0,0
0.102343527185936,0.27497658740256,0,0
0.0551821099691374,0.237986102739436,0,0
0.872871914373496,0.886689893222585,0,1
0.17296990887859,0.423937213527032,0,0
0.538951668776918,0.638920696006983,0,0
0.978724163930146,0.931675418062263,0,1
0.167329767377165,0.469383385794207,0,0
0.595763551619487,0.712727489788094,0,0
0.751365716870686,0.797781090588596,0,1
0.0798870526083366,0.256621031310746,0,1
0.452727224272426,0.618436424788754,0,0
0.791827398488106,0.86643004745063,0,1
0.721778839952222,0.782242691838295,0,1
0.678564612930851,0.765762622053672,0,0
0.766689294680022,0.798373816516413,0,1
0.582102522954141,0.679189929886112,0,1
0.374896943550925,0.602380108260979,0,0
0.447093471298509,0.588334505010404,0,1
0.280426340873949,0.474307746239114,0,0
0.339255703335215,0.627559786546603,0,0
0.880165479190164,0.888313268821197,0,1
0.536349838093692,0.636968552532088,0,1
0.0737440962137497,0.305599598366474,0,0
0.672268057817486,0.762271888602788,0,1
0.729756550973948,0.785952558284757,0,1
0.395609548014037,0.653626416319189,0,0
0.347534008505791,0.567834498085662,0,1
0.107532531039988,0.330531847121138,0,0
0.546629510539533,0.619892702500928,0,1
0.262822415492871,0.477569965784234,0,0
0.918016674954753,0.925832468574668,0,1
0.850645309455236,0.824710957378193,0,1
0.653607863202677,0.787438571951723,0,1
0.875837688474097,0.887361572466192,0,1
0.968910470997839,0.93119641546284,0,1
0.590786894828576,0.70927861319483,0,1
0.98013171690604,0.931729398175113,0,1
0.549262266681646,0.621749985853084,0,0
0.293595576382331,0.478421083844693,0,0
0.491236741834401,0.632436296117765,0,0
0.40508631084631,0.532792843261662,0,1
0.599775794695692,0.715477291527412,0,1
0.480697489803247,0.682808322227813,0,1
0.28670278355194,0.433484286827627,0,0
0.625188146901916,0.716742629290071,0,1
0.805400731178681,0.829260307276886,0,1
0.0787477177945393,0.25311124740925,0,0
0.423623382134104,0.568347471352893,0,0
0.645002034702887,0.70594419936387,0,1
0.0072838409405751,0.138996566429988,0,0
0.875689088748634,0.887328295358907,0,1
0.694021032102019,0.77229801371107,0,1
0.749768774394155,0.79710365211346,0,1
0.52329537887129,0.626028886978211,0,0
0.975466783049261,0.931536332795871,0,1
0.153086026844433,0.374992636761602,0,0
0.955816390164967,0.930277709968942,0,1
0.995598423509706,0.932079284026255,0,1
0.0785534279384952,0.252512293279325,0,0
0.336884420856275,0.62406315000838,0,1
0.992743618683441,0.93204826271358,0,1
0.426760729580495,0.518913221567651,0,0
0.82334844805919,0.835003233626223,0,1
0.288115628291387,0.435261229360691,0,0
0.512094315174128,0.616669188157885,0,0
0.466104259555398,0.626889853770231,0,0
0.33294299839205,0.55295435116716,0,0
0.527081780378737,0.628941827762532,0,1
0.0805114828331448,0.258542780624169,0,0
0.221195181954957,0.47752691944929,0,0
0.335959104491818,0.556954034017711,0,0
0.968874166377355,0.931194310129793,0,1
0.440754386077253,0.641349634943854,0,0
0.96131307199495,0.930702292406627,0,1
0.573618083907404,0.704728385008597,0,0
0.0466156018183199,0.264817870066827,0,0
0.658713973736531,0.790580551075856,0,0
0.0147738189351074,0.19012791603778,0,0
0.742471348729606,0.79395282069275,0,1
0.420704530253314,0.565476553899637,0,1
0.533884695958653,0.635108830960414,0,0
0.788831549219889,0.865292259482966,0,0
0.905595115637265,0.923790227819078,0,1
0.986878322110834,0.931936855306613,0,1
0.802076461532794,0.828135656326961,0,1
0.00254261443009141,0.0852585292365511,0,0
0.600085384607773,0.792971121629801,0,1
0.288846027088754,0.436178474444657,0,0
0.70971574285949,0.778591969472029,0,1
0.305543793352855,0.545531362186616,0,0
0.555867262228635,0.699472996679363,0,1
0.918069198320393,0.925840493300462,0,1
0.24787027257126,0.46464584163335,0,0
0.111841380661143,0.308847136257261,0,0
0.513540776166932,0.617809845637726,0,0
0.913715847783392,0.925157919665775,0,1
0.179238307062472,0.424524960901201,0,1
0.255878430351714,0.449629454479451,0,0
0.0339958306005488,0.196328911644232,0,0
0.0153717451481505,0.0988090742092653,0,0
0.542218745554173,0.616756878056628,0,0
0.855360288401237,0.82588023597368,0,1
0.44652281383495,0.587799494945394,0,1
0.23563714857638,0.471905150658749,0,0
0.936534049827124,0.928342922469478,0,1
0.619208879461232,0.712975150035543,0,0
0.864576161121115,0.884726899101963,0,1
0.128113385920295,0.263238784843344,0,0
0.441238380885444,0.641854608916462,0,0
0.857553969711896,0.82641146811042,0,1
0.898193614665896,0.891914480889549,0,1
0.877263891217078,0.887678929074094,0,1
0.625471998848142,0.716919999197767,0,0
0.758111821764701,0.794932305596464,0,1
0.675498367837123,0.764071191913487,0,1
0.845163480044799,0.8233043549645,0,1
0.63244738667396,0.79148630736873,0,1
0.171889751776639,0.421538894057723,0,0
0.650519991394313,0.70908410323994,0,1
0.455340020088243,0.620955220420836,0,1
0.0588506416067152,0.311878022179745,0,0
0.535862813738841,0.63660191942595,0,0
0.439292150727483,0.639821361967102,0,1
0.874726414407932,0.887111751950499,0,1
0.660723301849986,0.791804171925998,0,1
0.260788118908036,0.4744284040756,0,0
0.216765455386025,0.399614680146063,0,0
0.0973231635762587,0.322580040102904,0,0
0.469144138635046,0.629727883484769,0,1
0.349799696078471,0.570752765818957,0,0
0.577349027972851,0.675901998713922,0,0
0.0569419926446956,0.302059878702538,0,0
0.249917227099618,0.467935652411162,0,0
0.512294573477433,0.616827310836183,0,1
0.375958187775501,0.573676995278249,0,1
0.626901959053301,0.787727730714297,0,1
0.373219933031724,0.600304347075341,0,1
0.460313134237284,0.625716111150169,0,0
0.234215533390106,0.469436052513832,0,1
0.29958917185452,0.486473075760194,0,0
0.115284349995419,0.317774303583881,0,0
0.772439379000949,0.800611343529039,0,1
0.793882939164932,0.867201313419955,0,1
0.0439358529118222,0.22324345891959,0,0
0.160961276052769,0.366925882959427,0,0
0.802857737876807,0.828401686394569,0,0
0.910476747151908,0.924627129492254,0,1
0.369190794332999,0.595294449382284,0,1
0.675310481990086,0.763967026466528,0,1
0.189993705456542,0.360614551713562,0,0
0.871232319873641,0.886311757663534,0,1
0.824706322718061,0.835415133235609,0,0
0.250012891386061,0.468089182209729,0,0
0.592849455626123,0.710713110563787,0,0
0.735762969096434,0.790976427855144,0,0
0.883843723116237,0.88909558725129,0,1
0.467727971984101,0.628407767159153,0,0
0.134620796892631,0.348714609707198,0,0
0.109395120931258,0.335926099059302,0,0
0.529677335289412,0.630925211179446,0,0
0.049288572299243,0.27961955793429,0,1
0.620895912284649,0.714044171611385,0,0
0.0333282049549309,0.192538675885594,0,0
0.0211837033732702,0.174071303292002,0,0
0.075209282712839,0.311434342342855,0,0
0.368028560122639,0.593843342549712,0,1
0.381752326548387,0.580440041928309,0,0
0.766970136892451,0.798484397377722,0,1
0.845946732392701,0.823508436839669,0,1
0.727200791042428,0.784775805135502,0,0
0.884433184209714,0.889218691326056,0,1
0.574902490160961,0.705670360657217,0,1
0.939884325115942,0.928728841029366,0,1
0.906789360955114,0.923999072580586,0,1
0.448436843712769,0.589591781810998,0,0
0.479726101515153,0.670521515229752,0,0
0.856659278233598,0.826195785776606,0,1
0.398406112137029,0.657099531710295,0,1
0.941999774896492,0.928961742565521,0,1
0.29331195815754,0.478038361736991,0,0
0.259007430709581,0.471671383716596,0,0
0.108928034046931,0.334574426092306,0,0
0.247043413871243,0.463314394094766,0,0
0.537753641412101,0.638023185320244,0,1
0.980237382087765,0.931733301431869,0,1
0.207729718262552,0.45705070893239,0,0
0.54701998591584,0.620168847348672,0,0
0.878390535528197,0.887927036218586,0,1
0.589661887264538,0.708493122795941,0,1
0.835276180991689,0.820639155459706,0,1
0.239285521688052,0.452644205843267,0,0
0.0730797254811422,0.302950861964446,0,0
0.952966403760698,0.930035394676121,0,1
0.112326973608629,0.310108315299376,0,0
0.802396495767705,0.828244757453432,0,0
0.651015058179213,0.709363408460717,0,1
0.865114144195146,0.884857961527478,0,1
0.629749565375927,0.789664809850811,0,1
0.298178289566045,0.484583824777627,0,0
0.931481938665359,0.927721401921127,0,1
0.692302046628448,0.771399161893915,0,1
0.876636771837016,0.8875398349985,0,1
0.815492291918733,0.832557745969579,0,1
0.136002321258243,0.35203232453095,0,0
0.699412428919257,0.775084493196157,0,1
0.681005993145693,0.767097875480117,0,0
0.755795956784394,0.793981818354445,0,1
0.799650611995829,0.869324554546658,0,0
0.941446071616836,0.928901588342709,0,1
0.0651472542074636,0.250040464161868,0,0
0.508615052135588,0.580338078121111,0,0
0.499656979018488,0.639686764758034,0,1
0.700764216461541,0.774105179371763,0,0
0.995603374039219,0.932079324624464,0,1
0.907981181259462,0.924204842603105,0,1
0.296887127983216,0.48285155498213,0,1
0.335754506379579,0.556683287868527,0,0
0.820170704474047,0.834026869831941,0,0
0.361613685037254,0.514152801124513,0,1
0.325374976111691,0.619535865829548,0,0
0.444703802966625,0.586090429231343,0,0
0.277120599176795,0.542169223333098,0,0
0.749005251510922,0.796778225749226,0,1
0.452675835005362,0.618386763473303,0,1
0.163923520461382,0.460683035679002,0,0
0.990460762330619,0.932012524250793,0,1
0.337997283328752,0.625705710328953,0,0
0.301759119658546,0.539977424322971,0,0
0.225326141405922,0.485315353149332,0,1
0.425743825022887,0.518011345893353,0,1
0.695120522053586,0.77287029289694,0,1
0.602406549751806,0.794718487701041,0,1
0.181460924117751,0.429264570549142,0,0
0.264561747281454,0.480249148225068,0,0
0.598250108560712,0.714434890383976,0,1
0.858046722730453,0.826529678870203,0,1
0.412916119021168,0.61909137839884,0,1
0.215848173030156,0.398128327026538,0,0
0.323388440032859,0.616483809256104,0,0
0.691690433446191,0.771078136820255,0,0
0.700948782623806,0.774199065565291,0,1
0.223350577501269,0.481595829781028,0,0
0.396495639573693,0.654728616500862,0,1
0.69932990773711,0.775042216390198,0,1
0.720574941077435,0.78167347185762,0,1
0.130515746733954,0.337950944962396,0,0
0.609374031550916,0.799902496706389,0,1
0.886066667084384,0.889556558130179,0,1
0.582361356392866,0.679367894041742,0,0
0.307208947748529,0.568887853444936,0,0
0.745140423133792,0.795115759684269,0,1
0.977696831846277,0.931633687962439,0,1
0.904623694086395,0.923618388647691,0,0
0.871603174809319,0.886397711062628,0,1
0.000292248530599171,0.00981067011423477,0,0
0.582616255743916,0.679543045507529,0,1
0.262719991998526,0.477412000278713,0,1
0.813005789775948,0.831761574679976,0,0
0.523478631608425,0.626170401231732,0,1
0.893900275040687,0.891110009756432,0,1
0.523744953259817,0.626375967244935,0,0
0.891135143772205,0.890574298676202,0,1
0.449721422965338,0.590791172842447,0,0
0.561499843760241,0.703804915788011,0,0
0.812484544490206,0.831593322079546,0,1
0.403171758602158,0.530911261600919,0,0
0.568668198427892,0.701071590021922,0,0
0.898461277931637,0.891963534442271,0,1
0.48462263384433,0.686605354578287,0,1
0.590589135384596,0.709140691994629,0,1
0.936379383224154,0.928324601119755,0,1
0.883251597100688,0.888971296067502,0,1
0.757719271719374,0.794771830992628,0,1
0.711230994929643,0.779337977466276,0,1
0.81919509493032,0.833723620701163,0,1
0.106081804803062,0.326322587531199,0,0
0.381033319379926,0.579604229448782,0,1
0.54579048967737,0.619298540616033,0,1
0.858509396480471,0.826640300773521,0,1
0.146402356944984,0.396753576118322,0,0
0.714039528495921,0.780710385252015,0,1
0.590967141084483,0.709404262318119,0,1
0.60871997136201,0.799419754763552,0,1
0.372618837094408,0.599558971806081,0,1
0.91582222467165,0.925492595801361,0,1
0.713905116754483,0.780645009703489,0,1
0.668299413492021,0.796352816817227,0,1
0.221465356916754,0.478037568214181,0,0
0.812875180120482,0.831719459205509,0,1
0.495854310648144,0.636427359534453,0,1
0.508370915237967,0.580154468581418,0,1
0.0847333803239023,0.213429581915085,0,0
0.437268152638886,0.637699370947491,0,0
0.863201245674636,0.884389574416021,0,1
0.680236395975946,0.766678061812506,0,1
0.189424753788358,0.359647676977633,0,0
0.584073301554649,0.680542186914498,0,0
0.944006500530447,0.929174963681413,0,1
0.50746025828353,0.579468780633528,0,1
0.96740243396843,0.931106894506067,0,1
0.366267027801599,0.519289970887858,0,1
0.290748901720227,0.438563709213197,0,0
0.839850559410055,0.821892715776889,0,0
0.869725133423162,0.885959884578159,0,1
0.201666245145752,0.483793616544375,0,0
0.71945198747186,0.781140308465458,0,0
0.592106562980812,0.710197268869648,0,1
0.894511587784163,0.891226584033566,0,1
0.149445799152841,0.404336394618451,0,0
0.763027182548487,0.796919677974318,0,0
0.689955268431222,0.770163909343501,0,1
0.795015784423919,0.867623100637399,0,1
0.453287493308047,0.618977552364304,0,0
0.22843091813142,0.416024837778051,0,1
0.286054996005954,0.432668382908019,0,0
0.304302918701345,0.543713727876458,0,0
0.840267137783621,0.822005120902298,0,1
0.537157614481071,0.637575799893908,0,1
0.563583960291018,0.705393759564157,0,1
0.284167901613048,0.479590350923316,0,1
0.834158313391177,0.820327448081103,0,1
0.704930756728271,0.776210533080795,0,1
0.878139561299075,0.887871965292616,0,0
0.131526675642383,0.340384430269387,0,0
0.849597836304073,0.82444610053218,0,0
0.0521123584196246,0.225101808552337,0,0
0.877128884997712,0.887649044788466,0,0
0.239741502207232,0.453389314132262,0,0
0.885664355245,0.8894737910425,0,1
0.37930993393637,0.577596918979346,0,1
0.842917347245098,0.822713369661437,0,1
0.539613023017496,0.639415156440114,0,0
0.564175451840745,0.697715972625432,0,0
0.984021297081492,0.931859360252299,0,1
0.963747528304812,0.930872341164681,0,1
0.114324322659308,0.315288564983188,0,0
0.36414792441272,0.516955196170918,0,1
0.250546258458321,0.468944813959453,0,0
0.448295590717008,0.589459725489969,0,1
0.126352922166382,0.25986566980309,0,0
0.511568239105122,0.616253492599408,0,1
0.86558218987415,0.88497156156436,0,1
0.352353481261912,0.545934066498369,0,1
0.15564043152237,0.380722497636707,0,0
0.307261152091779,0.56896697812819,0,0
0.742874553995923,0.794129277630616,0,1
0.0912763623528426,0.286699098980575,0,0
0.73558171072324,0.790894944708294,0,1
0.613921961895828,0.709594244448992,0,1
0.740258748439413,0.792979586669854,0,1
0.00904972576738372,0.172541674523304,0,0
0.720472642955422,0.781624990601405,0,0
0.320584251341548,0.600042134403835,0,1
0.632971996413676,0.791838962959907,0,1
0.0538366809236025,0.232344241946031,0,0
0.556434236645522,0.699911549281611,0,1
0.941598133016749,0.928918165192448,0,1
0.320085709282665,0.599286854274282,0,0
0.522736672314947,0.625597098160174,0,0
0.407711360218046,0.535362859370991,0,1
0.569653244915362,0.701802670383353,0,0
0.0683186407599374,0.306607115772882,0,0
0.361880292309509,0.514448143590283,0,0
0.520658964468645,0.62398693206651,0,0
0.0848244654976895,0.213648849554842,0,0
0.467646829521611,0.628332021586686,0,1
0.772229678410204,0.80053072382432,0,1
0.443003410197277,0.643692440416046,0,1
0.390926292135728,0.589221846892945,0,0
0.272876463208531,0.535180958678021,0,0
0.0518516739225861,0.224005744006811,0,0
0.761821667649176,0.796436041828259,0,0
0.485778907265944,0.687718395477339,0,1
0.161346701195208,0.367727410314072,0,0
0.0660785605337549,0.253492820708015,0,0
0.757900461426701,0.794845933746943,0,1
0.588412252062527,0.707618088179033,0,1
0.558764781460081,0.701708332973406,0,1
0.206324884715315,0.454315595442381,0,0
0.594340591026213,0.711745670885426,0,0
0.934212573719942,0.928063238622368,0,0
0.725479053623078,0.783976818112504,0,1
0.586598473110206,0.682265500301996,0,1
0.86529516899219,0.884901945142498,0,1
0.996568946171193,0.932086369592776,0,1
0.865108089741248,0.884856489455324,0,1
0.179182536814616,0.424405868598301,0,0
0.694664092505,0.772632973624213,0,1
0.296231228271647,0.48197035630258,0,1
0.0595336948762759,0.315386834270958,0,0
0.108043656320047,0.332013240473146,0,0
0.762793777643222,0.796826230683121,0,1
0.765496960469412,0.551041775428923,1,1
0.30817277168202,0.276195632582994,1,0
0.735377882781124,0.614873612214249,1,0
0.812198403011078,0.623185444068174,1,1
0.236694325234363,0.225546058590567,1,0
0.0628237302511373,0.0662563101023014,1,0
0.622044068953113,0.40002321866513,1,0
0.943937763417795,0.760928316194306,1,1
0.347660963789477,0.239760768441046,1,0
0.433626264773262,0.327557390082475,1,0
0.277226803865659,0.197938656296232,1,0
0.692073655997931,0.543895930053645,1,1
0.183594954492843,0.109173181926468,1,0
0.732112553947934,0.597361253852615,1,1
0.750295369465304,0.627032009536464,1,1
0.455071609438579,0.336360123842461,1,1
0.754028175979886,0.633286643689579,1,1
0.155010798194364,0.155763976955979,1,0
0.660518893774608,0.466768824773613,1,1
0.293911298630727,0.224392920829084,1,1
0.444763908362783,0.280076594468083,1,0
0.831897448681699,0.586435511072887,1,1
0.900511773190616,0.698460573080411,1,1
0.318277757182466,0.22463991801312,1,0
0.179082016840491,0.103871986696066,1,0
0.458741347230909,0.307778554019316,1,1
0.678980933538388,0.500162876276584,1,1
0.414421162986482,0.282623846455422,1,0
0.0565193550913934,0.0536258515817632,1,0
0.854027011067925,0.670564786168262,1,1
0.885621908518835,0.636398658802892,1,1
0.888237760139903,0.640163658259978,1,0
0.477196646583983,0.362347758094124,1,1
0.779967013627551,0.601492597828547,1,0
0.399219321331778,0.266631941815069,1,0
0.266255324504438,0.182581505821492,1,0
0.271085651875357,0.189266279487539,1,1
0.647189178777805,0.475428867280856,1,0
0.0402554039137961,0.0272037129537497,1,0
0.38441391453497,0.317914061637258,1,1
0.68292766701496,0.505994400147105,1,0
0.693636309672749,0.473243073746435,1,1
0.870086487508207,0.579197863345353,1,1
0.781546399301326,0.57390527182103,1,0
0.176451305490219,0.100842646870935,1,0
0.240524011415837,0.232903721063153,1,0
0.943223183328573,0.796080127719054,1,1
0.665363232605453,0.446027790835367,1,1
0.264587276632822,0.180300982800637,1,1
0.170124474466646,0.187618956054125,1,0
0.14803439928802,0.142058888809424,1,0
0.90996911895374,0.681397028275778,1,1
0.776159884634332,0.595634988314676,1,0
0.288067810037889,0.215558945462497,1,0
0.747252186385048,0.556292663525909,1,1
0.862564564895172,0.634874773119463,1,1
0.613675864340892,0.462317504367044,1,1
0.939496581660135,0.789802052633663,1,1
0.605609131243537,0.489261964681819,1,0
0.102287370452975,0.100194112922225,1,0
0.989384098551055,0.825712830068471,1,1
0.986815598824167,0.821431196142153,1,1
0.900751124651388,0.698831916978203,1,1
0.731792616301789,0.596839266919096,1,1
0.963619966655659,0.787304885142174,1,1
0.994309621818079,0.891027793325759,1,1
0.0207581540642781,0.00723364627924773,1,0
0.164329206811466,0.175054242240644,1,0
0.884713623068843,0.635093959303622,1,1
0.116665483465107,0.130341569578665,1,0
0.454662538100642,0.335755676367795,1,1
0.831346837723506,0.585659475612241,1,1
0.694240662190999,0.474068088916757,1,1
0.695256282517244,0.475456153293744,1,1
0.57865972652167,0.431798598437196,1,1
0.0838308469576827,0.117974328560852,1,0
0.267737713759948,0.184620227942856,1,0
0.76324959104374,0.547810994265678,1,1
0.87400360103337,0.618234640767377,1,1
0.499223176739539,0.345190170379379,1,0
0.578640566538972,0.431770004372918,1,1
0.627082668727085,0.477247316086656,1,1
0.385115668490174,0.319075835838281,1,1
0.519568285383623,0.383347753126409,1,1
0.39181628424737,0.256834898491403,1,0
0.252818417141165,0.18775503140309,1,0
0.570304621677185,0.423090303183239,1,0
0.92832710883541,0.788636776235393,1,1
0.167407622962929,0.181674336008382,1,0
0.760882673899296,0.572436508175217,1,1
0.422523797498138,0.293783432898533,1,0
0.590680583163348,0.365872139064116,1,1
0.59820943289857,0.379141820796536,1,1
0.0160808761153279,0.0043410942886781,1,0
0.796671351107351,0.653598673645972,1,1
0.047651570693321,0.0381183635081793,1,0
0.0694259890596893,0.080914053347647,1,0
0.458027610605204,0.340744094034832,1,0
0.763360243869303,0.54796984460531,1,1
0.864040212993951,0.63704887847507,1,1
0.707927470656567,0.478582005065672,1,1
0.948017217756267,0.767519598279632,1,1
0.0469935958270566,0.037072951340588,1,0
0.873988892898841,0.61821383306877,1,1
0.807984870334349,0.616736278168955,1,1
0.040488560516643,0.0275197497090016,1,0
0.820760321162188,0.520652807329857,1,1
0.52135260094481,0.397393172980735,1,1
0.646052606185164,0.473760468125916,1,1
0.525532781180034,0.403791279350627,1,0
0.770141428009405,0.514721143690593,1,1
0.442448187678932,0.277167677196897,1,1
0.106601412430923,0.108823851949963,1,1
0.764896965141773,0.550178302581972,1,1
0.68561662691735,0.533794205771696,1,1
0.786516558497746,0.581227857741763,1,1
0.824342534177115,0.52520750938049,1,0
0.664587454725929,0.44498830816688,1,0
0.45152579447542,0.331138860967761,1,0
0.41282188214939,0.280446724234141,1,0
0.418126598125977,0.287700450897202,1,0
0.612183864225209,0.460072217242188,1,0
0.293582107438239,0.223890546091969,1,1
0.893662710969841,0.623152563571945,1,1
0.697781074626528,0.478915618888214,1,1
0.427048094177871,0.317694589781193,1,0
0.465167557486287,0.316461891240255,1,1
0.494628634382706,0.338865573720166,1,0
0.0520570489473399,0.0454924049198259,1,0
0.282176749486244,0.205070237476432,1,0
0.0876769194681914,0.129047730530222,1,0
0.425811281665083,0.315857046651094,1,0
0.822554930556812,0.522932132738695,1,0
0.958344149970487,0.780877797837992,1,1
0.536491394518028,0.381738569527887,1,1
0.361648050792411,0.30386437121518,1,0
0.79649923540857,0.65331629261039,1,0
0.954037998208552,0.773876088219421,1,1
0.493951832544337,0.337938866608183,1,0
0.215360352399554,0.192597800196555,1,0
0.579631986410803,0.433250827192146,1,1
0.139337919138372,0.185924583517258,1,0
0.796378121634012,0.65311762428069,1,0
0.674394510699433,0.475727700818655,1,0
0.783090148747007,0.576174723636332,1,0
0.663048035906184,0.470350205532859,1,0
0.0693034857176741,0.0806287568203607,1,0
0.383681450128415,0.316703705411179,1,0
0.0835834498249315,0.11727903691479,1,0
0.909835932459508,0.681197579221915,1,1
0.960874440072271,0.782824929931108,1,1
0.870017430484511,0.579105927442703,1,1
0.291180931174881,0.220243170025841,1,0
0.304270230783509,0.269244726538365,1,0
0.63149513642783,0.483987247963482,1,1
0.863720101696632,0.63657693570128,1,1
0.706031411715624,0.439902862252673,1,0
0.271325061410224,0.189600728473372,1,1
0.500708808280388,0.348145926555118,1,0
0.795266358821422,0.651295361633155,1,1
0.60418173026323,0.486958333673566,1,1
0.385880740627149,0.320344849448773,1,0
0.745460592765201,0.553628353852291,1,1
0.136937408022169,0.179573555924969,1,0
0.993245900519117,0.889122354143252,1,1
0.0839422637354578,0.118288128429606,1,0
0.792625676120432,0.588497057181263,1,0
0.229865458470202,0.212719342236723,1,1
0.379034776955674,0.309079112651994,1,0
0.146362007336304,0.138867250307508,1,0
0.373521707631769,0.324144917574276,1,1
0.0254212125714436,0.0108485658841101,1,0
0.784396965482566,0.578099362928877,1,1
0.340335014684373,0.316218942895163,1,0
0.346419305671395,0.238051233453425,1,0
0.657256428450344,0.462169240006493,1,1
0.980385412503211,0.828419466143089,1,1
0.49757030957438,0.342908189059972,1,0
0.40013151423553,0.21056023514994,1,0
0.1158619825138,0.128552369822334,1,0
0.214535321617015,0.191124968765652,1,0
0.316467892084765,0.222092382237554,1,0
0.782440439193268,0.575219045850064,1,1
0.792716644898759,0.58863214725473,1,0
0.775122834247005,0.594044360297125,1,1
0.674663868271374,0.476107794210616,1,0
0.0504597395800102,0.0427434739264326,1,0
0.0553760244076247,0.0514782000362968,1,0
0.414469154039278,0.282689307404272,1,1
0.0499446067220799,0.0418752103720827,1,0
0.195695695287099,0.124038649687994,1,0
0.0149274676307696,0.00374069313508615,1,0
0.812437641154797,0.561764249733381,1,1
0.33476828933774,0.305959007063267,1,0
0.264407034459145,0.205362044092568,1,0
0.0199139530759979,0.00665724845133473,1,0
0.0312767209024827,0.0164218558579768,1,0
0.0867507986235106,0.126335897382999,1,0
0.473092946605809,0.356142463737788,1,1
0.0767260741325562,0.098824758240306,1,0
0.578183847777852,0.431088684571689,1,1
0.69103055939202,0.542257640695343,1,1
0.674658956292273,0.476100861504919,1,1
0.0226837689006347,0.00863794102511577,1,0
0.927833875196433,0.787798970579741,1,1
0.0370843513090824,0.0230866638555661,1,0
0.182481674438905,0.107853191090252,1,0
0.600821462484753,0.481556779817157,1,1
0.76435097385589,0.549393137099734,1,1
0.23190597547846,0.216512726452941,1,0
0.802305762957797,0.530827548145323,1,1
0.954202665353881,0.774143253602593,1,1
0.492824153095825,0.336397616291783,1,0
0.562789861857597,0.424891276788235,1,0
0.386540713045013,0.321441559066437,1,1
0.279332423178263,0.200956879990305,1,0
0.195259780545635,0.123486669689612,1,0
0.556032908836256,0.473228805556005,1,0
0.798768028672877,0.657043479242889,1,1
0.875672024313812,0.620597243351182,1,1
0.0393349362008641,0.0259738726358392,1,0
0.442696682150784,0.277479098866993,1,1
0.500887760506402,0.348394824200662,1,1
0.974704702453218,0.860439065620832,1,1
0.291839899213273,0.221241157316694,1,1
0.847426878311372,0.629675501706842,1,1
0.850325122533883,0.664764088960129,1,1
0.394571872959659,0.260460169125494,1,0
0.62880079745338,0.479866095636754,1,1
0.415051080702628,0.28348367257386,1,0
0.912883321744172,0.709969813566325,1,1
0.892278331393869,0.621223398397264,1,0
0.0607673559580462,0.0619898359228679,1,0
0.0249533006334722,0.0104528761395856,1,0
0.709248686851845,0.480370042307987,1,0
0.0311419010535926,0.0162805865496629,1,0
0.940021078897892,0.790684151909916,1,1
0.866987292426991,0.575079076832732,1,0
0.578663777183618,0.431804643704193,1,1
0.822239938259117,0.522531702205147,1,0
0.617227641752259,0.393852518716415,1,1
0.513677682248925,0.374704621281884,1,0
0.700457835287608,0.43298488518879,1,1
0.332885830308294,0.302527762429378,1,0
0.749567323739346,0.625815724569436,1,0
0.161007265029954,0.168048278400736,1,0
0.0753161402226814,0.0952260822345081,1,0
0.0761609414197709,0.0973743146048873,1,0
0.0146851062150112,0.00362021189085196,1,0
0.969024509691908,0.798484760292079,1,1
0.736069293147118,0.616030377613818,1,1
0.168189919931236,0.183376234061682,1,0
0.334893275843142,0.306187510699617,1,0
0.622360753422033,0.400430628344778,1,1
0.849130300920621,0.66289723486229,1,1
0.610391852792817,0.45738267238088,1,1
0.638365382721518,0.418933353793878,1,1
0.191377510021233,0.11862501601751,1,0
0.932556658304514,0.795839359974403,1,0
0.658218937353349,0.463523864198496,1,1
0.0529863939322398,0.0471312040083132,1,0
0.944073041578284,0.761146433029866,1,1
0.101954813623488,0.099543669549175,1,0
0.582309827168146,0.437263223676932,1,1
0.193164317787069,0.120850456081004,1,0
0.0156822590691887,0.0041285453034006,1,0
0.148976709272893,0.143873190927664,1,0
0.663287522165123,0.470690038388592,1,1
0.65825543742887,0.463575273005451,1,1
0.602893358734777,0.484883744861121,1,0
0.65624034043826,0.460741360078636,1,1
0.904032269933027,0.70393242755617,1,1
0.25606694161593,0.192611049170109,1,0
0.916293096835758,0.715283435688271,1,0
0.262773126167647,0.202831808836928,1,0
0.526508823666566,0.405292549850012,1,0
0.555683167685101,0.472633676983658,1,1
0.667756095149774,0.449241681506603,1,1
0.208830839569333,0.181096094730086,1,0
0.699438035236725,0.481192798724875,1,1
0.890834614053786,0.619214730503761,1,1
0.685312948216917,0.50953517538468,1,0
0.673501070854165,0.474468044835506,1,1
0.572535917551831,0.426407430109301,1,1
0.907553803500511,0.677784587933654,1,1
0.60397208572897,0.48662045374039,1,1
0.446399621768372,0.282140464568291,1,0
0.399134534605489,0.266518698554402,1,0
0.0707465515480036,0.0840214858787017,1,1
0.948157264644344,0.767746380385925,1,1
0.0964992542826045,0.156324742122022,1,0
0.688736709813948,0.53866360863773,1,1
0.328669556562865,0.239548420483782,1,0
0.260732597879555,0.199693915171139,1,1
0.834091085669715,0.589532341636589,1,1
0.320149800642092,0.227290259932563,1,0
0.602196908454968,0.483764136014015,1,1
0.793403675988507,0.589652899964952,1,1
0.91129060900986,0.707494597952774,1,1
0.269915276729542,0.187635544899495,1,1
0.752568635571103,0.63083736419358,1,1
0.757866845516005,0.567907691803115,1,0
0.501190443633707,0.348816016753508,1,1
0.145502841235065,0.137241693885537,1,0
0.395470725554949,0.261648200902096,1,0
0.137740723803078,0.181686600019239,1,1
0.587348676558574,0.361756162943747,1,0
0.221908236599183,0.204487450663616,1,0
0.679156352269476,0.500421349722792,1,0
0.471607939054139,0.353910157375072,1,0
0.91366932588676,0.711192925963509,1,1
0.171831170847781,0.191402242002198,1,0
0.534418412059904,0.378794222172162,1,1
0.862582599335927,0.634901321233407,1,1
0.994560789345744,0.891478006235631,1,1
0.718336760543992,0.543715972753796,1,0
0.256350755015027,0.193038249110105,1,0
0.348813446537231,0.241352998650286,1,0
0.420951898389395,0.291601596445716,1,0
0.622890358563882,0.401112420537905,1,0
0.925325100568023,0.71399951764095,1,1
0.804057680720159,0.533148313100826,1,0
0.0184097832937755,0.00568954005299311,1,0
0.349276994299939,0.241994906139565,1,0
0.466453456760457,0.318213950579796,1,1
0.213003787552163,0.188405886639898,1,0
0.0229203287286424,0.00881904361827816,1,0
0.751008284743528,0.628224161568016,1,1
0.690712845263536,0.541759129287268,1,0
0.112796593153839,0.121840070484619,1,0
0.129556161964557,0.160736432039521,1,1
0.279465880805768,0.201148949603187,1,0
0.255413317081173,0.191629004167627,1,0
0.463519722679887,0.314223758950786,1,0
0.421226865415277,0.291982670916218,1,1
0.584351895010393,0.358074062110882,1,1
0.653553171747674,0.458895143490955,1,1
0.198737096916595,0.127924099224859,1,1
0.510168258570657,0.369602179367935,1,0
0.566012992260875,0.416746623556165,1,0
0.389988579721472,0.254444372737578,1,1
0.848603851781252,0.662075515282909,1,0
0.606970915418836,0.491464765991928,1,1
0.520376267766651,0.395906176090009,1,0
0.736374875085109,0.616541978448923,1,1
0.435000370113202,0.329636653019736,1,1
0.620662647837066,0.398248466850975,1,1
0.355888550467272,0.251243187590063,1,0
0.884749859094161,0.63514598461775,1,1
0.939981222443784,0.790617104054852,1,1
0.155089394178157,0.155921972744953,1,0
0.611587007683743,0.459175547900014,1,0
0.554953092561809,0.471392568972398,1,0
0.0812220997451947,0.110746046575408,1,0
0.958569540195766,0.781245145871588,1,1
0.501383395060312,0.349084647189596,1,1
0.499891479209539,0.346114990643352,1,0
0.544417030698066,0.367391811637016,1,1
0.687902304018227,0.53735921534103,1,1
0.677132987962921,0.47959906843613,1,0
0.348700427845826,0.241196622906843,1,0
0.213109971564936,0.188593777003715,1,0
0.60768478977343,0.492621494929553,1,1
0.774114731797306,0.520045929591883,1,0
0.617320858540725,0.393971490832311,1,1
0.466615290419866,0.318434794313672,1,0
0.275263527654933,0.195145043133959,1,1
0.105738169998642,0.107068509260133,1,0
0.390613294111012,0.255260203675301,1,0
0.692243358811894,0.544162699307233,1,1
0.0483484437982693,0.0392414282908069,1,0
0.565079714184241,0.428355865143639,1,0
0.0559366313080296,0.0525257694022143,1,0
0.141025533565308,0.190455570404964,1,0
0.505710947348188,0.355136708729882,1,1
0.950125120742324,0.769197217587873,1,1
0.00809394213571335,0.00109976526025623,1,0
0.383302825117573,0.316078953925134,1,0
0.140152687449521,0.18810530158646,1,0
0.914492224677179,0.712474578593969,1,0
0.377474769596396,0.306540171710078,1,0
0.720049470529931,0.54631179682201,1,1
0.537932620701972,0.383792323290846,1,0
0.435156517434504,0.329873347616144,1,0
0.109033617115557,0.11384632493619,1,0
0.870641512790136,0.579937035816509,1,1
0.162659417846238,0.171514779432815,1,0
0.758842049519436,0.569370170819046,1,1
0.635685599273763,0.415423469582648,1,1
0.458221361064804,0.341032431622906,1,1
0.0515279388343326,0.0445723310689148,1,1
0.307292554757386,0.274620121059559,1,0
0.529233736178164,0.371480107671342,1,1
0.46875605154164,0.321363359210075,1,0
0.62717939902947,0.477394562502552,1,1
0.308960502196304,0.277609422597639,1,0
0.897759589379281,0.702284119803479,1,1
0.954426817009607,0.774507004155373,1,1
0.420204853092986,0.290567529101775,1,1
0.707372485899331,0.477831923688238,1,1
0.573237557693589,0.42745319120547,1,0
0.572018322642885,0.425636800548363,1,0
0.247783505812121,0.1803511661183,1,1
0.710733317845767,0.482383211140263,1,1
0.323352828473763,0.231860988082381,1,0
0.903119134965143,0.702511105094047,1,1
0.924236408048011,0.712320391781892,1,1
0.0273456350602231,0.0125532400494893,1,0
0.599285938022783,0.380507614550312,1,1
0.263279359435722,0.203614073886874,1,0
0.46135471104863,0.311295256499446,1,1
0.331555238763742,0.243773303470826,1,0
0.89312641694426,0.622404870472872,1,1
0.208998588859201,0.181387152723666,1,0
0.180889454815858,0.105979284773644,1,0
0.0715958093107111,0.0860508197133848,1,0
0.998804620123377,0.92987025345668,1,1
0.205539141631393,0.175432031706032,1,0
0.508998672693371,0.359769344569707,1,0
0.234238617232699,0.220890247537708,1,0
0.336864069419235,0.309801843829191,1,0
0.423646022955162,0.295346086079537,1,0
0.353066327609702,0.247274232705005,1,1
0.971538650019277,0.796956376700767,1,1
0.00137031762363371,3.15226189966765e-05,1,0
0.967782850678726,0.796439795287923,1,1
0.347280929983602,0.239236882207178,1,1
0.186881267634758,0.113116517780144,1,0
0.254281099444765,0.189933831428378,1,0
0.362213748892623,0.304815737819057,1,1
0.142946383510066,0.132461438347268,1,0
0.726962423925834,0.578113847048796,1,1
0.385994824646878,0.320534294666663,1,1
0.363266282405475,0.306589800333715,1,0
0.22393525554716,0.201885206309488,1,0
0.260029156373419,0.198617843398097,1,0
0.546071510137047,0.369628206819792,1,0
0.361033962572001,0.302833307422528,1,0
0.0221930485887071,0.0082682525670816,1,0
0.302083138815108,0.265387979815163,1,0
0.735907222105725,0.615759126811552,1,1
0.671078198861653,0.471060455362369,1,0
0.616731566199206,0.393219682214609,1,1
0.170812169129178,0.189138847101448,1,1
0.706326835376385,0.44027107505679,1,1
0.109919639776323,0.115704105501735,1,0
0.862739393118971,0.635132157393769,1,1
0.801185103693527,0.529345665861611,1,0
0.380763544855524,0.311904946083282,1,0
0.45044273970757,0.329552190182308,1,1
0.903759109690607,0.703507094725564,1,0
0.46075875874557,0.310491548201854,1,0
0.918796456263047,0.796858844547525,1,1
0.980442854682981,0.828516545543424,1,1
0.402809533055236,0.213388161707759,1,1
0.745081382122394,0.553065243292145,1,1
0.852509520434567,0.668183897223203,1,1
0.68436221479664,0.508122401569739,1,0
0.159179663130627,0.164254881192937,1,0
0.790354310901034,0.585129070094107,1,1
0.970409576308666,0.795105087245568,1,1
0.84333962390993,0.623616129470376,1,1
0.133262429146984,0.170064484572176,1,1
0.725210623304039,0.575330979775169,1,1
0.315610683335925,0.289688776272524,1,0
0.534499057412693,0.378908553182788,1,0
0.351295513126164,0.24480003074011,1,1
0.959573616765738,0.780706801740491,1,1
0.0170284807760102,0.00486778752307111,1,0
0.730633661713739,0.594950311348446,1,1
0.551579844681552,0.465679324842753,1,1
0.391155444035255,0.255969269856965,1,0
0.856504119523947,0.685869686006846,1,1
0.0342532283146756,0.0196962172144658,1,0
0.72752577734756,0.579010203161805,1,1
0.364452853707315,0.308595958450899,1,1
0.314763293866147,0.288135282139244,1,1
0.852725450412288,0.668522425304962,1,0
0.274463031424058,0.194011687539526,1,0
0.922508847439225,0.709659975990569,1,1
0.3395331833105,0.314730670629335,1,0
0.255588633969757,0.191892164533063,1,0
0.690029104098033,0.540687078350516,1,1
0.869815246560303,0.578836801101082,1,1
0.657752569440006,0.462867255697424,1,1
0.0275567356810771,0.0127478031216308,1,0
0.209269228851036,0.181857226731601,1,0
0.287074481819286,0.214074908680506,1,0
0.274101001348332,0.193500203410998,1,0
0.922334799919411,0.709392221578286,1,1
0.835166460080752,0.591053462496732,1,1
0.691388803682662,0.542820021202383,1,1
0.368253095418037,0.315065126930558,1,0
0.0705815025683978,0.0836299054031233,1,0
0.127767164116831,0.156327969541663,1,0
0.729993132654152,0.593907611182196,1,1
0.757323763080531,0.567094065535953,1,1
0.125892250275678,0.151773576818321,1,0
0.143924239096711,0.13427989904518,1,0
0.250439376848648,0.184238079127128,1,0
0.7966397288226,0.653546788076976,1,0
0.216761255314964,0.195111618235379,1,0
0.0368547326889248,0.0228016532799903,1,0
0.821284721880951,0.521318331531811,1,1
0.98884210256333,0.824808407893724,1,1
0.46434059335143,0.315337694139882,1,0
0.661442417460339,0.468074990055097,1,1
0.282391076731772,0.205381877830456,1,0
0.46053527464412,0.310190422742721,1,0
0.468710018440311,0.321300244821873,1,1
0.32472131172311,0.233827689958547,1,0
0.810626401012837,0.620775440036001,1,0
0.937345083478119,0.709691588582555,1,1
0.508812835975236,0.359506687109921,1,0
0.471638833170481,0.353956526822213,1,1
0.515847721946699,0.377877199958497,1,0
0.757463623044411,0.567303542864108,1,0
0.540706422237503,0.362400779709421,1,0
0.469644182966242,0.350968958947069,1,1
0.160996539198755,0.168025889380839,1,0
0.288884930752843,0.216783570260924,1,0
0.871026767021732,0.580450387467244,1,1
0.786838185475342,0.581703313163947,1,1
0.929526285465435,0.790675552441134,1,1
0.0180871380663356,0.00549186071244331,1,0
0.490571073305491,0.333328780794064,1,1
0.53086522367045,0.373773987584898,1,1
0.0336572388161983,0.0190167709243925,1,0
0.723805163400076,0.573103155033539,1,1
0.69552563770056,0.475824625726815,1,1
0.648523584783126,0.451859229589697,1,0
0.89581780570489,0.699249434161427,1,1
0.56419300023335,0.427012581705271,1,0
0.86914656747088,0.577947170136294,1,1
0.226244497729835,0.206070394503302,1,1
0.860396252635626,0.631686892339781,1,1
0.364837662768869,0.309247967135031,1,0
0.742408156203248,0.549103753630369,1,1
0.468593730177059,0.321140833625204,1,0
0.940082516775625,0.790787510323508,1,1
0.474402649359233,0.35811707110491,1,0
0.856059209858912,0.685157323297883,1,1
0.00502179723965213,0.00042334862511708,1,0
0.883192106372259,0.632911388313973,1,1
0.264836996194848,0.180641482391976,1,0
0.68672257491181,0.535517690136367,1,0
0.837457169708153,0.61917979433449,1,1
0.86043380899077,0.631742039895271,1,1
0.319451392432136,0.226299672178045,1,0
0.435295465295551,0.330084041984473,1,1
0.509071644088645,0.359872506932594,1,1
0.613674546996294,0.462315519505494,1,1
0.00916185928157565,0.00140911695525533,1,0
0.374435310387516,0.301623471084867,1,1
0.280144590675379,0.202127155279824,1,1
0.299959800838851,0.233723672318706,1,0
0.522869856400257,0.399709548943683,1,1
0.318679595683565,0.225207509998477,1,0
0.54256193054768,0.364892303433674,1,1
0.179342591569936,0.104174486153135,1,0
0.358412109817877,0.254818885635157,1,1
0.00249286158783713,0.000104322056025306,1,0
0.0208649677085557,0.00730828104749708,1,0
0.453785165970348,0.334461096686848,1,1
0.0558980906823041,0.0524534132888973,1,1
0.435001938702452,0.329639030330093,1,0
0.287393033302033,0.214550267651675,1,0
0.19753180884461,0.126377152565812,1,0
0.420300772828319,0.290700199352217,1,1
0.207108737129896,0.178121628494222,1,0
0.572846370668646,0.426869987662561,1,0
0.140441188707308,0.188880519992549,1,0
0.0166325126021493,0.00464403547692123,1,0
0.803898622020068,0.532937399152943,1,1
0.393391481596632,0.25890412784231,1,0
0.248687395671069,0.181669372716726,1,0
0.807728006642397,0.616344211479936,1,1
0.710719569178635,0.482364548550833,1,1
0.621152991609994,0.398877974022831,1,1
0.344644955769842,0.324278734685599,1,1
0.652734832705293,0.45774666248101,1,1
0.515266950020469,0.377026805862847,1,0
0.86960604370697,0.578558397731086,1,1
0.353348408418499,0.247669507891874,1,0
0.198723393718243,0.127906458745068,1,0
0.597829210354941,0.378660008086802,1,0
0.907601397639714,0.677855678859081,1,1
0.623317283974304,0.40166244918291,1,0
0.801052682053984,0.529170697485997,1,0
0.818031214748214,0.569526289947841,1,1
0.732956508963769,0.598739284061562,1,1
0.0371875948842746,0.0232153902620678,1,0
0.190896948837471,0.118030013976461,1,0
0.172502805655837,0.192901430341542,1,1
0.833086354804288,0.588112917306909,1,1
0.494780761897789,0.339074048125194,1,0
0.789507982681483,0.583876603710607,1,1
0.706948479712286,0.441046388822909,1,0
0.824683798567809,0.634685539131065,1,1
0.240846699377849,0.233529069367687,1,1
0.579026630666928,0.432346343216913,1,1
0.57761830176733,0.430245764967802,1,1
0.701565513249492,0.434355380336249,1,0
0.603432387796811,0.485751172794716,1,0
0.267970124660889,0.184940887860635,1,0
0.933972921431283,0.704594447216068,1,0
0.249934907847002,0.183496591966369,1,0
0.385898284527004,0.32037397878913,1,1
0.534114273883767,0.378363200338383,1,1
0.807350878447844,0.61576880363351,1,1
0.593962222331555,0.373777215644881,1,0
0.784101593954334,0.577664068172934,1,0
0.0221072433975824,0.00820444091948473,1,0
0.369382481199911,0.31700062032967,1,0
0.48856187186593,0.262008252908577,1,1
0.258856747943864,0.196830841665877,1,0
0.514784720456677,0.376321430157863,1,0
0.383232232578624,0.315962540688716,1,0
0.934832446941373,0.705891905759452,1,1
0.527811699360613,0.40730087004501,1,0
0.447137289986856,0.283073700199266,1,0
0.588568630377401,0.363260496428978,1,1
0.614017022424586,0.462831675460402,1,1
0.805777157576557,0.53543102596408,1,1
0.531347263723693,0.374453089648091,1,0
0.555845012531777,0.472909029806709,1,0
0.474298640898675,0.357960060505327,1,1
0.924717397633806,0.713061993908229,1,0
0.645050643417185,0.47229209775821,1,1
0.875310792475388,0.620085331955813,1,1
0.693984051550861,0.47371769620826,1,1
0.439172740395897,0.273079118413416,1,0
0.635495861176937,0.415175517150426,1,0
0.155357055617135,0.156460633862819,1,1
0.1946699047388,0.122741695256882,1,0
0.688050067371919,0.537590092682825,1,0
0.0286774545720181,0.0138057818716639,1,0
0.707370734418013,0.477829557430946,1,1
0.684597503304061,0.508471853689833,1,0
0.27699479038182,0.19760748182597,1,1
0.113015483155732,0.122313408368982,1,1
0.216407449292053,0.194475200739946,1,0
0.670583378738284,0.45305391929707,1,1
0.845336904897633,0.626573447034245,1,1
0.10752098488039,0.110709437427281,1,0
0.06108746994313,0.0626446638423572,1,0
0.384279393020427,0.317691599355591,1,1
0.568104955981668,0.419832877528164,1,0
0.636611605195914,0.416634649383848,1,0
0.198798280240304,0.128002876931482,1,1
0.841563855347828,0.625267296932643,1,1
0.13021116001923,0.162365813248781,1,0
0.932914284128741,0.702998068537853,1,1
0.871068477141222,0.580505979868336,1,0
0.929797528345719,0.791137070117069,1,1
0.157033950028537,0.159856474963707,1,1
0.755993095605862,0.56510297345078,1,1
0.56263449211717,0.424656709183441,1,1
0.439133106003679,0.273029831035129,1,0
0.303873230739697,0.268542584663523,1,1
0.525304996814158,0.403441320563274,1,1
0.366208348949813,0.311576006235001,1,0
0.602387053966613,0.484069684249916,1,1
0.453157483368861,0.333536473168687,1,1
0.722455012923066,0.570967072408279,1,0
0.249771323973664,0.183256471365869,1,0
0.0840384531312458,0.118559376360135,1,0
0.208223636301905,0.18004450411314,1,0
0.899027378741006,0.704269009763422,1,1
0.62663729815262,0.476569649673757,1,1
0.543631344868887,0.366332159806745,1,0
0.92790927677896,0.78792701872358,1,1
0.881943450448011,0.630137489932291,1,1
0.73783266113204,0.618985505457381,1,1
0.261095199755922,0.200249731658558,1,0
0.603577251255507,0.485984425244552,1,1
0.497602140044673,0.34295206337417,1,1
0.971110273416949,0.796253734146407,1,1
0.0715719668661957,0.085993516910395,1,1
0.742046505647683,0.548568912228908,1,0
0.926470184253393,0.715767750403944,1,1
0.651735656621093,0.456346340528219,1,1
0.930420335522656,0.792197281295736,1,1
0.45536653501639,0.336796245750654,1,1
0.110871232117439,0.117716115936362,1,0
0.957937421076321,0.780215116971129,1,1
0.10449455720482,0.104564801233405,1,0
0.0099463271597916,0.00166075392207597,1,0
0.454351487752797,0.335296429402303,1,1
0.156062303712169,0.157884373744195,1,0
0.956160248315411,0.777322880319913,1,1
0.0281887432196978,0.0133392445142389,1,0
0.936993194882979,0.709158838148398,1,1
0.0590465089356051,0.0585286163673845,1,1
0.267206243300871,0.183887997809164,1,0
0.678642080917331,0.499663777693859,1,0
0.872349104854678,0.615896209434383,1,1
0.0923875414593633,0.143286946161686,1,0
0.686436524373776,0.535071649115518,1,1
0.997189598874281,0.92686556955892,1,1
0.837702441138038,0.619542533727387,1,1
0.362185849397817,0.304768782795389,1,1
0.339417517331044,0.314516273731423,1,1
0.449503694570198,0.328179577053968,1,0
0.0339867146374616,0.0193909093700331,1,0
0.15560676535007,0.156964005169463,1,1
0.285647413936415,0.211951835288742,1,1
0.159415157356353,0.164741245947886,1,0
0.864727167862816,0.638062252131818,1,1
0.572867979615556,0.426902193103151,1,0
0.317450858820598,0.223474187280332,1,1
0.587642136904772,0.362117745812621,1,0
0.54619356032821,0.369793453436748,1,0
0.254063060445175,0.189608245079722,1,0
0.981256818154063,0.829892785139695,1,1
0.451223479826975,0.330695587886318,1,0
0.289965164564546,0.218407848642745,1,1
0.69209846891557,0.543934931355687,1,1
0.765418278817971,0.550928503526034,1,1
0.518948491854271,0.382433706795895,1,1
0.217849552949724,0.197075738262099,1,0
0.846745933200961,0.628663963849477,1,1
0.868811920155275,0.577502202066984,1,0
0.664955612315719,0.445481459816574,1,1
0.227363125683943,0.208113193158924,1,0
0.10605665629899,0.107714467257146,1,0
0.171957534913423,0.191683858645314,1,1
0.711471645952002,0.483385955957191,1,1
0.0280987350483989,0.0132541946671932,1,0
0.0237511214950441,0.00946995791256218,1,0
0.734397037201837,0.601095081166979,1,1
0.633933818610475,0.413137030860342,1,1
0.0770646585384855,0.0996988900498386,1,0
0.591006838775027,0.366276421201214,1,0
0.792463828123962,0.588256748677141,1,1
0.245443631980053,0.17696105781785,1,1
0.285834359510523,0.212229355207599,1,0
0.130765822154957,0.163752022843969,1,1
0.343617740920045,0.322348588790411,1,0
0.371439405161251,0.320540916256496,1,1
0.943822533525121,0.760742548996944,1,1
0.741865529277274,0.548301365913327,1,1
0.385090525350836,0.319034174036538,1,1
0.912181187907732,0.708878103132683,1,1
0.885500526357728,0.636224222849869,1,0
0.986288409300539,0.820553759168701,1,1
0.528224882209806,0.40793880817582,1,0
0.292524830685109,0.22228085650742,1,0
0.11839589859664,0.134236769615698,1,0
0.114174917185953,0.124835925917343,1,0
0.736869998130372,0.617371357013679,1,1
0.284613897018813,0.210420860333098,1,1
0.614030575415685,0.462852107541524,1,0
0.0889643733155659,0.132865447341332,1,0
0.940796403015883,0.791988993516106,1,1
0.395328539593322,0.261460090830759,1,1
0.0243950713701295,0.00999042565852874,1,0
0.503647809403384,0.352244932543482,1,1
0.0697335741955815,0.0816326053562966,1,0
0.813071489527468,0.562641147204151,1,0
0.904869294228324,0.70523654319797,1,1
0.281505742253824,0.204096096238579,1,0
0.287515936239372,0.214733810697848,1,0
0.97723415256436,0.864910700393163,1,1
0.608659103219895,0.454789568524533,1,1
0.541212631029718,0.363079655811172,1,1
0.494629527289198,0.338866797165485,1,1
0.11560969307858,0.127993133853824,1,1
0.783627722738193,0.576966057456405,1,1
0.744873158576353,0.55275616265425,1,1
0.428495537978444,0.319851837987793,1,1
0.66348656360585,0.443515280270774,1,1
0.795872655547774,0.652288811853424,1,1
0.294578908342918,0.225413480669226,1,0
0.747787362324832,0.557089773430056,1,1
0.852836622741734,0.668696751144561,1,1
0.456988632964755,0.339199977673177,1,0
0.440453381235852,0.274674054213916,1,1
0.251077038305146,0.185177476815908,1,0
0.510315663456828,0.369815791394909,1,0
0.0452615641031278,0.0343905342048386,1,0
0.49627051814265,0.341118986771913,1,0
0.731497387935498,0.596357796254682,1,1
0.521783846254754,0.398050865372092,1,1
0.709669034300384,0.48093960884117,1,0
0.51326218650183,0.374098695750751,1,1
0.302672054487017,0.266423744254318,1,0
0.367979580708874,0.314597280522594,1,0
0.203801331374232,0.172478056407636,1,0
0.30441058038157,0.269493170852534,1,0
0.946676813769723,0.765350736769085,1,1
0.301755190741637,0.264812070584879,1,0
0.389140633100006,0.253339106067532,1,0
0.188702775896641,0.115332329031252,1,0
0.319738716269587,0.226706936211204,1,0
0.671732577601825,0.471979579954617,1,0
0.402405248839391,0.212960037912754,1,1
0.359635965740122,0.256562097120385,1,0
0.0196735008745001,0.00649745236619533,1,0
0.753727094142199,0.632781004655773,1,1
0.499951696696203,0.346198382463522,1,1
0.371941579953984,0.321408225311899,1,0
0.0207924702891353,0.00725758257075812,1,0
0.970057123399202,0.794527627547951,1,1
0.359128937385437,0.255839185223284,1,0
0.496587384625872,0.341554731701222,1,1
0.61758217389345,0.394305102073494,1,0
0.341114933514488,0.317669911399576,1,0
0.945131323815303,0.762853841654746,1,1
0.0279288753853348,0.0130944331541312,1,0
0.778047944721987,0.598536355663977,1,0
0.855339328298559,0.684005476015119,1,1
0.860935397137336,0.632478800064869,1,1
0.362856737438309,0.30589889376427,1,0
0.635370917716918,0.415012279686794,1,0
0.414451829541628,0.28266567549903,1,0
0.607855119519355,0.492897690269319,1,1
0.662194882122595,0.469140571031017,1,1
0.781861895485836,0.574368715757341,1,1
0.222236247852273,0.205092419261912,1,0
0.749688286320764,0.62601772482015,1,1
0.181700473422454,0.106931732257852,1,0
0.647817534911988,0.476352503452896,1,1
0.640851632018435,0.466163260746306,1,0
0.0739210585131165,0.0917310069112242,1,0
0.444028137605556,0.2791507022721,1,0
0.856654224767599,0.686110109036656,1,1
0.813101286961928,0.562682387292213,1,0
0.247702566774081,0.180233361136064,1,0
0.679008509706,0.500203504384721,1,0
0.308469799573157,0.276728303534545,1,1
0.0332841256016857,0.0185974804489657,1,0
0.430877072616639,0.323417126283146,1,0
0.558978438841328,0.419155719793568,1,0
0.300331136704828,0.262318546815587,1,1
0.543545138559347,0.366215986815798,1,0
0.464841452217691,0.316018336162988,1,1
0.779509472769825,0.600787114868822,1,1
0.706629547544093,0.44064853196176,1,1
0.857990717473001,0.688252622164133,1,1
0.440916029169834,0.275251387160098,1,0
0.702260016796225,0.435215772299363,1,1
0.698579677883347,0.480012474190578,1,1
0.447973671994721,0.325949261241262,1,0
0.99013563691794,0.883562653206031,1,1
0.463895762149352,0.314733806139079,1,0
0.0108049242039088,0.00195985190659481,1,0
0.561599227927031,0.423095385011509,1,1
0.587579626475917,0.362040709364055,1,1
0.432940508879506,0.326522181593043,1,1
0.314589829742209,0.287817790467774,1,0
0.410549060287869,0.221666960618695,1,0
0.153351542474767,0.152447188456954,1,0
0.445485511237543,0.28098614680726,1,0
0.323207818802138,0.23165307558703,1,0
0.731724826365862,0.59672869509653,1,1
0.38556890938929,0.319827315618652,1,0
0.874114404206114,0.618391406029815,1,0
0.863727742536096,0.636588198617767,1,1
0.738450237270529,0.62002213796583,1,1
0.979887113639324,0.827577561384346,1,1
0.559257582232859,0.419574461397943,1,0
0.57679789073179,0.429024447364586,1,0
0.50968811418689,0.360744623733565,1,0
0.526778546603119,0.405707907361541,1,1
0.247859919741192,0.180462420224449,1,1
0.555032298177153,0.471527137473589,1,1
0.55604656396974,0.473252049079015,1,1
0.0715730121760355,0.0859960288024036,1,0
0.18604671248026,0.11210848536629,1,0
0.0872820791279975,0.127888052023439,1,0
0.607597718167088,0.4924803353263,1,0
0.484245328791115,0.257398913537714,1,0
0.158397342873594,0.162644321789986,1,0
0.272712120405615,0.191544224679142,1,0
0.0735608000568907,0.0908390731726003,1,0
0.583120227759791,0.356566192243285,1,0
0.526653968418885,0.405516037824112,1,0
0.701538220929022,0.434321586384206,1,0
0.562950366366367,0.425133664560227,1,0
0.687100979886108,0.536108025728282,1,1
0.020230263013071,0.00687041331653976,1,0
0.50917829179842,0.360023305348795,1,1
0.808986089717333,0.618265690218079,1,1
0.523754110902912,0.401062634532266,1,1
0.565091253770875,0.428373360374713,1,0
0.969967125315063,0.79438020809083,1,1
0.578238541344529,0.431170246493486,1,1
0.664464339181864,0.44482345430819,1,1
0.417144395972536,0.286350390385512,1,0
0.987542182530191,0.822641266690174,1,1
0.231471888738426,0.215702938421203,1,0
0.748514526297469,0.624058992445844,1,0
0.991386128054224,0.88579585224115,1,1
0.355965394598358,0.251351697115144,1,0
0.425218822863477,0.314978713404621,1,0
0.931378296472501,0.793829414020696,1,1
0.458965597951034,0.308079535967099,1,0
0.826472104333367,0.637441122381239,1,1
0.744973907980666,0.552905701188969,1,1
0.126616095784923,0.1535239062597,1,0
0.494081281575814,0.338116015829203,1,0
0.661618223199246,0.468323843782476,1,1
0.709148880691743,0.480234855548013,1,1
0.502701413573043,0.350922381662617,1,0
0.600346053012222,0.480795002503584,1,1
0.895998268641479,0.699531190821924,1,0
0.5085430287093,0.359125518270892,1,1
0.806245160279453,0.614083289870422,1,1
0.745233204088769,0.553290657614996,1,1
0.00111510435398154,2.08742475495057e-05,1,0
0.699628954606476,0.481455528400893,1,1
0.387303547934123,0.250952786505666,1,0
0.775258737584384,0.594252687764791,1,1
0.218681604285325,0.198584029419152,1,0
0.392033477542317,0.257119717070877,1,1
0.778100294847967,0.598616902134036,1,1
0.311811653181045,0.282756737317103,1,1
0.462840681178786,0.313303777894028,1,1
0.824720786631105,0.634742473232096,1,1
0.95617915458123,0.777353620812052,1,1
0.866268792418487,0.57412629906644,1,1
0.529887838723809,0.372398931343741,1,0
0.797337981164608,0.654692953776335,1,1
0.116494436532508,0.129959654008569,1,0
0.484813601284855,0.25800339453485,1,0
0.365025244016528,0.309566048507235,1,0
0.204825141993402,0.174215320908366,1,0
0.219433471266605,0.199951912653136,1,1
0.110810276067466,0.117586712902016,1,0
0.567496357084821,0.418933843072358,1,1
0.521877281933713,0.398193435837343,1,1
0.458134485105384,0.34090312856718,1,1
0.94645721752467,0.764995708204948,1,1
0.525613472341585,0.403915286415071,1,0
0.652483271258661,0.457393902930318,1,1
0.024019214348756,0.00968495042676629,1,0
0.122642829361498,0.144039796282228,1,0
0.278319575338272,0.199502199377304,1,0
0.674190525503688,0.475439956092096,1,1
0.508821366302558,0.359518741583416,1,1
0.961205413807635,0.783364311775414,1,1
0.322277948412066,0.230322059075091,1,0
0.336821114877192,0.309722841352519,1,1
0.284070593812399,0.209618276807733,1,0
0.655754391797175,0.460059251022411,1,0
0.989907248299369,0.826586273789943,1,1
0.727539457273428,0.579031978035965,1,1
0.419890767233913,0.290133316866494,1,1
0.243230696144184,0.238175078037488,1,0
0.804040533323887,0.533125573419002,1,1
0.708876191933521,0.479865597492313,1,1
0.10029280267472,0.096324710376461,1,1
0.821487269508376,0.521575501327007,1,1
0.39517786623494,0.261260825872058,1,1
0.932296204427329,0.795394881883934,1,1
0.87057742741878,0.579851664025855,1,1
0.890697583320214,0.619024246386114,1,1
0.240014510595997,0.231918048549445,1,0
0.0117840324511778,0.0023311362938353,1,0
0.255673917102662,0.192020244526506,1,0
0.642131477455155,0.468027070228317,1,1
0.471517957614858,0.353775120177011,1,1
0.45531447314047,0.336719238589756,1,1
0.585359612396628,0.359310127549931,1,0
0.431321625746634,0.324084835357046,1,0
0.722451196542555,0.570961040138276,1,1
0.381468251042674,0.31306054382511,1,0
0.732671978677556,0.598274518713537,1,1
0.747590427750533,0.556796385773463,1,0
0.958752599842588,0.781543565778217,1,1
0.387217862728945,0.322568760920582,1,0
0.480579031581063,0.253516053305657,1,0
0.931443593635255,0.793940725666377,1,1
0.916632628113911,0.793109950642684,1,1
0.978124294403209,0.866487075592396,1,1
0.547787320622822,0.459297552808846,1,1
0.327382553001694,0.237676047186712,1,0
0.20872299334407,0.180909096610419,1,0
0.24719019306675,0.179488505507476,1,0
0.636376934007101,0.416327541794145,1,1
0.721470981216027,0.569412741537631,1,1
0.145652598357259,0.137524348133047,1,0
0.472286334612348,0.354929070506968,1,1
0.602596420894192,0.484406231306342,1,0
0.0185255780174765,0.00576133781860582,1,0
0.257840342654516,0.195288157220546,1,1
0.903914650205441,0.703749268266431,1,1
0.357931056738919,0.254135319745049,1,0
0.775446977979872,0.594541303516355,1,1
0.639581828748303,0.420531483562655,1,1
0.197149393027658,0.125888301267136,1,0
0.542377560179776,0.364644354236066,1,0
0.691701673062242,0.543311409517459,1,0
0.715567822275236,0.539532379690697,1,1
0.857684482362993,0.687761405885121,1,1
0.863908149877025,0.63685415552158,1,1
0.998357761480398,0.929038403862376,1,1
0.881203253574261,0.629080211103163,1,1
0.349375622651886,0.242131593805834,1,0
0.250114860154913,0.183760920970082,1,0
0.00158117585227024,4.19701143773328e-05,1,0
0.214828477387182,0.191647658159567,1,0
0.353407275852164,0.247752037669606,1,0
0.00770258863017836,0.000995985956572309,1,0
0.136244535620317,0.177760949855144,1,1
0.369692442659527,0.317532855645591,1,1
0.352328377336492,0.246241648314745,1,1
0.125972771112231,0.151967788036372,1,1
0.870054603492602,0.579155415116085,1,1
0.640437042813928,0.465560301401398,1,1
0.457874035252629,0.340515631295312,1,0
0.477580666481895,0.362931185238669,1,1
0.778913827857178,0.599869309307092,1,1
0.82285207116725,0.523310010088823,1,1
0.603275608511885,0.485498797118642,1,1
0.207116100468114,0.178134294238099,1,1
0.628151799105907,0.478876047321082,1,1
0.936801290670223,0.708868384315772,1,1
0.910498312577804,0.682189793230893,1,1
0.503771472371914,0.352417930423729,1,0
0.515159235070477,0.376869189781738,1,1
0.263105131966277,0.203344676187723,1,0
0.696870421903545,0.477666398348868,1,1
0.859273341197849,0.690311919442237,1,1
0.994733396627673,0.891787467356271,1,1
0.176719697257417,0.101149654178488,1,0
0.873873334670987,0.618050364235905,1,1
0.496337239629567,0.341210716968133,1,0
0.188504094193726,0.11508959428254,1,0
0.22250781768191,0.205593966100938,1,0
0.513088609894565,0.373845710807872,1,1
0.781149045732199,0.573321850702462,1,1
0.103578659214242,0.102739807140588,1,0
0.763616558743139,0.548337892071144,1,1
0.435919062438563,0.269047810954964,1,1
0.504731641829082,0.353762601260349,1,0
0.21880262448808,0.19880388631589,1,0
0.973134042257471,0.799575936852854,1,1
0.335553972607877,0.307396831184784,1,0
0.605408712852544,0.488938188617941,1,1
0.00210869026438587,7.46458026552082e-05,1,0
0.546550378471068,0.370276769692404,1,1
0.931908106848271,0.794732803511285,1,1
0.477823268865646,0.363300003912664,1,0
0.0854343819986494,0.12253077232052,1,1
0.616068671980115,0.465929813751738,1,1
0.629718702945679,0.481268107913382,1,1
0.754904883218748,0.634760142350738,1,1
0.353080644810317,0.247294287557596,1,1
0.775288716683031,0.594298647915999,1,1
0.0102928801213639,0.00177849904279164,1,0
0.890715195698466,0.619048727415748,1,1
0.0634885312498004,0.0676659785541841,1,0
0.465816871503551,0.317345987960276,1,0
0.0541538224735638,0.0492309300395076,1,0
0.148585021298503,0.143117645753915,1,1
0.142823795463816,0.132234343044066,1,0
0.0518391920833106,0.0451124335370787,1,0
0.244376265810503,0.240423878664769,1,0
0.364592703174663,0.308832835512885,1,0
0.458805738107665,0.307864962283747,1,0
0.634530784861828,0.413915487477643,1,1
4.71291844115207e-05,3.72871899201672e-08,1,0
0.66994488899984,0.45219158785673,1,0
0.0860834515796118,0.124399647710286,1,0
0.0264038654741746,0.0117034749303126,1,0
0.726979305499773,0.578140697363613,1,1
0.29858568542154,0.231587201522847,1,1
0.727288103268454,0.578631953366681,1,1
0.315931846272008,0.290278646260215,1,0
0.621306884657607,0.399075645617449,1,0
0.347402521346661,0.239404436647928,1,0
0.254828196214621,0.190752012344428,1,1
0.801096489384397,0.529228576798996,1,1
0.555234447620997,0.471870671740208,1,1
0.63225984702292,0.485160128791724,1,1
0.58198858119151,0.436780902073795,1,1
0.660384144153659,0.46657839719573,1,0
0.625125223367271,0.47427250094437,1,1
0.20789050317889,0.179468865251696,1,0
0.969997277596124,0.794429596873128,1,1
0.217507189171157,0.196456792061365,1,0
0.306084029238331,0.272464307019642,1,0
0.749641388412012,0.625939404258457,1,1
0.0534515127798296,0.0479622787238223,1,0
0.711114421945566,0.482900669666547,1,1
0.671670697203583,0.471892625889582,1,1
0.0134740236844694,0.00304771546817981,1,0
0.751147541713086,0.628457162203852,1,1
0.827698659491302,0.639334560437952,1,1
0.478571112401741,0.364438099062904,1,0
0.00143923841690619,3.47732507474055e-05,1,0
0.104873324409766,0.10532421873951,1,0
0.774241336412609,0.520216048041142,1,1
0.739441988065721,0.621688656121579,1,1
0.511014091994348,0.370828759137374,1,0
0.860683106358955,0.632108167868513,1,1
0.249588891129786,0.182988868269234,1,1
0.147034058600462,0.140145453242561,1,0
0.0401484636355063,0.0270593691798554,1,0
0.763073989100759,0.547558951919233,1,1
0.801683549584603,0.530004520466378,1,1
0.301679544585779,0.264679317247775,1,1
0.15323951310408,0.152224532407626,1,1
0.443905013258723,0.278995912610274,1,1
0.795605456620115,0.651850898545475,1,1
0.00445792623914776,0.000333614995381448,1,0
0.778523785070339,0.599268688013421,1,1
0.587156368058227,0.361519310801473,1,0
0.45950153541746,0.308799449475096,1,1
0.547983731575204,0.459626977164305,1,1
0.264918623940398,0.180752853760558,1,0
0.107607174285935,0.110886999138838,1,0
0.140009163626145,0.187720239136568,1,1
0.353909894765637,0.248457249014536,1,0
0.357011021666592,0.252830527087759,1,1
0.077773871558635,0.101542357808007,1,0
0.203145648756061,0.171370026923451,1,0
0.521236513147291,0.3972162203309,1,0
0.883826869216766,0.633821480244194,1,1
0.111180420704565,0.11837358548241,1,1
0.964098789379005,0.788087503067906,1,1
0.92290799139308,0.710274209161564,1,1
0.392782506726347,0.258103174692592,1,0
0.994348722513654,0.891097873089164,1,1
0.122982192045413,0.144838038820756,1,0
0.27625349743873,0.19655122354694,1,0
0.895353597798985,0.698524927434182,1,1
0.196760618315225,0.125392292318204,1,0
0.477365035674872,0.362603527598403,1,1
0.148563535045398,0.143076257468638,1,0
0.532326792717435,0.375834957087152,1,0
0.0817564215678659,0.112207931176723,1,0
0.403947153341788,0.214595171360324,1,0
0.831287217296497,0.585575476938332,1,1
0.775309551994201,0.594330591018935,1,0
0.232971613256878,0.218507105803344,1,1
0.608997665178794,0.455295655659169,1,1
0.135429656603245,0.175640931135849,1,0
0.918169073526849,0.795770976188614,1,1
0.973584797880871,0.80031683544634,1,1
0.809458607884914,0.618988142909969,1,1
0.387041935475771,0.322275717907653,1,0
0.41832132824389,0.287968489279484,1,0
0.463854634347013,0.314678001637207,1,1
0.0371215222188389,0.0231329681508336,1,0
0.342952850050707,0.321102324410758,1,1
0.927709564376728,0.787587886725245,1,1
0.0157879328791655,0.00418437259564695,1,0
0.897101829804401,0.701255414819608,1,1
0.387661598145516,0.251416997237672,1,0
0.310269012188671,0.279965865762995,1,1
0.613858889341473,0.462593312116606,1,1
0.772350371479137,0.517678056388687,1,1
0.111826817206257,0.119754021023834,1,0
0.89230273621645,0.621257381188556,1,0
0.814321906574914,0.564373041810655,1,1
0.765020069435246,0.550355410779722,1,1
0.244537532046846,0.2407412994012,1,0
0.260149592169668,0.198801870743643,1,0
0.0717167650382676,0.0863418180737191,1,0
0.106003464273581,0.107606447372873,1,0
0.334232771645896,0.304980925108614,1,0
0.438955615541217,0.27280916720039,1,1
0.951526677098667,0.771468220373008,1,0
0.34771901591925,0.239840845221322,1,1
0.576267795851393,0.428236236581853,1,1
0.0688857351619445,0.0796596514260774,1,0
0.358362509918541,0.254748362814145,1,0
0.119859756990231,0.137576723435232,1,0
0.872406625112476,0.615977433055773,1,1
0.475045613037716,0.359088449760729,1,0
0.739977111233616,0.622588795378653,1,1
0.125435713189472,0.150674785925832,1,0
0.700856138008243,0.43347744328991,1,0
0.983052201070811,0.832932434675452,1,1
0.238080457273273,0.228195484603101,1,1
0.540705289185419,0.362399260886964,1,1
0.079440990886107,0.105942230321027,1,0
0.877651862768744,0.624019839939116,1,1
0.022093844250381,0.00819449854949374,1,0
0.0249633891848452,0.010461329986789,1,0
0.26288440016845,0.203003627667255,1,1
0.022616679143828,0.00858692125217997,1,0
0.114590319826778,0.125745959584319,1,0
0.427293611801558,0.318059991446704,1,0
0.950956490696018,0.770543918607532,1,1
0.762483733920754,0.546712180803356,1,1
0.484276345754449,0.257431888510839,1,1
0.376349127508589,0.304714672022625,1,0
0.287448693221883,0.21463338036296,1,0
0.412941620051939,0.280609433498834,1,1
0.0845859888433659,0.120109308851352,1,1
0.559206220657884,0.419497398462088,1,0
0.961143002010893,0.783262586199946,1,1
0.788205071525871,0.581951071253016,1,1
0.339549273684725,0.314760501317547,1,1
0.434227316337775,0.328466077333179,1,1
0.510113488018084,0.369522824258648,1,1
0.742380818060956,0.549063314419038,1,1
0.097251430810796,0.15877122865965,1,0
0.453019616305778,0.333333556078208,1,0
0.129327182063376,0.16016875719501,1,0
0.606328006576946,0.490424189918186,1,1
0.400477057252838,0.210924060703135,1,0
0.385670258204539,0.319995474299726,1,0
0.133278627492326,0.170105830519311,1,0
0.510839097598809,0.370574825461473,1,1
0.341291383564937,0.317998641477002,1,1
0.322092237097133,0.230056691316236,1,1
0.287159236659309,0.214201332756173,1,0
0.848219959360984,0.630854641523172,1,1
0.0542532923902372,0.0494119512008747,1,0
0.930934314981689,0.793072768597758,1,1
0.926564630214387,0.715913691028659,1,1
0.580916749443572,0.435173569701932,1,1
0.827890490204575,0.639630944189629,1,1
0.676248893547242,0.478347515012651,1,1
0.0679460083447373,0.0775010707356009,1,0
0.586927650455851,0.361237717243133,1,0
0.163499721106502,0.173291457423406,1,0
0.382725892771038,0.315128170769019,1,1
0.111015169738437,0.118021962203493,1,1
0.0515252053675186,0.0445676022263126,1,0
0.219673673398218,0.200389905660199,1,1
0.0835351219483785,0.117143454852596,1,0
0.917394592278117,0.794429066976905,1,1
0.874170142428796,0.618470272449729,1,1
0.836920798123538,0.618386908190579,1,1
0.501942903467281,0.349864189456364,1,1
0.924996283138162,0.713492163475297,1,1
0.424214045629428,0.296138614429491,1,0
0.215115990938484,0.192160980895955,1,0
0.343319293433376,0.321788883420778,1,1
0.44767711268173,0.32551784618544,1,1
0.406675564672067,0.217503874883086,1,1
0.682990266415729,0.506087166627324,1,0
0.491851790068353,0.335071472226594,1,1
0.73393583857087,0.60034034723811,1,1
0.989819312590563,0.826439425241155,1,1
0.133065545858621,0.169562345729103,1,1
0.765353928154571,0.550835871496271,1,0
0.427878778736352,0.318931736902389,1,1
0.611096500907323,0.458439304664989,1,0
0.255978969186314,0.192478727901275,1,0
0.894045558829725,0.623686598896548,1,1
0.523345677915004,0.400437366541696,1,1
0.34909745796701,0.241746188288678,1,0
0.451876506495696,0.33165346935853,1,0
0.656392477977143,0.460955014063373,1,1
0.627713494542924,0.478207991197125,1,1
0.995965292772072,0.924591036079869,1,1
0.732057553938442,0.597271503607678,1,0
0.0150704153436739,0.00381267906582387,1,0
0.416364157874744,0.285280197237647,1,1
0.686159293762318,0.534639538408805,1,0
0.933826956402475,0.704374230741218,1,1
0.133894218426565,0.171680838316807,1,0
0.841681499554851,0.625442124347953,1,1
0.235598545693609,0.223462555599761,1,0
0.784530415703604,0.578296084878983,1,1
0.833500465886618,0.588697741691162,1,1
0.416107685984582,0.284928851832273,1,1
0.320331277785726,0.227548012258451,1,0
0.694664621936183,0.474647274684028,1,1
0.359857787737978,0.256878687637759,1,0
0.966941988141822,0.795056415840953,1,1
0.175703994162831,0.0999902727054442,1,1
0.922357631198699,0.709427342301038,1,1
0.38099574336306,0.31228547592567,1,1
0.539642201736066,0.360975626314589,1,0
0.0631639330043865,0.0669758347100522,1,0
0.726414292814362,0.577242377739747,1,0
0.999455153978528,0.931081920006785,1,1
0.598250843611884,0.379194314374246,1,1
0.803379922897703,0.532249887141089,1,0
0.524022070267226,0.401473117151856,1,0
0.414135716561624,0.282234647300997,1,1
0.373854970934432,0.32472359235988,1,1
0.105430357626894,0.106446046406636,1,0
0.433580189113294,0.327487783500419,1,0
0.953748280505755,0.775074839613107,1,1
0.507039288328918,0.357004820167843,1,1
0.841774037567211,0.625579659395816,1,0
0.155606836229495,0.1569641481648,1,0
0.632447097853996,0.485447542551662,1,0
0.641074578457045,0.466487665059731,1,1
0.407166466067404,0.21802929321753,1,0
0.264078081552543,0.204851373726463,1,0
0.468839235846972,0.321477426045646,1,1
0.662890530891454,0.470126771594432,1,1
0.863394576111788,0.636097189938395,1,1
0.196494362790447,0.125053161431868,1,0
0.372268168380227,0.321972906952972,1,1
0.0696794996331667,0.0815060512262112,1,0
0.583212609678139,0.356679180531468,1,0
0.629960507295843,0.481637781116359,1,1
0.509719247165128,0.360788695381374,1,0
0.814075705746665,0.56403183005058,1,1
0.455215561734792,0.336572958347931,1,0
0.144567733476285,0.135483331204934,1,0
0.534068465154655,0.37829830188898,1,1
0.206663587417472,0.17735675897822,1,0
0.351040912413882,0.244445322669845,1,0
0.499505653210142,0.345580920216985,1,1
0.72274542502232,0.571426198777123,1,1
0.774313488707947,0.520313011427424,1,1
0.720847417305131,0.547523294915658,1,1
0.112236778700436,0.120633676367171,1,0
0.868630218172268,0.577260671489241,1,1
0.827875922806249,0.639608434746945,1,1
0.730238220659355,0.594306475391443,1,1
0.156116994923213,0.157995052625961,1,1
0.0989257978321708,0.164285384843034,1,0
0.868526605826098,0.577122965560868,1,1
0.327872638268227,0.238388172577319,1,1
0.263757497412792,0.204354306806721,1,0
0.494498133432079,0.338686787282373,1,1
0.0582277171791591,0.0569166504920985,1,0
0.0230181745448381,0.00889450050940875,1,0
0.871904919259075,0.615269160988088,1,0
0.843424964889279,0.623742348380276,1,0
0.970229356394348,0.794809788294955,1,1
0.159432179101121,0.164776428714668,1,0
0.393948321483771,0.259637596593044,1,0
0.66819478937291,0.449832150000758,1,0
0.234060996607052,0.220555377149398,1,0
0.52562294667361,0.40392984792167,1,0
0.504046683951501,0.352803089145197,1,1
0.300519048070384,0.262646904758135,1,0
0.766475456738357,0.552451413769418,1,1
0.583178288785144,0.356637202057099,1,1
0.0391869257609901,0.0257787701759719,1,0
0.914962138652245,0.713206980186151,1,1
0.515344259696579,0.377139951124294,1,1
0.829192184476589,0.641643912085096,1,1
0.0338953833696186,0.0192868324217851,1,0
0.831686028140294,0.586137472513986,1,1
0.89242589425367,0.621428888272024,1,1
0.791314057641581,0.586551006250328,1,1
0.863858543592667,0.63678102028997,1,1
0.656517689731376,0.46113089204139,1,1
0.303958706068043,0.268693680525644,1,0
0.445384240121582,0.280858409560827,1,0
0.638876869436908,0.419604958789288,1,1
0.699190649524052,0.480852470731097,1,1
0.403116008917924,0.213712996124974,1,0
0.158567952508696,0.162994878585094,1,0
0.245312759647789,0.176772394279797,1,0
0.663828432417968,0.443972450357786,1,1
0.823807559434829,0.524526041256039,1,1
0.589150261455812,0.363978808550801,1,1
0.491784516459132,0.334979818902682,1,1
0.273633575886761,0.192840812881872,1,1
0.0616454831920764,0.0637943664094299,1,0
0.285387752671804,0.21156667047059,1,0
0.264175144077668,0.205001988617226,1,0
0.970930126983096,0.795958342428495,1,1
0.0532898267705931,0.0476725544407124,1,0
0.235051048468256,0.222425172516297,1,0
0.643222121070775,0.469618284014493,1,1
0.155840006767428,0.157434909438807,1,0
0.998389212115088,0.929096938605756,1,1
0.323939994422004,0.232703810360939,1,0
0.0659704274114711,0.0730597870516343,1,0
0.0425320085951105,0.0303676784592143,1,0
0.960111805840613,0.781582786015762,1,1
0.647721813524959,0.476211742355281,1,0
0.573258454518555,0.427484356565133,1,1
0.681170746420295,0.503394275708425,1,1
0.896205330206314,0.699854545821051,1,1
0.739360246054834,0.621551213907421,1,0
0.594486717854072,0.374437631498694,1,0
0.803659998839601,0.532621059904629,1,1
0.124393188843944,0.148180610125498,1,0
0.716520011509893,0.540969221081533,1,1
0.652327598837912,0.457175674739037,1,1
0.825365452237055,0.635735188773281,1,0
0.331798366352727,0.300554409153692,1,0
0.977577285941519,0.865518194170347,1,1
0.29220174937999,0.2217901280393,1,0
0.156386530329052,0.158541079306751,1,0
0.8663527214127,0.574237553627406,1,1
0.350649485025587,0.243900490170157,1,0
0.000393450310601673,2.59872061383606e-06,1,0
0.839770964300652,0.622605961162673,1,1
0.903164771809382,0.702582106136287,1,1
0.824997638555949,0.635168700323352,1,1
0.163936673942479,0.174218937596808,1,1
0.797586332732714,0.655100859451468,1,1
0.764624050328078,0.549785765995351,1,1
0.318384954269581,0.224791262551389,1,0
0.454333423729384,0.335269768623977,1,0
0.950627012742961,0.770010070308275,1,1
0.175677180252686,0.0999597563177092,1,0
0.727473197704512,0.578926513894364,1,1
0.165505293689776,0.177568898381008,1,0
0.623820775937208,0.402311606517553,1,1
0.750968826944864,0.628158149802768,1,1
0.80663806021048,0.614681946663302,1,1
0.308768940104364,0.277265281808355,1,0
0.430033782327475,0.322152414613299,1,1
0.570749219925349,0.423750226045565,1,1
0.284343697481578,0.210021521919846,1,0
0.136471204730069,0.178352921248263,1,0
0.726182988729269,0.576874826429244,1,1
0.541212262718036,0.363079161637808,1,0
0.175201045576959,0.0994186523553254,1,0
0.376574619066161,0.305079924205451,1,0
0.659109882290807,0.464779536776025,1,1
0.0825194091152972,0.114312053230502,1,0
0.553040647822572,0.468149199818927,1,0
0.765157930585155,0.550553783264755,1,1
0.86687561052126,0.574930927508881,1,1
0.542260075816247,0.364486400171477,1,0
0.256311760374367,0.192979525782843,1,1
0.926971667741048,0.716542827378271,1,1
0.658431911481583,0.463823869427895,1,1
0.579539051996938,0.433111909103431,1,0
0.917424934708665,0.794481618643599,1,1
0.0878306094260906,0.129500545785285,1,1
0.0994083080642849,0.165891895964994,1,0
0.773455758405887,0.519160917192927,1,1
0.665789569273962,0.44659956551631,1,1
0.361392552672932,0.303435172989282,1,0
0.644748178101,0.471849284505103,1,1
0.460856077351093,0.310622722249037,1,1
0.0260341960439489,0.0113780581279599,1,0
0.01016164045637,0.00173343457729804,1,0
0.830397243967767,0.643510260943131,1,0
0.531185346287937,0.374224910262358,1,0
0.945392762477331,0.763275935530503,1,1
0.938854105198297,0.788722206820435,1,1
0.895330412563868,0.698488751212796,1,1
0.475066786742387,0.359120461011955,1,0
0.556853004818069,0.415974222867882,1,0
0.866175629271312,0.574002816523365,1,1
0.0827395942820978,0.114922901002732,1,0
0.0468802279973778,0.0368942967633388,1,0
0.309016189795503,0.27770950526429,1,0
0.24995611708667,0.183527735981896,1,1
0.612899788437705,0.46114891806856,1,1
0.567071345571453,0.418306579017372,1,1
0.869084753226896,0.577864965135856,1,1
0.906050295423121,0.675540730907731,1,1
0.724826647241958,0.574721901988371,1,1
0.482263336596306,0.25529618348712,1,1
0.466235577339941,0.317916745884797,1,1
0.334731272577543,0.305891348414615,1,0
0.0662715202939231,0.0737282072004871,1,0
0.154232562461295,0.15420386891989,1,0
0.409224826677777,0.220239285047807,1,1
0.0408702721090508,0.0280410882886313,1,0
0.957543440309174,0.779573474768013,1,1
0.73962245455135,0.621992148916512,1,1
0.794886342093875,0.650673069504822,1,1
0.0588346986787118,0.0581094645344788,1,0
0.326917389674941,0.237001120339316,1,0
0.0348994781715888,0.0204464386149307,1,0
0.20013633761552,0.166330430808128,1,1
0.0431433693162193,0.0312469709570977,1,0
0.86776093724687,0.576105863398491,1,1
0.0634513792493925,0.0675868086358398,1,0
0.920444101511972,0.799719364753973,1,1
0.489997788127771,0.332550174782961,1,0
0.0574155278855404,0.055339920471467,1,0
0.974383872924587,0.801631103404601,1,1
0.232318602185419,0.217283887375692,1,1
0.75298957416678,0.631543261425295,1,1
0.473332458742171,0.356503162562076,1,0
0.404839849109061,0.215544700901103,1,0
0.986861403794032,0.821507454572733,1,1
0.553570477016527,0.469046630879549,1,1
0.946328687530907,0.764787947694559,1,1
0.734940664466857,0.614142684366146,1,1
0.0793982004347342,0.105828130663368,1,0
0.76159132964518,0.545433195414216,1,1
0.634434106243337,0.413789366791523,1,0
0.3823031861645,0.314432460333781,1,1
0.152597400625303,0.150951486296969,1,0
0.33247710540758,0.301785317375468,1,1
0.228660812114837,0.21049560563412,1,0
0.955304440138359,0.775932022316324,1,1
0.687101749476841,0.536109226669663,1,1
0.961540305292696,0.783910267374402,1,1
0.264483107610634,0.205480231457139,1,0
0.869913111123017,0.578967060480671,1,1
0.316813453648763,0.222577666804649,1,0
0.915492844973493,0.71403458432101,1,1
0.79023312773555,0.584949650925034,1,1
0.00986512830445474,0.00163374880304131,1,0
0.648100525303818,0.451269887943858,1,1
0.441488432720488,0.275966521702308,1,1
0.489677915663528,0.263206654536468,1,0
0.181253237441791,0.10640597840816,1,0
0.863000170057062,0.635516173360707,1,1
0.247058599798122,0.179297452684239,1,1
0.0305886441330804,0.0157072537683427,1,1
0.571311184060273,0.424585092408619,1,0
0.122818088536537,0.144451762204977,1,0
0.162115931496271,0.170370545503712,1,1
0.450492693797031,0.329625288896011,1,0
0.0451789839046608,0.0342651569045972,1,0
0.218430067060106,0.198127451941445,1,0
0.24179381226967,0.235369354305007,1,0
0.387395497877562,0.251071958322105,1,1
0.0772182101976864,0.10009658678482,1,0
0.188518215718715,0.115106838485802,1,0
0.808787505025571,0.617962191718683,1,1
0.851349546736394,0.66636679507633,1,0
0.190031607598587,0.11696237255087,1,0
0.856411581468841,0.685721489129084,1,1
0.943609476171008,0.760399129561998,1,1
0.488532741983283,0.261977010019735,1,0
0.857545240775011,0.687538113476903,1,1
0.977476884657102,0.865340418607886,1,1
0.341273741029651,0.317965765421437,1,0
0.113392853502498,0.12313160627048,1,0
0.561279685260345,0.422614050429154,1,1
0.57546089994815,0.427037834895399,1,0
0.444303193390599,0.279496652407169,1,0
0.767177842821934,0.553464393312834,1,1
0.489489169531382,0.263003787868439,1,0
0.0872186536516939,0.127702254124414,1,0
0.416854363835974,0.285952341438687,1,0
0.440232022697757,0.274398037858045,1,1
0.886828279950121,0.638133611488008,1,1
0.859341587044863,0.690421576731081,1,1
0.0381709933007066,0.0244594523761314,1,0
0.695934034873455,0.476383577038422,1,1
0.958656086244934,0.781386224281194,1,1
0.381644478953266,0.313349861475498,1,0
0.664753894790202,0.445211222868048,1,1
0.210516326940105,0.184031168570264,1,0
0.489670548211999,0.263198734441975,1,0
0.294235458359774,0.224888167261405,1,0
0.966078300036671,0.793636735858989,1,1
0.693788665085823,0.473450989800984,1,1
0.840833423524954,0.624182371703052,1,1
0.714306946500571,0.537632674491754,1,0
0.98801754320408,0.823433426116941,1,1
0.872896937574865,0.616670014415771,1,1
0.776780126424334,0.596587331589435,1,1
0.747361327601515,0.556455175976173,1,0
0.683986629333688,0.507564828358255,1,1
0.462221087647162,0.312465515098276,1,1
0.13298257785936,0.169350963246558,1,0
0.4195666145465,0.289685528061843,1,0
0.916777289543596,0.79336030497064,1,1
0.828662520614797,0.640824446938669,1,1
0.85845207072877,0.688992986718215,1,1
0.981544300080642,0.830379129022277,1,1
0.318255406616627,0.224608369135611,1,0
0.819716275912339,0.519329060692585,1,1
0.592131245775085,0.371476320246984,1,0
0.0372634223709188,0.0233101616200547,1,0
0.778301760215116,0.598926929485756,1,1
0.258389110560059,0.196120314949729,1,0
0.809516170983018,0.619076182352033,1,1
0.513937524225308,0.375083803085291,1,0
0.804502354508784,0.533738177838621,1,1
0.618330329545288,0.395261024344481,1,0
0.460996339800511,0.310811828289378,1,1
0.841829173604612,0.625661612774198,1,1
0.868138887704647,0.576607814761618,1,1
0.0348448741714656,0.0203825073479837,1,0
0.280366744587945,0.202447854975554,1,0
0.948760365872208,0.766989062710428,1,1
0.77910835309068,0.600168968356096,1,1
0.45897992819908,0.308098774555396,1,0
0.123234283124713,0.145432430557994,1,0
0.64099469715432,0.466371418613474,1,0
0.736428146660364,0.616631186681134,1,0
0.552563456965767,0.467341663736853,1,1
0.562407504413923,0.424314133644951,1,0
0.943658721964589,0.760478500184402,1,1
0.250347966979558,0.184103610614963,1,0
0.235444919316568,0.223171224852799,1,1
0.897813491844718,0.702368454145025,1,1
0.989170673827408,0.82535663165091,1,1
0.450984165834481,0.330344900928146,1,0
0.966156583097284,0.793765360691738,1,1
0.936278423882222,0.708077308762689,1,1
0.636110768954739,0.415979356112107,1,0
0.135873586583535,0.176794298443826,1,0
0.640686765989262,0.465923440494375,1,0
0.517996785612674,0.381032292929752,1,1
0.582442607937526,0.437462659661396,1,1
0.125397113414252,0.150582067227907,1,0
0.426439370824242,0.316789538153482,1,0
0.138945976651892,0.184880083156589,1,0
0.83095561528395,0.585108395829352,1,1
0.0914925469217537,0.140524238736389,1,0
0.172561421279948,0.193032546571529,1,1
0.287439725697656,0.214619988755617,1,0
0.753324060941057,0.632104463847892,1,1
0.319416391718652,0.226250085816791,1,0
0.078076534119588,0.102334214235053,1,0
0.51153657039713,0.371587442974714,1,1
0.500196456797583,0.34743380877962,1,1
0.00224964809362804,8.49589198483838e-05,1,0
0.392918130352618,0.258281446032646,1,0
0.683753036392771,0.507218203701709,1,1
0.369404806190473,0.317038939687413,1,0
0.216758747898467,0.195107104298975,1,0
0.24349693287126,0.238696769243409,1,1
0.0519084621048453,0.045233076894507,1,0
0.304747697683353,0.270090397903778,1,1
0.790160153452848,0.584841621259465,1,1
0.818113378392104,0.569640702954237,1,1
0.998718815961527,0.929710495864442,1,1
0.484965132950714,0.258164701040582,1,1
0.921220402296514,0.801068897158205,1,1
0.917855848236202,0.795228128282242,1,1
0.712685639397712,0.485036978991685,1,1
0.237908735126169,0.227866418648259,1,1
0.628922689782397,0.480052156677244,1,0
0.663263904460916,0.470656519228911,1,0
0.0438604370873308,0.0322942882226844,1,0
0.470274561325622,0.351911765122754,1,1
0.470575331457041,0.352362048440929,1,0
0.881048886409324,0.628859828750699,1,1
0.206786980106198,0.177568611108808,1,0
0.318540597591685,0.225011095870904,1,1
0.975201135014248,0.861315759341519,1,1
0.119201191264115,0.136069054664997,1,0
0.235595911648049,0.223457558902857,1,1
0.597064524465268,0.377691936356546,1,1
0.679082347689051,0.500312298385162,1,1
0.757699341250617,0.567656680827315,1,0
0.161064304415334,0.168167367044311,1,0
0.67084170694151,0.47072850489096,1,0
0.478450037155611,0.364253721653534,1,0
0.485760563197227,0.259012268855196,1,0
0.629881210479461,0.48151653561445,1,1
0.57724320827487,0.429687160827675,1,1
0.342961487878877,0.321118499588378,1,1
0.870811560228592,0.580163596201053,1,1
0.0242007575624926,0.00983190624278492,1,0
0.974614176302974,0.802010091962339,1,1
0.0960348024242572,0.154823578357163,1,0
0.23104362577226,0.214905501432338,1,1
0.841771733016958,0.62557623406378,1,1
0.00485895100189326,0.000396337207987393,1,0
0.46808824693011,0.32044836274679,1,0
0.756983285172525,0.566584271423258,1,0
0.795674739112527,0.651964431757036,1,0
0.75362056429863,0.632602146025956,1,1
0.13512338318517,0.174847407441019,1,0
0.736312638736562,0.616437766039608,1,1
0.531255623796695,0.374323939101734,1,1
0.184446030351762,0.110187698019414,1,0
0.173532262160578,0.0975337542020171,1,0
0.110016209747528,0.115907498642774,1,0
0.305547956015034,0.271510758971018,1,1
0.627434985818827,0.477783735378673,1,0
0.371617483301515,0.320848341977206,1,1
0.0729022572280031,0.0892199051183269,1,0
0.575421846690442,0.426979875604941,1,0
0.801176189123513,0.529333886154961,1,0
0.739052524631221,0.62103394286591,1,1
0.132076607308718,0.167051348337722,1,0
0.663661482381179,0.443749164060557,1,0
0.059539919525294,0.0595108691367589,1,0
0.561847071829211,0.423468906714045,1,0
0.819363591542926,0.518882272345504,1,1
0.0997353340911665,0.166985168832786,1,0
0.253064720965547,0.188121043574048,1,0
0.39933125555041,0.266781480780343,1,0
0.161807083803581,0.169722016670133,1,0
0.759351303201427,0.570134628057831,1,0
0.0547160912235714,0.0502585478714727,1,0
0.516581012838848,0.378952287994621,1,0
0.0394512324203351,0.0261276864652418,1,0
0.00510889040658347,0.000438160253747478,1,0
0.516032183818049,0.378147498324415,1,0
0.138299084406464,0.183162594254038,1,0
0.307820499421086,0.275564555087979,1,0
0.123502077257786,0.146065180899922,1,1
0.725667034456078,0.576055376513243,1,1
0.73046587356177,0.594677085089825,1,1
0.921107156039483,0.800871957364026,1,0
0.0034783519839241,0.000203107921142372,1,0
0.372345209546364,0.322106185793588,1,0
0.323482051548294,0.232046344596958,1,0
0.105070151185433,0.105719935765973,1,0
0.0831619443863312,0.116099159641582,1,0
0.679813187891862,0.501389767417922,1,0
0.0827667313943572,0.114998298691777,1,0
0.221608468991025,0.20393535478973,1,0
0.704053946797112,0.437442138102618,1,0
0.464799320676369,0.315961053250101,1,0
0.0220257574314766,0.00814407023725224,1,0
0.940948682499611,0.792245400609627,1,1
0.105731324975836,0.10705464742262,1,0
0.706175015308272,0.440081828952452,1,0
0.0189080514941192,0.00600168723265424,1,0
0.929550824579,0.790717300014251,1,0
0.478331236736728,0.364072853772293,1,0
0.00803649228890435,0.00108420865809593,1,0
0.987948133435095,0.823317735223223,1,1
0.654535117867314,0.460275134714068,1,1
0.821983940188225,0.522206380415625,1,1
0.106886529198215,0.109406752257523,1,0
0.344277742074647,0.323588075201147,1,0
0.202025966709168,0.16948614558627,1,0
0.651042908527399,0.455376729487571,1,1
0.498665730553654,0.344419703304215,1,1
0.520684551815124,0.396375404683073,1,1
0.529086348537366,0.409270483844861,1,1
0.234063024287285,0.22055919852692,1,0
0.258932909697409,0.196946683246383,1,1
0.678906677326183,0.500053482424889,1,0
0.231039059847015,0.214897007514749,1,0
0.107134838230487,0.109915670276713,1,0
0.541382059754295,0.363307018398103,1,1
0.454089917258077,0.334910479714669,1,1
0.298576564213209,0.23157305266742,1,0
0.875515464590196,0.620375352404285,1,1
0.67703178656211,0.479455721497147,1,1
0.268807154699003,0.186098053022373,1,0
0.780509823694155,0.602330094395046,1,1
0.957517383435247,0.779531047509865,1,1
0.0351155528357839,0.0207004042405563,1,0
0.238787421715486,0.229552720043694,1,0
0.545792056836165,0.369249987520095,1,1
0.0272849261521018,0.0124975640669012,1,0
0.828777311615638,0.641002000460956,1,1
0.606184829276934,0.490192601338817,1,0
0.301068152421687,0.263607591397571,1,0
0.457192881397274,0.339503252376911,1,1
0.172054670742406,0.191900477584417,1,0
0.763539574519155,0.548227335958283,1,0
0.967790565448648,0.796452493124558,1,1
0.0574115245839576,0.0553322035810771,1,0
0.277115708837452,0.197780045410166,1,0
0.564752874942301,0.42786049072452,1,1
0.875666462227237,0.620589359566985,1,1
0.0255272162296586,0.0109392291699674,1,0
0.394893612393492,0.260885108048251,1,0
0.398436691737807,0.26558755596042,1,0
0.0696344696091572,0.0814007395195376,1,0
0.485973875212625,0.259239798895008,1,1
0.8240029419517,0.524774874542184,1,1
0.138832909131175,0.184579312629352,1,0
0.709734455951857,0.481028284863976,1,1
0.902891619242021,0.702157193448866,1,1
0.350997508066733,0.24438487767136,1,0
0.17268062062982,0.193299318842066,1,0
0.26944810395633,0.186986583055252,1,1
0.106835744211542,0.109302812115885,1,0
0.746680712067982,0.555442119590996,1,0
0.939064626092175,0.789075959590076,1,1
0.619266142207687,0.396458346097108,1,1
0.650981150424712,0.455290339270996,1,0
0.256274995070943,0.192924167870585,1,0
0.590762168604528,0.365973215355357,1,0
0.0981273017157117,0.161643974432632,1,0
0.308160694269387,0.276173984575356,1,0
0.426586094856668,0.317007569779515,1,1
0.83906214048257,0.621555361172614,1,1
0.813440214344461,0.56315157414154,1,1
0.0824324009926337,0.114071120007525,1,0
0.493158865873259,0.33685471570963,1,1
0.918687629931677,0.796670088728159,1,1
0.108576345695889,0.112893416857256,1,0
0.947277172977495,0.766321777894165,1,1
0.397584045793237,0.264452068913959,1,1
0.255584329706194,0.191885701432695,1,0
0.509276444255626,0.360162119507018,1,0
0.849214397128245,0.663028545460864,1,1
0.197932004035823,0.126889746071619,1,0
0.980295927931103,0.828268245251041,1,1
0.756175208382059,0.565375263944787,1,1
0.726077517460877,0.576707267282028,1,0
0.612663875187789,0.460793981733345,1,0
0.845543539305114,0.626879804076658,1,1
0.50483929201646,0.353913519761686,1,1
0.839857035346999,0.622733593803108,1,1
0.529656391044195,0.372073684984934,1,1
0.771732218344933,0.516849737359836,1,1
0.601908317988515,0.483300579117045,1,1
0.999251561239264,0.930702628928791,1,1
0.509133237584971,0.359959595448058,1,0
0.848014266341319,0.630548714596821,1,1
0.922648802348172,0.709875319033849,1,1
0.892783006205445,0.621926328084453,1,1
0.345275032469562,0.325465505244177,1,0
0.114320549657727,0.125154590638005,1,0
0.501498299359163,0.349244668136707,1,0
0.808487358245322,0.617503616519007,1,1
0.79822758895248,0.656154679853812,1,1
0.341778374785582,0.318906798209347,1,0
0.638812181393541,0.419519990774648,1,0
0.597657806762071,0.378442908017179,1,0
0.0714039349152428,0.0855902110612079,1,0
0.69105832715973,0.542301220784605,1,0
0.625521254204445,0.47487361580819,1,1
0.0546661617104023,0.0501668658876129,1,0
0.385795594977288,0.32020349509622,1,1
0.43402188614928,0.328155360415068,1,1
0.765279911988368,0.550729335718567,1,1
0.51919771041955,0.382801113067766,1,0
0.770901720886595,0.515737923134579,1,1
0.823694829252353,0.524382498337586,1,0
0.944203977622744,0.761357578587399,1,1
0.850972448108935,0.66577660188909,1,1
0.658210513316645,0.46351199970528,1,1
0.397147162902015,0.263871205026541,1,0
0.880471982274812,0.628036553075179,1,1
0.137612143547858,0.181347551335235,1,0
0.408286981453615,0.219230970467446,1,0
0.601568188845961,0.482754521981595,1,0
0.659811934545042,0.465770185860776,1,1
0.979828120203174,0.827477916897323,1,1
0.791186435913976,0.586361825695151,1,1
0.0805579787152377,0.108942397344752,1,0
0.516252139328349,0.378469933068286,1,1
0.865416707959011,0.639080249346676,1,1
0.543434353022406,0.366066717519775,1,1
0.19344763006163,0.121205216489841,1,0
0.347485447874985,0.239518744098644,1,0
0.577269359118429,0.429726093936246,1,1
0.565019940162335,0.428265247137004,1,0
0.478792020231169,0.364774625060218,1,0
0.485291443045924,0.258512231547805,1,1
0.933457046019995,0.703816303529268,1,1
0.00504849112806049,0.000427861294889996,1,0
0.823301870129268,0.523882284601189,1,1
0.650417645793903,0.454502460319493,1,1
0.0516293693439692,0.0447479811744228,1,0
0.682767463306944,0.505757031901182,1,1
0.288828056961453,0.216698220776873,1,1
0.223809463889452,0.201658459145648,1,0
0.235849179703699,0.223938255541371,1,1
0.99529790859922,0.923352336926398,1,1
0.548455586505868,0.460418864283205,1,0
0.998497604578319,0.929298688727422,1,1
0.0862083632844421,0.124760930761357,1,0
0.622854972127267,0.401066847393706,1,0
0.252290689739259,0.186972018331949,1,1
0.726253468990616,0.576986809943657,1,1
0.608555005213814,0.454634017942781,1,0
0.416201786079961,0.285057736083629,1,0
0.0303960510517272,0.0155100835372317,1,0
7.89357117966238e-05,1.04598839337617e-07,1,0
0.320573597163961,0.227892406653535,1,0
0.945748416643862,0.763850328183252,1,1
0.105280113601101,0.106142879699524,1,0
0.464819038745884,0.315987861697897,1,1
0.719554722358232,0.545561309761642,1,1
0.927757675002149,0.787669576792426,1,1
0.596355709692827,0.376795702523562,1,1
0.733891916122533,0.600268494557016,1,1
0.424851116581815,0.314434195768086,1,1
0.230699537537909,0.214265869926627,1,0
0.0105173730606729,0.00185692500515422,1,0
0.221228270069941,0.203236198385353,1,1
0.730036735816267,0.593978562598303,1,1
0.765114545605338,0.55049135148002,1,1
0.724660033980979,0.574457713895851,1,1
0.478463497148328,0.364274216672969,1,1
0.745747927310003,0.554055223388442,1,1
0.581032172443806,0.43534651713069,1,0
0.0194201860201021,0.00633120793960213,1,0
0.791389126949602,0.586662299778646,1,1
0.0927215319496948,0.144324812949783,1,0
0.95130738832364,0.771112676317045,1,1
0.896637476047493,0.700529641446064,1,1
0.348782833083328,0.241310636036453,1,0
0.424868504009882,0.314459933320008,1,1
0.811441132414131,0.622023905190191,1,0
0.559313151806908,0.419657845989217,1,1
0.797080212623893,0.654269715519759,1,1
0.230667501976474,0.214206366982432,1,0
0.0845137007581129,0.119904103189985,1,1
0.98669920251552,0.821237429605847,1,1
0.58696365320451,0.361282035992188,1,0
0.88024436493377,0.627711878274905,1,1
0.0269017398286321,0.012149000302826,1,0
0.378549672615817,0.308288474530523,1,1
0.284975950767215,0.210956548282009,1,0
0.662991046683571,0.470269355461151,1,1
0.139091455771134,0.185267431861851,1,1
0.544309214911706,0.367246310256216,1,0
0.0111002864595028,0.0020684650133838,1,0
0.482353866194412,0.25539203995554,1,0
0.62019254860022,0.397645416544109,1,0
0.0390148683920796,0.0255528943254683,1,0
0.373344255791323,0.32383700267799,1,0
0.739292263598445,0.621436918782916,1,0
0.139066926817352,0.18520209333273,1,1
0.820208308545904,0.519952699731126,1,1
0.643849298649706,0.470534538733773,1,0
0.0970606286054078,0.158148838165109,1,0
0.84402330415711,0.624627648047748,1,1
0.881986467446857,0.630198961639416,1,1
0.0527193906583404,0.0466574039094086,1,0
0.0297179200864289,0.014825748460929,1,0
0.531370483108086,0.374485816871102,1,0
0.551787289825062,0.466029667884211,1,0
0.541982582839991,0.364113455374373,1,1
0.966796617909811,0.794817375962499,1,1
0.141595671642282,0.129969987626364,1,0
0.729965961420181,0.593863400074951,1,1
0.352464409606902,0.24643183042395,1,0
0.0311251527112874,0.0162630796214075,1,1
0.15227579155212,0.150315876397753,1,0
0.721515630403483,0.569483221442137,1,1
0.925309164757147,0.713974925066306,1,1
0.5222493819275,0.398761464384113,1,0
0.152985172014716,0.151719638830809,1,0
0.0185937308955377,0.00580380602202588,1,0
0.441820130521971,0.276381354203385,1,0
0.74035586264262,0.623226292749074,1,0
0.525583261787391,0.403868856273485,1,0
0.121383499434568,0.141096903860006,1,0
0.767472301894106,0.553889337514304,1,1
0.4087150746714,0.219690943466276,1,1
0.779152921569107,0.600237635012493,1,1
0.857351727236768,0.687227848980288,1,1
0.992528194375109,0.887837882645425,1,1
0.560649836973801,0.421666097413661,1,1
0.363696913184357,0.307317119471393,1,0
0.920859987419437,0.800442205284982,1,1
0.336257947189815,0.308687988917061,1,0
0.80707120541023,0.615342262687784,1,0
0.671727362465296,0.47197225135846,1,1
0.651614146211003,0.456176192827211,1,0
0.164545831655405,0.175516072406323,1,0
0.284254739485468,0.209890130428794,1,1
0.728700341275101,0.59180589615614,1,0
0.188436202953859,0.115006708356644,1,0
0.611595276545257,0.459187964398847,1,1
0.841481198900061,0.62514447836034,1,1
0.861015694117854,0.63259678454174,1,0
0.997602495899915,0.927633285683894,1,1
0.709470605601251,0.480670697913525,1,1
0.235224186765514,0.222752969386058,1,0
0.240472190002962,0.232803372664427,1,1
0.827709469723813,0.639351260719643,1,1
0.812844882865965,0.562327569698433,1,1
0.477333324492197,0.362555353962215,1,0
0.911716736573317,0.708156414137979,1,1
0.853745003839718,0.670122006508347,1,1
0.553832500352215,0.469490766737676,1,1
0.662262728408128,0.469236709121377,1,1
0.0113666843695919,0.0021689393485743,1,0
0.580872375977515,0.43510709056482,1,0
0.304189754049446,0.269102319765854,1,1
0.138237815451545,0.183000341626472,1,0
0.76499198578735,0.550315004770783,1,1
0.964899445382063,0.791701051061866,1,1
0.441377279141222,0.275827578967278,1,1
0.821859982914706,0.522048892184664,1,1
0.923083922259698,0.710545029370281,1,1
0.279563048345609,0.201288848945076,1,0
0.0354536865350348,0.0211009791089102,1,0
0.45925333020903,0.308465936199122,1,0
0.816345489030215,0.56718145056152,1,1
0.539440966793835,0.360706457724669,1,1
0.193765436916176,0.121603789373908,1,0
0.824051215702421,0.524836363627341,1,1
0.28370262426204,0.209075572369399,1,0
0.96126253558616,0.783457420889613,1,1
0.547280173195925,0.37126627205801,1,1
0.0285110822389572,0.0136460579744352,1,0
0.620873683613295,0.398519335294342,1,1
0.863535824905953,0.636305334193564,1,1
0.710675601312693,0.482304868517513,1,0
0.951849551025643,0.771991861465137,1,1
0.964134454631102,0.788145812153392,1,1
0.638906071999605,0.419643319295837,1,0
0.660590126674117,0.466869506495114,1,1
0.245949493628032,0.177691246335207,1,0
0.128776217653484,0.158806950555066,1,0
0.731659732599703,0.596622530623216,1,0
0.460680554094685,0.310386157595663,1,0
0.0657201314825955,0.0725064519349895,1,0
0.612723471526045,0.460883632750051,1,1
0.871483836438768,0.581059727477616,1,1
0.702720351291828,0.435786530969033,1,0
0.880418049446129,0.627959615361982,1,0
0.756419484123474,0.565740601944357,1,1
0.504355544237399,0.353235589751932,1,0
0.810431669510158,0.62047722617457,1,1
0.0320410339329624,0.0172342683208853,1,0
0.795811140382106,0.652187981391831,1,1
0.819664561085552,0.519263535178402,1,1
0.496046772118427,0.340811465737489,1,1
0.295963081592315,0.227536812269835,1,0
0.299945330880764,0.233701123362743,1,1
0.429655572106915,0.321586004430198,1,1
0.485070187874048,0.258276562321357,1,1
0.691228283231635,0.542567996294824,1,1
0.00440133748145555,0.000325198959156645,1,0
0.323980416273763,0.232761888436862,1,0
0.326597612506344,0.23653769756968,1,0
0.686266528080889,0.534806660495642,1,1
0.04298321323387,0.0310154126007324,1,0
0.58040582989916,0.434408431123555,1,1
0.130229337033423,0.162411147791363,1,0
0.263588905971873,0.204093147396649,1,0
0.711431716225956,0.483331699607608,1,1
0.0732978465715312,0.0901907996864412,1,0
0.351927724851627,0.245681936181355,1,0
0.172896418601931,0.193782750804347,1,0
0.763654060035271,0.548391751260491,1,0
0.25253096980511,0.187328329873816,1,0
0.0734386813414766,0.0905377185648682,1,0
0.867833747215732,0.576202544426494,1,1
0.585728644640713,0.359763315015909,1,0
0.393736372120667,0.259358294883664,1,0
0.719984198505581,0.546212755680708,1,0
0.221760189918678,0.204214692967435,1,0
0.772031947251583,0.517251288276748,1,0
0.407380726660905,0.218258817900672,1,0
0.0745030057772078,0.0931810060920317,1,0
0.935619580080358,0.707081134557084,1,1
0.436920125588027,0.270284935582452,1,1
0.010478779319738,0.0018433219518554,1,0
0.935623935699197,0.707087717965864,1,1
0.319461489305495,0.226313977673623,1,1
0.193027796457887,0.120679691265172,1,0
0.661279261121365,0.46784410077191,1,1
0.251165885289863,0.18530855508197,1,0
0.126611900912117,0.153513733736417,1,0
0.790738044422568,0.585697392790414,1,1
0.154236645318365,0.154212033222936,1,0
0.506500386071019,0.356246344571533,1,1
0.786589447911899,0.581335591827357,1,1
0.232372336397004,0.217384412503872,1,1
0.756515956266044,0.565884917868388,1,1
0.860781150597551,0.632252188573625,1,1
0.452416728167544,0.332446931671708,1,0
0.613609638403037,0.462217726096377,1,0
0.753985712920557,0.633215318686113,1,0
0.385096316275317,0.319043769269754,1,0
0.762109969854267,0.546176323379862,1,1
0.251161926947139,0.185302714249011,1,0
0.986259698114276,0.820505986673983,1,1
0.927084173891396,0.716716770919388,1,1
0.776053078427594,0.595471070704899,1,0
0.589749214787305,0.364719255092693,1,0
0.312264037866875,0.283577794564907,1,0
0.690226571366234,0.540996582041607,1,1
0.284801334857363,0.210698104831071,1,0
0.436459485212737,0.269715318779963,1,1
0.81919739393526,0.518671796197507,1,1
0.0339302579630668,0.0193265408657477,1,0
0.3374033287764,0.310794512848025,1,0
0.436000001630669,0.269147731036503,1,1
0.280817884987951,0.203099900126385,1,0
0.947372156190896,0.766475463333321,1,0
0.385571163452839,0.319831055096518,1,0
0.813355539171843,0.563034337560354,1,1
0.942368625218422,0.79463828751023,1,1
0.064902404649963,0.0707133450965043,1,0
0.118698639689017,0.1349241404482,1,0
0.942919352737018,0.795567344436545,1,1
0.197727663194033,0.126627884696539,1,1
0.42452304553616,0.313948769592072,1,1
0.320747864928046,0.228140244249037,1,0
0.902576901153338,0.701667781316239,1,1
0.792829101978067,0.588799169223702,1,1
0.400789746972793,0.211253565389649,1,1
0.717963943593717,0.543151741770391,1,1
0.801147802157377,0.529296376510756,1,1
0.711149373100657,0.482948139807645,1,1
0.661424831917552,0.468050101287381,1,0
0.452681739012396,0.332836518706776,1,0
0.586575997988301,0.360804982203113,1,1
0.63928678407193,0.420143583371236,1,1
0.342486942109502,0.320230469852072,1,0
0.81601302646368,0.566719567190504,1,1
0.828640211851219,0.640789943607598,1,1
0.0231224939829332,0.00897530377787614,1,0
0.753384748793057,0.632206312731593,1,1
0.570078336204389,0.422754622243774,1,0
0.412132633243343,0.223380289561212,1,0
0.719783777851199,0.545908701560213,1,0
0.160252049954784,0.16647549288346,1,1
0.182390133213109,0.107745009959524,1,0
0.930377454494897,0.792124261716291,1,1
0.664295068006728,0.444596847119027,1,1
0.0915566985336473,0.140721369916823,1,1
0.347971771905469,0.240189651235875,1,0
0.0590235374919943,0.0584830853002553,1,0
0.944565349564334,0.761940473646823,1,1
0.241992532586326,0.23575639392724,1,1
0.961620799924155,0.784041521798019,1,1
0.811091138997168,0.62148743418112,1,1
0.509093202568165,0.359902987783128,1,1
0.0394766736827499,0.0261613957117822,1,0
0.0578571486856714,0.0561945063341293,1,0
0.10194407774798,0.099522706690449,1,0
0.528539601029962,0.408425056632574,1,0
0.71308262762658,0.485577491076889,1,1
0.991127538168806,0.88533381637418,1,1
0.234976761602123,0.222284601707792,1,0
0.771147843816933,0.51606729116817,1,0
0.473551642327022,0.356833407114694,1,0
0.415722546918572,0.284401649617444,1,0
0.250694000505561,0.184612902141138,1,0
0.839183880099091,0.621735737325933,1,1
0.519234300500123,0.382855070228386,1,0
0.113939537400148,0.124321740038953,1,0
0.496133631884864,0.34093083107867,1,1
0.488626675955727,0.262077764401018,1,0
0.869047856552655,0.577815900087366,1,1
0.0134819103098857,0.00305128429443041,1,0
0.53288978335712,0.376630346144339,1,1
0.889609910426348,0.617513329977828,1,1
0.526375708387158,0.405087638522713,1,1
0.116000426518339,0.12885976897993,1,0
0.36188804681505,0.304267804541715,1,0
0.320214559524768,0.227382220333035,1,0
0.395054182606706,0.261097311501361,1,0
0.0726668172175606,0.0886445589893247,1,0
0.937307833887257,0.709635184177159,1,1
0.784854000181627,0.57877322693493,1,0
0.913933054452351,0.711603553648085,1,0
0.812537205608173,0.561901946892752,1,1
0.737327915115655,0.618138908067986,1,0
0.10987567475316,0.115611566691246,1,0
0.572586492353241,0.426482766600606,1,0
0.0044560095880195,0.000333328186643319,1,0
0.87297767694603,0.616784098564084,1,0
0.40417755692153,0.21484004297816,1,0
0.750779944528527,0.62784220297823,1,1
0.0109094217980771,0.00199794382557955,1,0
0.92261096445487,0.709817096152637,1,1
0.487110628240393,0.260454005260616,1,0
0.249893186809285,0.183435335783075,1,1
0.440192096625992,0.274348268016753,1,0
0.340630090567213,0.316767514330559,1,1
0.939191015480022,0.789288378493203,1,1
0.301487685894623,0.264342768875655,1,0
0.0454434843907462,0.0346675422613161,1,0
0.491622293640147,0.334758858681157,1,1
0.991329096960975,0.885693941489412,1,1
0.475255293139407,0.359405515396182,1,1
0.637761123871654,0.418140627923172,1,0
0.674415261228917,0.475756976719915,1,1
0.777681395079592,0.597972530236659,1,1
0.327160744062193,0.23735409470358,1,1
0.891902695600823,0.620700457031339,1,1
0.0386655631801391,0.0250973858083052,1,0
0.0863438645165628,0.125153434340652,1,0
0.597956408894061,0.378821158204553,1,1
0.0274673652491301,0.0126652513080931,1,0
0.589089274661761,0.363903456800447,1,1
0.728464119617273,0.59142226874982,1,1
0.814418280725507,0.564506635640418,1,0
0.883675878289992,0.633604937567451,1,1
0.866492020384761,0.574422229290627,1,1
0.948063122688081,0.767593929815368,1,1
0.125239787616698,0.150204457537855,1,0
0.71755259844709,0.542529541082712,1,1
0.805615113408302,0.535215694094099,1,1
0.487418426047057,0.260783263113415,1,0
0.255025825093761,0.191047997836657,1,0
0.352356079790179,0.246280372223877,1,0
0.380538871995816,0.311536970196451,1,0
0.0810271555343555,0.110215073057724,1,0
0.550580210160724,0.463992942320082,1,0
0.867934222887804,0.576335974797273,1,1
0.59934977551353,0.380588684181796,1,1
0.204329776649378,0.173373667643742,1,0
0.058156138877073,0.056776803238812,1,0
0.64796742203482,0.476572958634303,1,0
0.599535175891659,0.380824180055525,1,1
0.0922625258559575,0.142899426717883,1,0
0.887186694289463,0.638649522989989,1,1
0.542614621972037,0.364963180610017,1,0
0.214770022588097,0.191543377746104,1,1
0.360798139428,0.302437822308591,1,0
0.0156965021800074,0.00413604805303812,1,0
0.333959690475366,0.304482766150406,1,1
0.618626527187662,0.395639797369644,1,0
0.148337949422759,0.142642080374185,1,0
0.650915461981147,0.455198460098115,1,1
0.0188335246223951,0.00595446867345529,1,0
0.158264497235048,0.162371621152209,1,0
0.231819213385846,0.216350750607448,1,1
0.960574314397279,0.7823359812018,1,1
0.0789663972009508,0.10468017847961,1,0
0.145567457388554,0.137363615895822,1,0
0.762986993337645,0.547434107948205,1,0
0.0493926531139556,0.0409547723317028,1,0
0.0378497210564224,0.0240494513347385,1,0
0.78924808235132,0.583492251055661,1,1
0.543186169445006,0.365732432426236,1,1
0.173203984321967,0.194472804928785,1,0
0.243319052024009,0.23834814822274,1,0
0.344756265500049,0.324488232644088,1,0
0.759521287365246,0.57038991096814,1,0
0.153964253278478,0.153667817061771,1,0
0.827662333069773,0.639278442847752,1,1
0.385792823592847,0.320198894712968,1,0
0.748659967625208,0.624301533594425,1,1
0.629194607684455,0.480467352363862,1,1
0.216437237870279,0.194528743614401,1,0
0.987265894377837,0.822181024595533,1,1
0.219431114139357,0.199947616958705,1,0
0.904878582029004,0.705251020714454,1,1
0.629798009198048,0.481389336561161,1,1
0.751449400028926,0.628962370908472,1,1
0.565219348008196,0.428567588750036,1,1
0.625705979857195,0.475154131588482,1,1
0.0758356280186745,0.0965442430213217,1,0
0.583166301396434,0.356622540657958,1,1
0.181714099372154,0.106947770752529,1,0
0.635137294919695,0.414707139801496,1,0
0.943941528619186,0.760934386624328,1,1
0.39689233393637,0.26353268842796,1,1
0.188295328710574,0.114834815411736,1,0
0.482067432280371,0.255088813520707,1,0
0.662145765829365,0.469070979459341,1,0
0.654515915014947,0.460248127864275,1,0
0.301295770514348,0.26400633525963,1,0
0.517345700424333,0.380075033823902,1,1
0.947811107377584,0.767185898520873,1,1
0.592212916052263,0.371578799778319,1,0
0.409101838304937,0.220106923572179,1,1
0.221036667108456,0.202884310315373,1,0
0.215636220003589,0.193091535674799,1,0
0.145164209125756,0.136603625743775,1,0
0.642211669390539,0.468143975695388,1,0
0.404260728523825,0.214928471584864,1,0
0.562261162097943,0.424093343439469,1,1
0.577762383822741,0.43046043415501,1,0
0.478871032594908,0.364895028418179,1,0
0.584093027711041,0.357756879486448,1,0
0.309411362294222,0.27842023391202,1,0
0.0573659702350737,0.0552444294797985,1,0
0.838701349629644,0.621020947176808,1,1
0.0137609463827062,0.00317889667290927,1,0
0.864710615527805,0.638037825192394,1,1
0.0405837252536496,0.0276492671562283,1,0
0.654209570678002,0.459817393001122,1,0
0.940249490257308,0.791068447938568,1,1
0.266455198677293,0.182855731510985,1,0
0.580575817501965,0.434662924988562,1,1
0.789321994084648,0.583601542276012,1,1
0.632857178326708,0.411734921540708,1,1
0.00209139919020573,7.34266437350728e-05,1,0
0.403660720947475,0.214290947327048,1,1
0.0621850728838923,0.0649160523439093,1,0
0.335836633266415,0.307914933154532,1,1
0.714396730064146,0.537767836584996,1,1
0.63640700022282,0.416366882281551,1,1
0.738269005847849,0.619717842023333,1,1
0.294629351426808,0.225490685956694,1,1
0.87385230045441,0.618020611528635,1,1
0.426154660787891,0.316366673574863,1,0
0.717051795942738,0.541772508526743,1,1
0.115299109105865,0.127306353749382,1,0
0.676028109210596,0.478035220531879,1,1
0.884934553297471,0.635411189578418,1,0
0.987698830191482,0.822902268302664,1,1
0.884574763421272,0.634894613435657,1,1
0.994644477928713,0.891628041649895,1,1
0.445524282450656,0.281035058152623,1,1
0.472618287364983,0.355428179114926,1,0
0.733119025504812,0.599004827306868,1,1
0.977974494084001,0.866221689890845,1,1
0.190384881022847,0.117397648614149,1,0
0.666803002810964,0.447960185930433,1,1
0.887777431744444,0.639500301752041,1,1
0.202493835387561,0.170272075057182,1,0
0.85119552021519,0.666125698161403,1,1
0.440001453934116,0.274110684621277,1,1
0.956375131254005,0.777672303325534,1,1
0.00925790762685752,0.00143881677570578,1,0
0.429655962916021,0.321586589451337,1,0
0.148696347917923,0.143332186524316,1,0
0.768190766361373,0.512117010989315,1,1
0.891853146806978,0.620631494116761,1,0
0.0214984770216872,0.00775881142300599,1,0
0.174201409337445,0.0982873923620497,1,0
0.272242255946648,0.190884757900972,1,1
0.472371456159895,0.355057021845574,1,0
0.729377706980834,0.592906637600385,1,1
0.337562919053147,0.311088591230329,1,0
0.112292153291392,0.120752740517752,1,0
0.537047220696293,0.382529971611602,1,0
0.707934286378819,0.478591220410063,1,1
0.33772600733555,0.31138925908835,1,1
0.707954162013744,0.478618094197898,1,0
0.188183763440225,0.114698776117771,1,0
0.0434802816771289,0.0317369000571191,1,0
0.646225724457328,0.474014402810453,1,0
0.858181355708027,0.688558503892309,1,1
0.108265234814961,0.112247382015394,1,0
0.754524660446071,0.634120884382595,1,1
0.61310452840782,0.461457064317963,1,1
0.98960734911784,0.826085509709217,1,1
0.898149870490615,0.702894857481779,1,1
0.887006988616733,0.638390823621991,1,0
0.79627995839298,0.652956624901791,1,1
0.530915189860702,0.373844351738577,1,0
0.807624946580446,0.616186939676243,1,0
0.666097637911118,0.447012954840989,1,1
0.725855326395962,0.576354358419044,1,0
0.95255034115485,0.77312902317388,1,1
0.698550736709076,0.479972702530045,1,1
0.0342364786577559,0.019676959221204,1,0
0.859505944847455,0.690685702258485,1,1
0.680629408517741,0.502594481765189,1,1
0.568411690724413,0.420286357447515,1,0
0.711202687942067,0.483020555729338,1,1
0.497884256157884,0.343341047754517,1,0
0.278240381326813,0.199388681442827,1,1
0.0271948755550777,0.0124152068008839,1,0
0.0084190159535884,0.00118987810021928,1,0
0.342593783147297,0.320430296987811,1,0
0.291841757748135,0.221243975202214,1,0
0.551578931236249,0.465677782465003,1,1
0.342724137187202,0.320674185419092,1,0
0.801483949852427,0.529740636815588,1,1
0.345048721196194,0.325038990918821,1,0
0.0011921322625027,2.38577063700928e-05,1,0
0.503770517641156,0.352416594643768,1,0
0.0901994833429728,0.136580250930319,1,0
0.655914149409604,0.46028344142473,1,0
0.949061576802947,0.767476144950706,1,1
0.849107467346032,0.662861584008873,1,1
0.0667817676038163,0.0748678956348938,1,0
0.224989880934413,0.203791244927352,1,0
0.682245646363427,0.5049842600489,1,1
0.184323512800093,0.110041363144948,1,0
0.180521376322375,0.105548424858969,1,0
0.70564467811376,0.439421074553336,1,1
0.104999597748196,0.105578003914104,1,1
0.0358670980777753,0.021595948698274,1,0
0.776328772755363,0.595894230309839,1,1
0.496781518875803,0.341821836483645,1,0
0.087170939168101,0.127562568858805,1,0
0.877016592730548,0.622504523828756,1,1
0.99441500435827,0.891216675633929,1,1
0.569216902651018,0.421477956057129,1,1
0.0609416591027129,0.0623459652808171,1,0
0.475619201695665,0.359956128164145,1,0
0.0365462072534359,0.0224214880429107,1,0
0.433099979024154,0.326762769518371,1,1
0.276494638314728,0.196894511293974,1,0
0.787486322142919,0.58089021468403,1,0
0.391352989766498,0.256227880115237,1,1
0.364083231481282,0.307970329741737,1,0
0.205418050400873,0.175225384711252,1,0
0.229659358887344,0.212338060823707,1,0
0.586909001907409,0.361214762277413,1,1
0.494361321580154,0.338499405557099,1,0
0.167174670837875,0.181169078527221,1,0
0.831479662411899,0.585846632760374,1,1
0.199438435856003,0.128828575139861,1,0
0.777098068936291,0.597075807767558,1,1
0.516665571596355,0.37907635897841,1,1
0.202238091975562,0.16984224999349,1,0
0.90463956612611,0.704878497924829,1,1
0.457306864249763,0.339672556732061,1,0
0.61127532145905,0.458707643179862,1,1
0.0910693148360741,0.139227153706463,1,0
0.0834495216095724,0.116903498736487,1,0
0.555048882149404,0.471555315688854,1,0
0.00741606300510145,0.000923265543828307,1,0
0.243621439632082,0.238940936259192,1,0
0.174226101193819,0.0983152574658153,1,0
0.94269547266395,0.79518960156829,1,1
0.728531439141637,0.591531583963666,1,1
0.432100525237439,0.325256385412937,1,1
0.41008995405281,0.221171469136961,1,0
0.93657812119746,0.708530684225414,1,1
0.471133856145112,0.353198980096574,1,1
0.461934330684457,0.31207793490991,1,0
0.580722531461492,0.43488263505735,1,0
0.155063002508204,0.155868910559299,1,0
0.649575967633694,0.453326916330156,1,0
0.411025447245594,0.222181688460404,1,1
0.911637134190195,0.708032760649912,1,1
0.912657586293067,0.709618737941838,1,1
0.317325303318307,0.223297448964216,1,0
0.477067890197359,0.362152248363548,1,0
0.100498522393147,0.096720276456171,1,0
0.602772428398094,0.484689245210886,1,1
0.200143412900067,0.166342191350393,1,1
0.234842305768759,0.222030287960127,1,0
0.456240649061691,0.338090503748241,1,1
0.466196834293792,0.317863911858408,1,1
0.228144142692025,0.209545431690526,1,1
0.123108208693559,0.145135014424281,1,1
0.586942766590537,0.361256324607432,1,1
0.312500401276966,0.284007256648899,1,0
0.021674296300586,0.00788623689431338,1,0
0.103215137647055,0.102019917597026,1,0
0.817312219072053,0.568525577563034,1,1
0.0290812591769755,0.0141973150653662,1,1
0.750664228527317,0.627648682118082,1,1
0.304365724467916,0.26941375527009,1,1
0.405067814367173,0.215787515623611,1,0
0.520899290110762,0.396702414694458,1,1
0.687201718223914,0.536265238691239,1,0
0.309545200644828,0.278661151788309,1,0
0.627512294752699,0.477901482165568,1,1
0.809905485938986,0.619671781501976,1,0
0.409099651659731,0.220104570639887,1,1
0.97233231577178,0.798259001849293,1,1
0.647270884102253,0.47554891725435,1,1
0.788469332303375,0.58234135705071,1,0
0.0061130683963535,0.000627333263884291,1,0
0.216908124590538,0.19537610840052,1,0
0.575773450746222,0.427501836054313,1,0
0.953400352665021,0.774509447395958,1,1
0.060444921807164,0.0613337398277006,1,0
0.967097399971881,0.7953120073941,1,1
0.482195566171466,0.255224437145042,1,1
0.289367790779428,0.217508866670652,1,0
0.453379853267398,0.333863894306397,1,0
0.702769210610469,0.435847132524542,1,0
0.210357925826267,0.183754327572709,1,0
0.136655086232802,0.178833871025145,1,1
0.268192927954388,0.185248553269719,1,0
0.816698580130206,0.56767219874425,1,1
0.887376258078883,0.638922470630737,1,1
0.106325027988402,0.108260290388965,1,0
0.415378365495319,0.283930925838341,1,1
0.69614978570792,0.476678996089302,1,1
0.439953247899932,0.274050625432511,1,0
0.929062651476007,0.789886994563657,1,1
0.894819831405778,0.697692322316577,1,1
0.65347796215268,0.458789532093087,1,1
0.955953882821751,0.776987381517279,1,1
0.232226833315412,0.21711226135549,1,0
0.776529628426624,0.596202615682288,1,1
0.704855784842092,0.438439100017722,1,1
0.486419169082735,0.259715095147024,1,0
0.351778593329503,0.245473761857304,1,0
0.15594574752169,0.157648627779625,1,0
0.632312263303681,0.485240574651979,1,1
0.690786284302354,0.541874338914848,1,1
0.154368976001995,0.1544767658751,1,0
0.141962021728542,0.130643399632219,1,1
0.70460983638367,0.438133180396481,1,1
0.76014889014138,0.571332942318878,1,1
0.647816812251668,0.476351440681847,1,1
0.181625117031376,0.106843055345311,1,1
0.116114430042792,0.129113176438051,1,0
0.509355024069443,0.360273271931324,1,0
0.457310106214912,0.339677372800135,1,0
0.950949364885846,0.770532370804505,1,1
0.422844546768192,0.29422964013609,1,0
0.485358472396221,0.258583648853237,1,1
0.112355547158475,0.12088911948539,1,0
0.959863991378088,0.781179369412584,1,1
0.290887942671786,0.219800172252628,1,0
0.590030154219268,0.365066821221571,1,0
0.868891056970778,0.577607411872594,1,1
0.108992758948519,0.113761017656731,1,0
0.827365921632796,0.638820634141731,1,1
0.338826127766519,0.31342122358702,1,0
0.623794942387315,0.402278286300719,1,0
0.982988821432104,0.832825035994198,1,1
0.629794875876254,0.481384546631929,1,0
0.917164322638154,0.794030307406417,1,1
0.258823928254697,0.196780933617695,1,0
0.133371636498997,0.170343331386887,1,0
0.451438096302858,0.331010241725475,1,0
0.562948395215947,0.425130687385028,1,0
0.0198505704874152,0.00661493820422374,1,0
0.991420480657461,0.885857240876326,1,1
0.356415731198268,0.251988076219901,1,0
0.0478670471262519,0.0384638790706652,1,0
0.173923121013527,0.0979736132018633,1,0
0.893685837476883,0.623184816296476,1,1
0.392909778127413,0.258270465618616,1,1
0.730867360814028,0.595330971578593,1,1
0.160843814823207,0.167707255482305,1,1
0.613445389287799,0.461970309214546,1,0
0.763389497387274,0.548011844049157,1,0
0.706724671277236,0.44076717674474,1,1
0.816802333433378,0.567816441940849,1,1
0.223496407421491,0.207424909367963,1,1
0.166806831897803,0.180372693220235,1,0
0.88001979615213,0.62739163422486,1,1
0.360351742332199,0.257584374699796,1,0
0.542883837756216,0.365325420103705,1,1
0.817613897641404,0.568945352606934,1,1
0.164178668822046,0.1747336632782,1,0
0.444702196138236,0.279998877053286,1,0
0.379330033852886,0.309560827201092,1,0
0.15871961650757,0.163306824054044,1,0
0.741910507546874,0.548367853418907,1,1
0.995152609053494,0.923082763603666,1,1
0.0319356680800551,0.0171211060792217,1,0
0.0326376661999039,0.0178820785877459,1,0
0.197987145692599,0.126960456066106,1,0
0.76378348423688,0.548577650040399,1,1
0.997718851821787,0.927849688351539,1,1
0.578545507853678,0.43162815425027,1,0
0.218794725025735,0.198789531684917,1,1
0.849551598668474,0.66355519370267,1,1
0.445871762525357,0.281473607380027,1,0
0.0856720511933252,0.123213455243496,1,0
0.738699766417086,0.620441231160464,1,1
0.0825992705818791,0.114533420442333,1,0
0.0953426604541153,0.15259993166904,1,0
0.929525549517905,0.790674300415239,1,1
0.81492643143011,0.565211295498571,1,1
0.983644414589334,0.833936292714964,1,1
0.202792980469689,0.170775534116208,1,0
0.715053849758953,0.538757595761072,1,0
0.440939843658617,0.275281121384577,1,1
0.763643635594574,0.548376779459591,1,1
0.289518852958868,0.217736023534395,1,0
0.375921587577812,0.304022741677787,1,0
0.751532723095756,0.629101861283188,1,1
0.679551580664468,0.501003949810353,1,0
0.146930150278025,0.139947442883152,1,0
0.0213282182933889,0.00763640512730771,1,0
0.206671448401152,0.177370251680261,1,0
0.475417802594338,0.359651348661374,1,0
0.901464812209586,0.699939759568362,1,1
0.0182786014987975,0.00560874552132422,1,1
0.0708848377065584,0.0843502754501273,1,0
0.527806127248015,0.407292270332907,1,0
0.0127211430943954,0.00271663994420993,1,0
0.998563628843934,0.929421589957686,1,1
0.489620126587009,0.263144533817991,1,0
0.823709867148646,0.524401645432675,1,1
0.966964562490634,0.7950935392477,1,1
0.241403287690192,0.23460967159342,1,1
0.220110421712807,0.201187515627905,1,1
0.96996938497267,0.794383909307756,1,1
0.340505759735251,0.316536314668153,1,0
0.206974880121116,0.177891458355017,1,1
0.172410658546412,0.192695398195482,1,0
0.307215456171889,0.274482335965434,1,0
0.426314185082074,0.316603571682205,1,0
0.115194725604632,0.127075950102226,1,0
0.375257167452766,0.302949005430843,1,0
0.782518935470362,0.575334466312137,1,1
0.385957338994245,0.320472040703534,1,1
0.301000993320893,0.26348999892499,1,0
0.715272527689948,0.539087172089907,1,1
0.902434851761023,0.701446938884829,1,1
0.794974050431964,0.650816668907869,1,0
0.628650913483398,0.479637356539532,1,1
0.163860814381982,0.174057739813385,1,0
0.748948699239763,0.624783168399694,1,0
0.59238565219192,0.37179559494248,1,1
0.283590295661523,0.208910043289965,1,1
0.481082569646538,0.254047586524634,1,1
0.776810512777135,0.596634007520212,1,0
0.226805563915466,0.207093734243671,1,0
0.0753641699360946,0.095347573850051,1,0
0.673145006792159,0.473966497416838,1,1
0.411317687303812,0.222497744183162,1,0
0.432749025867497,0.326233413861908,1,0
0.887495878041595,0.639094738105164,1,1
0.0538443856824894,0.0486699230073853,1,0
0.270644303224245,0.188650500541511,1,0
0.170278713907666,0.187959311092321,1,0
0.102728876784053,0.101060921881486,1,0
0.600189314209483,0.480543982628448,1,0
0.298712317526187,0.231783678413214,1,0
0.619307085877965,0.396510772655938,1,0
0.93865152404174,0.788381870621892,1,1
0.742718531646013,0.549562972577135,1,1
0.903722778906623,0.703450534409248,1,1
0.0470854178232568,0.0372179684659457,1,0
0.8523240919479,0.667893256822856,1,1
0.100844789062341,0.0973879221815441,1,0
0.155542399490398,0.156834177477748,1,0
0.737133693356736,0.617813299308678,1,1
0.0833067803235235,0.116503911445275,1,1
0.515111987564839,0.376800064309776,1,0
0.107480397694822,0.110625871667515,1,0
0.486125930526228,0.259402050233032,1,0
0.311665117062178,0.282491036285983,1,1
0.257685661887358,0.195053917218836,1,0
0.745528244786658,0.55372884414555,1,1
0.717621747244902,0.54263411062438,1,1
0.784148627460143,0.577733371389213,1,0
0.499662632919332,0.345798165873601,1,1
0.924643754858294,0.712948424565845,1,1
0.867523103063443,0.575790110787502,1,1
0.708587637597079,0.479475009915892,1,1
0.67210471020382,0.47250266799914,1,0
0.437345213733274,0.270811122438962,1,0
0.271823784079268,0.190298379361752,1,0
0.457363993865409,0.339757430046887,1,0
0.873173077445865,0.617060241728912,1,1
0.654643337850093,0.460427349877571,1,1
0.342598078029891,0.320438331104011,1,0
0.590323077095278,0.365429389022402,1,1
0.59184228999487,0.371113853175419,1,0
0.00500554173920176,0.000420612311651893,1,0
0.26461766568103,0.180342401949602,1,0
0.822715809175339,0.523136707103467,1,1
0.439177702834042,0.273085289770449,1,1
0.0566213136200681,0.0538195036356024,1,0
0.497001838536005,0.342125095633943,1,0
0.625593045190586,0.474982624419131,1,1
0.460643326973202,0.310335995650569,1,1
0.421394300575927,0.292214839781993,1,1
0.572428202233285,0.426246998981303,1,1
0.572090480601774,0.425744192282892,1,1
0.616773803291933,0.393273543653874,1,0
0.665682249232815,0.446455600446673,1,0
0.734470322834728,0.601215053958753,1,1
0.343267464867603,0.321691734220268,1,0
0.440129928979105,0.27427078192823,1,0
0.525260037101373,0.403372264187316,1,0
0.24937682402046,0.182678041660499,1,1
0.306183515306097,0.272641453195858,1,0
0.0284020558417237,0.0135418924511437,1,0
0.534619609212146,0.37907949177824,1,0
0.977294577824385,0.865017663641639,1,1
0.143795985856888,0.134040687653468,1,0
0.723587923466747,0.572759188966732,1,1
0.230651821619742,0.214177245254784,1,0
0.946283220486591,0.764714459882915,1,1
0.184809498423905,0.110622396136121,1,0
0.467317663996167,0.319394165008809,1,0
0.362180032481909,0.304758993345318,1,0
0.895161749143391,0.698225611697499,1,1
0.0233761244479815,0.00917328375681886,1,0
0.34673577457689,0.238486372161449,1,0
0.979325632936046,0.868616832649478,1,1
0.0263962741323867,0.011696746195346,1,0
0.864067710647282,0.637089426652556,1,1
0.775021507417523,0.593889059241231,1,1
0.986144121822865,0.82031369354319,1,1
0.564369885474167,0.427280376816908,1,1
0.871437009539539,0.580997285712986,1,1
0.0262212211258606,0.0115421212528397,1,0
0.397598214036266,0.264470917195132,1,0
0.253168993316501,0.188276101652767,1,0
0.14734357954071,0.14073611380473,1,0
0.00573020585513118,0.000551214019193189,1,0
0.0692627315072386,0.0805339565335698,1,1
0.0666489100479196,0.0745703032890814,1,0
0.752642002902597,0.630960369878031,1,1
0.833803829751573,0.589126348823575,1,0
0.264509355537553,0.205521018165793,1,0
0.723646847821591,0.572852476427084,1,1
0.214427215199956,0.190932397867966,1,1
0.62740522568329,0.477738412526642,1,1
0.771400635128148,0.516405692451341,1,1
0.771848666701739,0.517005726294913,1,1
0.751787177236024,0.629527936337238,1,1
0.668924376172486,0.450815009419554,1,1
0.547193919412978,0.371149254857238,1,1
0.649596274674512,0.453355260581013,1,1
0.713454688334414,0.486084336791775,1,1
0.317400263027105,0.223402957655558,1,0
0.670705341282967,0.453218732906959,1,1
0.698316678867923,0.479651115140616,1,1
0.305687411673761,0.271758656898126,1,1
0.824016010542338,0.524791520410899,1,1
0.0689381667966974,0.0797809617454912,1,0
0.0844352121611874,0.119681494674352,1,0
0.334206335577999,0.30493268221757,1,1
0.955247540357191,0.77583959304336,1,1
0.379938030811278,0.310553961724475,1,1
0.170950705161412,0.189445771031391,1,0
0.517379231104016,0.380124302957472,1,1
0.825480414662783,0.635912300013286,1,1
0.400249303376786,0.210684221184098,1,0
0.395917351160964,0.262239520390897,1,0
0.323108700101058,0.231511014474335,1,0
0.906298052232696,0.675910230703642,1,1
0.278501629621653,0.199763281328032,1,0
0.86047308524324,0.631799715514018,1,1
0.735137556343635,0.614471788221411,1,1
0.56739137844737,0.41877886397609,1,1
0.697849367531164,0.479009367888864,1,1
0.113263351026657,0.122850517264535,1,0
0.494529318441822,0.338729506488317,1,1
0.697734495349914,0.478851682506602,1,1
0.319322114156529,0.226116547531385,1,0
0.133602060945858,0.170932439774483,1,0
0.114376438242465,0.125276990726863,1,0
0.133852598078405,0.171574122645458,1,0
0.558306106442612,0.418148015485258,1,1
0.0434901335919963,0.0317512838029597,1,0
0.171965047889914,0.191700608685193,1,0
0.658204980928721,0.463504207920247,1,1
0.202382767825104,0.170085338332339,1,1
0.48702283326072,0.260360127229296,1,0
0.86508109986068,0.638584675555497,1,1
0.0328534639826217,0.0181193302531186,1,0
0.933222545077693,0.703462725706054,1,1
0.267460666980345,0.184238346918591,1,0
0.124448278553897,0.148311887963498,1,0
0.340698031786815,0.316893890233152,1,1
0.765585173459706,0.551168782709317,1,0
0.0905529793093965,0.137652877355625,1,0
0.310120106682338,0.279697205640863,1,0
0.890913369584157,0.619324220501983,1,1
0.89414532330767,0.623825798155282,1,1
0.270736942041235,0.188779668973858,1,1
0.335384447414502,0.307086309791046,1,0
0.0777594115712577,0.101504603104867,1,1
0.169704335861198,0.186693414533069,1,0
0.280080075695272,0.202034069578314,1,1
0.314395952032363,0.287463142898581,1,1
0.789678752600368,0.584129215073331,1,0
0.982822691892752,0.832543557415582,1,1
0.394681452297125,0.260604857674749,1,0
0.787790654604906,0.581339283840374,1,0
0.204297017776352,0.173318080339957,1,0
0.848267640321954,0.630925567939473,1,1
0.705182071307382,0.438845111739937,1,0
0.919121844849039,0.797423354094782,1,1
0.169110444099268,0.185389008586378,1,1
0.929848296280341,0.791223466327724,1,1
0.150823089859199,0.147461548264308,1,0
0.135592808494102,0.17606437474126,1,0
0.995470444475803,0.923672492754849,1,1
0.842856955432208,0.622902505436222,1,1
0.680343788680694,0.502172752018365,1,0
0.843495943541882,0.623847335204664,1,1
0.0416806932267231,0.0291641735083795,1,0
0.404026496933257,0.214679481516592,1,0
0.581456491520467,0.43598260336547,1,1
0.670008557661407,0.452277540602105,1,0
0.621953705286127,0.399907005228934,1,0
0.871498630282172,0.581079455163244,1,1
0.552467968521993,0.467180155147263,1,1
0.834455224998965,0.590047198526502,1,1
0.384324998616945,0.317767009980757,1,0
0.890470879254343,0.618709173219214,1,1
0.171192546661533,0.189982162582696,1,0
0.309034865089453,0.277743072847679,1,0
0.148954136312789,0.14382959488137,1,0
0.712059547247898,0.484185146323513,1,0
0.927528021020153,0.787279670955906,1,1
0.264703282299348,0.180459119814206,1,0
0.501208086648129,0.348840575379526,1,1
0.360351528124724,0.257584068462996,1,0
0.229483742216041,0.212013442257721,1,0
0.728892586432379,0.592118196888652,1,1
0.237878708482497,0.227808903887545,1,0
0.561727110917372,0.423288094903981,1,1
0.182887828177811,0.108333828127705,1,0
0.331597801351194,0.243835895083364,1,0
0.200304105932807,0.166609407357588,1,1
0.3400012639166,0.31559904448825,1,0
0.290033586241282,0.218510934089928,1,0
0.860052503427474,0.691564393615635,1,1
0.124091472850621,0.147462656993997,1,0
0.743513135778963,0.550739511431119,1,1
0.399154350554879,0.266545163075439,1,0
0.983463551244001,0.833629648079994,1,1
0.95177573812418,0.771872135086708,1,1
0.245251003671848,0.176683402760306,1,0
0.545483302789716,0.368832336953644,1,0
0.430752889173979,0.323230728505239,1,0
0.132764648548675,0.168796359802825,1,1
0.902848274334707,0.702089778473957,1,1
0.24887058422016,0.181937114521703,1,1
0.834988688491298,0.590801868746847,1,1
0.0708907283576897,0.0843642953366726,1,1
0.353018788197761,0.247207647594592,1,1
0.873101766375896,0.616959456603118,1,1
0.351246170849564,0.24473126730829,1,0
0.989064329489609,0.825179175346067,1,1
0.315829655817305,0.290090891149543,1,0
0.306787182012756,0.273717584379378,1,1
0.875812391880875,0.620796219005602,1,1
0.579594151901382,0.433194269590383,1,1
0.295948887547917,0.227514987992615,1,1
0.185974220842816,0.112021138008517,1,0
0.822583062783262,0.522967902986248,1,1
0.856833415191807,0.68639717286326,1,1
0.728582468769397,0.591614453945893,1,1
0.321000657318433,0.228499996257905,1,1
0.631848016228659,0.484528303729046,1,0
0.572932683647936,0.426998633659243,1,0
0.480920544968893,0.253876493039229,1,0
0.0264808062710227,0.0117717821013506,1,0
0.520964037016983,0.396801039710258,1,0
0.230015999261968,0.212998056789672,1,0
0.465778068372487,0.317293119522783,1,0
0.0442002073294311,0.0327965695176844,1,0
0.433661018564481,0.327609897590727,1,1
0.964857984702376,0.791633015457477,1,1
0.665324486234462,0.445975844908045,1,1
0.804289413548315,0.533455668587647,1,1
0.290487178184059,0.219194939722881,1,0
0.166004072267898,0.178640779738311,1,1
0.313480981353367,0.285792398616265,1,0
0.0722749122141716,0.0876909857527271,1,0
0.978698005003047,0.867503835142102,1,1
0.201812530939033,0.169128218356549,1,0
0.527314339700233,0.406533628322614,1,0
0.60649085115987,0.490687656709729,1,1
0.311002849872148,0.281291763325309,1,0
0.108456065245399,0.112643429631404,1,0
0.419748479348384,0.289936715918194,1,1
0.924395796724497,0.712566098601854,1,1
0.60154154432722,0.482711758825932,1,1
0.419835617130212,0.290057107371303,1,0
0.157534885073676,0.160877979340376,1,1
0.783506922414437,0.576788186479198,1,0
0.0762797595034799,0.0976783774026363,1,0
0.984957551289572,0.818340808563831,1,1
0.232089229915695,0.216855042724082,1,0
0.141482755489024,0.129762779888116,1,0
0.30973297469119,0.278999333110658,1,0
0.941415723978248,0.793032060494777,1,1
0.820882615799454,0.520807975137721,1,1
0.677160886991857,0.47963858984233,1,1
0.878899451933933,0.62579519930588,1,0
0.841185275646161,0.624704867208182,1,1
0.620937376161714,0.398601103984742,1,1
0.380187938672377,0.310962635741564,1,0
0.658232035198484,0.463542311629434,1,1
0.759985118712883,0.57108678545705,1,0
0.618737102522596,0.395781245920637,1,1
0.0113313730321492,0.00215548438075194,1,0
0.0348148156841744,0.0203473570943064,1,0
0.114428694196392,0.125391489206119,1,0
0.749399147361461,0.625534934274688,1,1
0.73087364439021,0.595341208247501,1,0
0.85698945854096,0.686647203884074,1,1
0.943249156839201,0.796123971595488,1,1
0.381794584993955,0.313596399599576,1,1
0.617000019202023,0.393562080706009,1,1
0.327647558385084,0.23806098476964,1,0
0.400072364648039,0.210497987463573,1,0
0.458010515165592,0.340718658618982,1,0
0.767010580252282,0.553223083463036,1,1
0.59603646358276,0.376392391671021,1,0
0.876486402900732,0.621752096091937,1,1
0.385301294550207,0.31938349958332,1,1
0.0972115393388397,0.158641002935003,1,0
0.181222040603298,0.106369352916715,1,0
0.88383552835044,0.633833899807344,1,1
0.0720428684629608,0.0871288133453311,1,1
0.844648654755263,0.625553584515447,1,1
0.921737922118356,0.801969193068809,1,1
0.562525118395164,0.424491622360538,1,1
0.910001030080231,0.681444820069088,1,1
0.692590770073326,0.544709026507155,1,1
0.778783978738081,0.599669323105661,1,1
0.69457841162061,0.474529471211911,1,1
0.391271248387454,0.256120855339646,1,0
0.633416360269081,0.412462847072169,1,1
0.930391990773145,0.792149014312288,1,1
0.519439828951201,0.383158221167949,1,1
0.177145242712574,0.10163738250238,1,1
0.306720364017383,0.273598366435045,1,0
0.815078928265877,0.565422850788477,1,0
0.548134907536115,0.459880612922136,1,1
0.454171495324585,0.335030825058243,1,0
0.53752818756559,0.383215448127436,1,1
0.36958143474543,0.317342192468199,1,0
0.210452381516387,0.183919384710699,1,0
0.00325127475206732,0.000177454554145128,1,0
0.0446994031132797,0.0335415597402492,1,0
0.20080076053324,0.167436648660227,1,0
0.0306814586016313,0.0158027187508297,1,0
0.47100359616707,0.353003700854187,1,1
0.949501261984734,0.768187428736053,1,1
0.644404369380099,0.471346196163327,1,0
0.0289465589473953,0.0140660997938258,1,0
0.776047137294514,0.595461953392094,1,1
0.50273463690354,0.350968767828294,1,1
0.796976935927562,0.654100180669628,1,0
0.506230621239937,0.355866968187261,1,1
0.624379326217264,0.403032364366601,1,0
0.262195742842216,0.201941435890358,1,0
0.447374146177057,0.325077405384335,1,0
0.0126458537244065,0.00268457854114896,1,0
0.381654021521038,0.313365531555047,1,1
0.62914081622584,0.480385203106365,1,0
0.933698259017559,0.704180094398854,1,1
0.170858017022174,0.189240394683766,1,0
0.262509351947737,0.20242480413204,1,0
0.674819461391903,0.476327422511676,1,1
0.471760553508148,0.35413924827959,1,0
0.676877108412588,0.47923666870343,1,1
0.792997679419746,0.589049585889517,1,1
0.631852477569339,0.484535146050009,1,1
0.713566840302443,0.486237169482275,1,1
0.947081790674058,0.766005692428495,1,1
0.585941866636724,0.360025290983926,1,1
0.440312029741865,0.274497784217727,1,0
0.209411925787078,0.182105321654817,1,0
0.898428961647807,0.703331760552893,1,1
0.713931002809591,0.48673358977422,1,0
0.580010407178002,0.433816719458745,1,1
0.893276773043987,0.622614449417588,1,1
0.420225405924198,0.290595953958778,1,1
0.915704274641161,0.714364429668148,1,1
0.501157695639115,0.348770434671955,1,1
0.0143186558704901,0.00344178953280544,1,0
0.945484722017379,0.763424432368021,1,1
0.67281996998162,0.473508886165285,1,1
0.370414067206974,0.318773687819925,1,1
0.0833084447983643,0.116508567003105,1,0
0.122417971831909,0.143512105557925,1,0
0.847868405050884,0.630331820275483,1,0
0.727655193223418,0.579216215868549,1,1
0.511677840415832,0.371792712418427,1,1
0.823175795417751,0.523721849520917,1,1
0.667232007511133,0.44853678455232,1,1
0.887901032818613,0.63967838338329,1,1
0.623981707118947,0.402519207277397,1,0
0.337994228325208,0.31188406434199,1,1
0.185948588020412,0.111990260395058,1,0
0.961306188924786,0.783528580031665,1,1
0.334712078475382,0.305856268683877,1,1
0.466982749128295,0.318936525456516,1,0
0.828555924769328,0.640659591334593,1,1
0.925054003465695,0.713581210938603,1,1
0.817858749878657,0.569286169714367,1,1
0.482738289253107,0.255799283346324,1,0
0.314130095085162,0.286977183963306,1,1
0.641583308082245,0.467228328517569,1,1
0.854546097531607,0.682737388410093,1,1
0.581469617030391,0.436002286896944,1,1
0.687639684044296,0.536948999168129,1,1
0.875984048867174,0.621039591792251,1,1
0.866184784282398,0.574014950390315,1,1
0.116371553380072,0.129685624971323,1,0
0.572642275390107,0.42656586902471,1,1
0.338202298442255,0.31226817580138,1,0
0.787576089718799,0.581022656548821,1,0
0.491822832332164,0.335032018773891,1,1
0.808832326059262,0.618030685535693,1,1
0.577226821798124,0.42966276570746,1,1
0.230351862608306,0.213620539308108,1,1
0.677158243966826,0.479634845697183,1,1
0.523634071398863,0.40087881605051,1,1
0.784836367466483,0.578747221515314,1,1
0.551260399282623,0.465140088166545,1,0
0.290625968647598,0.219404445940056,1,0
0.839524768641671,0.622240955887576,1,1
0.325555600297779,0.235030754660336,1,0
0.344461009650852,0.323932674803525,1,0
0.896371825141408,0.700114604664417,1,1
0.656061419110323,0.460490155716712,1,0
0.936554407097483,0.708494804773637,1,1
0.61747726944726,0.394171157646432,1,1
0.751850393304994,0.629633811925,1,1
0.251472605225248,0.18576142337432,1,1
0.229269725027042,0.211618177980605,1,0
0.741375316832456,0.624943812983797,1,1
0.948574078402381,0.768421537565443,1,1
0.419312500416072,0.289334733259397,1,0
0.361200663316632,0.303113027325748,1,0
0.367879407994965,0.314426022248522,1,0
0.738312077717923,0.61979015491959,1,1
0.678230742489111,0.481155361863297,1,1
0.528170757472965,0.407855213289675,1,1
0.359158936839822,0.255881929517774,1,0
0.173757003906968,0.0977865498518945,1,0
0.441074159892446,0.275448855625429,1,1
0.809292594842348,0.618734270590109,1,1
0.907936953023318,0.678357000629787,1,1
0.158518921997834,0.162894095463592,1,0
0.355304211283853,0.250418824384189,1,0
0.89203495720117,0.620884559900792,1,0
0.186982485170059,0.113239081971282,1,0
0.343655099780147,0.322418685464976,1,0
0.193385055485157,0.121126816579468,1,1
0.667859181764519,0.449380397960595,1,1
0.969636835444113,0.793839300965367,1,1
0.330407959001729,0.242089166026677,1,0
0.0401941289452439,0.0271209594424907,1,0
0.534684357946996,0.379171319325965,1,0
0.963430867943585,0.786995917422204,1,1
0.802889610326744,0.531600408191228,1,1
0.904604368696046,0.704823648612648,1,1
0.45972649384944,0.309101881737467,1,1
0.260000381224099,0.198573887236009,1,1
0.266155022308125,0.182443969592852,1,0
0.474577752810317,0.358381484079405,1,1
0.215520237530583,0.192883878435639,1,0
0.832413414243743,0.587163183366906,1,1
0.164860968653486,0.176189010442054,1,0
0.361450313931548,0.303532176638207,1,0
0.895967761216928,0.69948355561445,1,1
0.779565533003783,0.600873531977254,1,0
0.845522488927791,0.626848591273211,1,1
0.935978813811146,0.707624210317292,1,1
0.875434429712899,0.620260517850049,1,1
0.716191435989772,0.540473188912215,1,0
0.459921418057483,0.309364055937236,1,0
0.0118281565027458,0.00234862635949396,1,0
0.931029527439321,0.793235001888817,1,1
0.0847642642467543,0.12061613274876,1,0
0.934557669723712,0.705476998235659,1,1
0.845606042745288,0.626972486690152,1,1
0.961635423774678,0.78406536860583,1,1
0.273042873661736,0.192009127336413,1,0
0.48529128444154,0.258512062572369,1,1
0.0267027766410853,0.0119699587155675,1,0
0.281719531145547,0.204406214579633,1,0
0.0125404124985852,0.00263999710628369,1,0
0.817105135872382,0.568237518292657,1,0
0.685331488336193,0.509562745185417,1,1
0.845399565689365,0.626666340277588,1,0
0.0374421409332186,0.0235342928701067,1,0
0.21161063279872,0.185949402772533,1,1
0.0194029165442392,0.00631995284363494,1,0
0.173335929262084,0.097313181360161,1,0
0.590010810415506,0.365042884596837,1,0
0.00734432684758868,0.000905490292705392,1,0
0.673926700596703,0.475067929624252,1,1
0.830990249138267,0.58515717095254,1,0
0.335458818226873,0.307222516408089,1,1
0.570468785502198,0.423333913760563,1,1
0.701167887762572,0.433863161654462,1,0
0.893637155424912,0.623116924229626,1,1
0.102428231276435,0.100470259293953,1,0
0.896180882546821,0.699816363561507,1,1
0.169759909440442,0.186815708639656,1,0
0.908360606192937,0.678990205703518,1,1
0.41868376177546,0.288467697148326,1,0
0.544145888872091,0.367025950634117,1,1
0.910129005471012,0.681636499630751,1,1
0.316497546274379,0.222134005911513,1,1
0.72396995287755,0.573364142727509,1,1
0.416287640736308,0.285175352389016,1,0
0.122820772674774,0.144458076140325,1,0
0.394309499348015,0.260113894294236,1,1
0.127433448032593,0.155512407457448,1,0
0.245933133010605,0.177667606995545,1,0
0.456775398745052,0.338883505171597,1,0
0.411659905905311,0.222868136922626,1,0
0.543488912540339,0.366140225667061,1,0
0.16402012434748,0.174396351727887,1,0
0.421935264580402,0.292965581667373,1,0
0.667322578353394,0.448658562617829,1,0
0.384544001763434,0.318129264860751,1,1
0.0351316381432524,0.0207193729653526,1,0
0.832783716675804,0.587685703338216,1,1
0.880022956271546,0.627396140114508,1,1
0.333680276328975,0.303973475933601,1,1
0.836775368769907,0.618172016184135,1,1
0.401274004920498,0.211764371975867,1,1
0.624064692510891,0.402626279119414,1,1
0.150738812435312,0.147296796206361,1,0
0.539242559386596,0.360441169486482,1,0
0.0765387916413566,0.0983428996638729,1,0
0.933099503990211,0.703277241304067,1,1
0.585939948753147,0.360022934144443,1,0
0.0977242908025387,0.160318950507069,1,0
0.139908579529359,0.187450615523154,1,0
0.940959063116733,0.792262880928558,1,1
0.350386861968548,0.243535282701627,1,0
0.806963037952532,0.615177331644819,1,1
0.950703121485599,0.770133371757676,1,1
0.636693248586926,0.416741520344095,1,1
0.511152858934225,0.371030185124636,1,1
0.981441509248556,0.830205217580373,1,1
0.98466272817025,0.83566384427661,1,1
0.602612007702174,0.484431291012307,1,0
0.131275889056004,0.165031980921912,1,0
0.335933106971565,0.308091864187152,1,1
0.901603868688667,0.700155716229521,1,1
0.709983488880881,0.481365912262832,1,1
0.0753161448076459,0.0952260938285228,1,0
0.364531268623292,0.308728766462465,1,1
0.173345970828703,0.0973244566347358,1,0
0.0777670806078126,0.101524625913245,1,0
0.506842553459275,0.356727833068518,1,0
0.777615538135603,0.597871257462923,1,1
0.138615653874433,0.184002079897659,1,0
0.147128191145248,0.140324955477324,1,1
0.916201223208261,0.715140004749836,1,1
0.872417065756942,0.615992176730742,1,0
0.938823365864892,0.788670560035611,1,1
0.59227003068879,0.371650475389903,1,1
0.0764303145670333,0.0980643379029922,1,0
0.964084032418312,0.788063377558304,1,1
0.389541712429866,0.253861598109977,1,0
0.472098652722904,0.354647035995833,1,1
0.780865440249561,0.602879087741564,1,1
0.526870244783761,0.405849165638733,1,0
0.177395440304672,0.101924687835262,1,0
0.469470499786667,0.350709417211688,1,0
0.258117060611903,0.195707554259223,1,0
0.348248064459967,0.24057122792631,1,0
0.948534312785457,0.768357112199617,1,1
0.296095234493856,0.22774005629007,1,1
0.785772224856713,0.580128268087377,1,1
0.563513236882259,0.42598423629809,1,1
0.447339520037475,0.325027086249428,1,1
0.629393239242211,0.480770759423177,1,0
0.24546156814657,0.176986922159467,1,0
0.690808618794598,0.541909379228021,1,0
0.770608325257398,0.515345430929656,1,1
0.36265073985435,0.30555166831922,1,1
0.471617066757316,0.353923856966878,1,0
0.63018591700861,0.481982517828954,1,1
0.901277478492147,0.699648880343615,1,1
0.264836887612294,0.180641334266828,1,0
0.925682317467835,0.714550895583425,1,1
0.701131231068691,0.433817798557679,1,1
0.0430356176378212,0.0310910856314025,1,0
0.83208027852781,0.586693306541056,1,1
0.416193181796852,0.285045950011619,1,0
0.154264120876141,0.154266980463428,1,0
0.336205392844513,0.30859150568124,1,0
0.821551241832097,0.521656738607822,1,0
0.695513364157093,0.475807832664468,1,0
0.270608431396869,0.188600495500678,1,0
0.84032050834029,0.623421091383669,1,1
0.0716453578016166,0.0861699653354531,1,0
0.427496923188764,0.318362736915065,1,0
0.549336397400357,0.461898902443511,1,1
0.743772150953737,0.551123296817481,1,1
0.273859713425002,0.193159681398979,1,0
0.620909800369424,0.398565701067795,1,1
0.105760562744715,0.107113863020505,1,0
0.84650018927023,0.628299113120793,1,1
0.828696773251314,0.640877424791425,1,1
0.0849586840439327,0.121170070367213,1,0
0.243197715400313,0.238110491956789,1,0
0.410676053232107,0.22180411593804,1,0
0.662355536366815,0.469368233818955,1,1
0.551377442855383,0.465337626162557,1,0
0.518564936394558,0.381868601275164,1,0
0.665478050921431,0.446181741567909,1,1
0.586048650841798,0.36015652761293,1,0
0.94114148206308,0.792570094652678,1,1
0.849532036162024,0.663524634868283,1,1
0.269748250173918,0.18740339485337,1,1
0.566522758039816,0.417497626928736,1,1
0.850027934003105,0.66429950021864,1,1
0.845279175688992,0.626487870848136,1,1
0.567548141998036,0.419010303272538,1,1
0.720784626079504,0.547427912285275,1,0
0.530417255676033,0.373143439076817,1,1
0.952010183262328,0.772252443072483,1,1
0.944994366231675,0.762632769627482,1,1
0.52210830931973,0.39854606260957,1,1
0.935639027082255,0.707110528450419,1,1
0.992039937537631,0.886964584950485,1,1
0.0735121223238724,0.0907188902190271,1,0
0.147227566217106,0.140514579393823,1,0
0.133324234337304,0.170222268056948,1,0
0.625723125786287,0.475180172799319,1,1
0.353558773199514,0.247964494084593,1,0
0.877577107864156,0.623913541396594,1,1
0.674256635076784,0.475533201761899,1,1
0.991974238932834,0.886847109022419,1,1
0.330421178280382,0.242108537885476,1,0
0.853213622414139,0.669288081699409,1,1
0.638899631758619,0.419634859240122,1,1
0.285475681099425,0.211697058619781,1,0
0.588344803483681,0.362984260135999,1,1
0.308668404074656,0.277084754502168,1,1
0.307896181507277,0.275700074744637,1,1
0.379648554236005,0.310080916948232,1,1
0.758766559143452,0.569256893410786,1,1
0.955687243604735,0.776553999912582,1,1
0.539563932171726,0.36087092228668,1,0
0.958525923277166,0.781174050913421,1,1
0.740025896494188,0.622670890236379,1,1
0.23865271279668,0.229293794542927,1,0
0.493963355033423,0.337954633094153,1,0
0.470342027239933,0.352012743376603,1,0
0.53673537623075,0.382085857141811,1,1
0.0747112798800289,0.0937027116733098,1,0
0.767664223385541,0.554166393921659,1,1
0.240483803765866,0.232825859992067,1,0
0.198093698370474,0.127097147938424,1,0
0.863260925342761,0.635900273485722,1,1
0.702206269442257,0.435149156514705,1,1
0.831699271064643,0.586156138779241,1,1
0.687811376383182,0.537217167340611,1,1
0.0597325445566365,0.0598965541116023,1,0
0.673162291189739,0.473990837879813,1,1
0.479011695641224,0.365109427624616,1,1
0.689920835791189,0.540517419761811,1,1
0.344706372731396,0.324394320240053,1,1
0.0592897623636511,0.0590118494473693,1,0
0.551444335649236,0.465450541997261,1,0
0.00505863510768334,0.000429582433568767,1,0
0.93900503871374,0.788975822762979,1,1
0.13792080123387,0.18216197203994,1,1
0.534622620213828,0.379083761775755,1,1
0.226287901082889,0.206149468285082,1,0
0.716865882715519,0.54149160938211,1,1
0.85905734682082,0.689964917514269,1,1
0.20937323549471,0.182038037451792,1,0
0.136034483060082,0.177213252892746,1,1
0.784154249784325,0.577741656083813,1,1
0.825931674742645,0.636607750240773,1,1
0.566660113821322,0.417700099517391,1,0
0.8889958014196,0.616661069671546,1,1
0.789839584157311,0.584367175073399,1,1
0.910231887739047,0.681790614645958,1,1
0.0301289823388254,0.0152387285189858,1,0
0.642668371770334,0.468810044219894,1,1
0.298101286252037,0.230836397599239,1,0
0.16031123542202,0.166598483501187,1,0
0.87449432278868,0.618929068928986,1,1
0.36703769782551,0.312988851219163,1,1
0.128084138666755,0.157104592460532,1,0
0.826952376631072,0.638182186146478,1,1
0.635721021963668,0.415469768654883,1,0
0.41546108859416,0.284044027467071,1,0
0.823390151532164,0.52399464082027,1,1
0.161827357396377,0.169764549920663,1,0
0.746963777665319,0.555863334053908,1,0
0.538164326360312,0.384123019000321,1,0
0.70870840066439,0.479638455632286,1,0
0.908610319240467,0.679363572883499,1,1
0.957023135911548,0.778726504720235,1,1
0.283252252768346,0.208412293781112,1,0
0.441325225836556,0.275762524008401,1,1
0.687189570878097,0.536246280235353,1,1
0.747017280854581,0.555942967169123,1,1
0.573358251771327,0.427633209067862,1,1
0.223727702930421,0.20151114832946,1,0
0.897411814850004,0.701740122889737,1,1
0.360697681135431,0.302269428105959,1,1
0.411822398979401,0.22304411556705,1,0
0.481453239911201,0.254439220601105,1,0
0.203917848527918,0.172675330850273,1,0
0.904419432707832,0.704535491848251,1,1
0.275885317851376,0.196027661487461,1,0
0.697571485674253,0.47862796319845,1,0
0.271153863306713,0.189361539033628,1,1
0.0911104605452799,0.139352989595305,1,1
0.427515391205194,0.318390244272129,1,0
0.344223495109402,0.323486109340563,1,1
0.6588883398829,0.464467142513894,1,0
0.116745477543986,0.130520373592988,1,0
0.65969971003545,0.465611757730892,1,0
0.402063174740555,0.212598128369394,1,0
0.353441043258505,0.247799384422063,1,1
0.0376760453288073,0.0238292529776579,1,0
0.30210541668722,0.265427124651286,1,1
0.522220167962616,0.398716853215601,1,0
0.577948891296015,0.430738392874443,1,0
0.934053108125564,0.704715438999906,1,1
0.72999575908411,0.593911884810203,1,1
0.616450148326408,0.392860907650696,1,1
0.854572811935213,0.682780075884278,1,0
0.114513974720922,0.125578460434138,1,0
0.608696010424285,0.454844724260697,1,1
0.179864893114307,0.104782146884342,1,0
0.845910814168208,0.627424512153889,1,1
0.79662670895246,0.653525425786171,1,1
0.025064190797115,0.0105459857988154,1,0
0.257546653931592,0.194843531178789,1,1
0.056139875575752,0.0529081648369627,1,0
0.279057108556304,0.200560942407927,1,0
0.420022825924152,0.290315843627852,1,0
0.14444220095754,0.1352481448419,1,0
0.875698957760517,0.620635419927269,1,1
0.103120268785814,0.10183246320445,1,0
0.236349761497735,0.224889866884123,1,0
0.0680576645455324,0.0777559962415475,1,0
0.755008011883879,0.563631237633135,1,1
0.860399207924618,0.631691231783426,1,0
0.421729345946243,0.292679697283331,1,0
0.801396894513382,0.529625564651749,1,0
0.0803063866981236,0.108262980181758,1,0
0.985002999158887,0.818416329999504,1,1
0.720924779074552,0.547640822266901,1,1
0.705915220173833,0.439758084597956,1,1
0.316122745331328,0.290629548917574,1,0
0.0351607342874695,0.0207537068899056,1,0
0.358534382954856,0.254992779420454,1,0
0.118859823006551,0.135290821756967,1,0
0.0777218279789202,0.101406506022767,1,0
0.14839371100763,0.142749341442344,1,0
0.58827454784091,0.362897575696017,1,0
0.28814922614759,0.215680808789105,1,0
0.202541323917277,0.170351948290211,1,0
0.533130025316215,0.376970014162263,1,0
0.495287726113871,0.339769250881077,1,0
0.551123759958897,0.464909530882206,1,0
0.685952619983784,0.5343175160048,1,0
0.128515154346267,0.158163716196167,1,0
0.71753922672579,0.542509321000614,1,1
0.854016919340323,0.670548938619904,1,1
0.0135676999318288,0.00309024040341244,1,0
0.234928780296571,0.222193831740627,1,0
0.549081550151057,0.461470435076218,1,1
0.369769589691718,0.317665394321441,1,0
0.529596627098443,0.371989723619171,1,1
0.467552375012471,0.319715078000437,1,0
0.812864087608825,0.562354141764475,1,1
0.611320924433704,0.458776087668229,1,1
0.597244903853461,0.377920180134822,1,1
0.517054794240001,0.379647717652955,1,1
0.0187058136841879,0.00587398746015853,1,0
0.585820935676854,0.359876697023915,1,0
0.383732692515738,0.316788305475313,1,0
0.806051860674952,0.535796163228737,1,1
0.602001123345071,0.483449626202967,1,0
0.680488266849862,0.502386058010782,1,0
0.402633580594546,0.213201780955939,1,0
0.948600347938268,0.768464099041939,1,1
0.162385522501527,0.170937652711505,1,0
0.399300482519824,0.266740365249168,1,0
0.859550079211408,0.690756635466035,1,1
0.0179954044711824,0.00543629519626859,1,0
0.0288220978475613,0.0139454002272664,1,0
0.00465810215177875,0.000364248542863443,1,0
0.9622408153743,0.785052886302596,1,1
0.390679190843627,0.255346336085457,1,1
0.849478594072303,0.663441155902921,1,1
0.482991453554,0.256067653306405,1,1
0.703559503770613,0.436827940092605,1,1
0.273622649136723,0.192825412130836,1,1
0.919098725852512,0.797383238856529,1,1
0.377693177090802,0.3068950035829,1,0
0.664479293997035,0.444843477436627,1,1
0.4463700390863,0.282103071189364,1,1
0.692728726350786,0.544926047919984,1,1
0.366658652787868,0.312342728967391,1,0
0.81182316086646,0.622609743789942,1,1
0.56382332765525,0.426453187573175,1,0
0.443057722956125,0.277931878988135,1,0
0.487569734906124,0.260945197666887,1,1
0.314742631653055,0.288097454874696,1,1
0.882044155906106,0.630281403711736,1,1
0.6452395511345,0.472568766535485,1,1
0.495063160047884,0.339461214390631,1,1
0.901634299875444,0.700202980731564,1,1
0.469641979668637,0.350965665869966,1,1
0.690906799156722,0.542063426639945,1,1
0.506658922390158,0.356469392074072,1,0
0.549313344552137,0.461860136172357,1,0
0.289238759516827,0.217314932257135,1,0
0.825745963931445,0.636321499806544,1,1
0.122648653933907,0.144053478128119,1,0
0.367232071211568,0.313320440109998,1,0
0.275123294749969,0.194946260637899,1,0
0.804159178931208,0.533282922885045,1,1
0.22319406652968,0.206864089492436,1,0
0.617169717415124,0.393778599228537,1,1
0.882291046455161,0.630634293754793,1,0
0.224474369776658,0.202858435825732,1,0
0.713115337157353,0.485622039564128,1,1
0.327720429929528,0.238166890034878,1,0
0.656905481520185,0.461675814409224,1,1
0.67029154978158,0.452659679034489,1,1
0.662595313002259,0.46970812350183,1,1
0.268816193895297,0.186110569096333,1,0
0.886681574867917,0.637922500266965,1,1
0.651551349301586,0.456088272468583,1,1
0.162632848259285,0.171458751878818,1,0
0.23257175524151,0.217757685419738,1,1
0.934164841804896,0.704884048595564,1,1
0.206461381527703,0.177009866357339,1,0
0.873830571786539,0.617989877278367,1,1
0.393469588508506,0.259006947605205,1,1
0.504748940747606,0.353786851038968,1,0
0.038739139054444,0.0251929912433946,1,1
0.214105654367634,0.190360172510427,1,0
0.455986477542612,0.337713908455894,1,0
0.707221818820906,0.477628393372288,1,1
0.548642910717983,0.460733428787566,1,1
0.110080413405262,0.116042821552219,1,0
0.35928258711088,0.25605814852915,1,1
0.901004604368047,0.699225287879084,1,1
0.188365618086716,0.114920565537769,1,0
0.00717589065907598,0.000864433186723804,1,0
0.624222464114289,0.402829883085815,1,0
0.412634525756029,0.280192224335747,1,0
0.676837624725194,0.479180760537239,1,1
0.340859661160899,0.317194634621142,1,1
0.923792191007864,0.71163582923608,1,1
0.0927951147971744,0.144553973197014,1,0
0.890389454694602,0.618596028994231,1,1
0.0312100921597799,0.0163519634827231,1,0
0.384191289699674,0.317545942436149,1,0
0.879114689750106,0.626101744690095,1,1
0.393373546127712,0.25888052051322,1,0
0.261503909441146,0.200877150797641,1,1
0.871173847172004,0.580646431817191,1,1
0.372447716167275,0.322283561845503,1,1
0.280511456113617,0.202656896163528,1,1
0.500027982592042,0.347199805613135,1,1
0.839260100035293,0.621848682322674,1,1
0.5367204897411,0.382064662942466,1,0
0.19648284392544,0.125038500163798,1,0
0.428458388056584,0.319796379040668,1,1
0.272428106983666,0.191145468636639,1,0
0.179595366548333,0.104468351214546,1,0
0.88155907861883,0.629588351958139,1,1
0.219778595023196,0.200581373807419,1,0
0.517081474981097,0.379686899356393,1,0
0.680846766442028,0.502915538525945,1,0
0.329858347164135,0.241284437183962,1,0
0.594014733477712,0.373843308527148,1,1
0.39998767005344,0.267659264123485,1,0
0.578222711751686,0.431146639779171,1,1
0.543406605936608,0.366029336646619,1,0
0.979211969695076,0.868415216207281,1,1
0.413897458385394,0.281909993491987,1,0
0.325239589385576,0.234574695936545,1,0
0.943688219049629,0.760526043324861,1,1
0.886924688801796,0.638272364557038,1,1
0.230855110141486,0.214554948430921,1,1
0.850082024733733,0.664384047060334,1,1
0.949396411639804,0.768017781210659,1,1
0.476833932464548,0.36179713101026,1,1
0.67123219850894,0.471276678949229,1,1
0.0644529372043328,0.0697373167830233,1,0
0.0679736642027952,0.0775641736276236,1,0
0.407097912052814,0.217955880860129,1,0
0.747231029796019,0.556261163882635,1,1
0.494679505966756,0.338935280622663,1,1
0.610687171129909,0.457825359042151,1,1
0.069938155769015,0.082112288915023,1,0
0.0566028690388948,0.0537844455821613,1,0
0.453120455438917,0.333481968229264,1,0
0.250661242599196,0.184564658967885,1,1
0.514147842017133,0.375390855732164,1,0
0.00279193628981145,0.000130855148275718,1,0
0.0956062018537566,0.153444715765951,1,0
0.550886599811551,0.464509496270439,1,0
0.746178468975474,0.554695151999727,1,1
0.0890468514826617,0.133111918550585,1,1
0.679401161751213,0.500782179656972,1,1
0.0555948069298771,0.0518857691554513,1,0
0.294570543492349,0.225400679187126,1,0
0.327593680010706,0.23798269769591,1,0
0.220835683341823,0.202515521599488,1,0
0.302902603179579,0.266829774732083,1,0
0.203409671882821,0.171815766745271,1,1
0.346479333965923,0.238133740677504,1,0
0.00213083308283368,7.62217065791938e-05,1,0
0.903571585611998,0.703215178812169,1,1
0.0302984297363905,0.0154106177642587,1,0
0.405450062440092,0.21619496977256,1,0
0.240351500081059,0.232569749224667,1,1
0.360099556659439,0.257223969290448,1,0
0.781343028272847,0.573606631791913,1,1
0.726153065209381,0.576827285327476,1,1
0.0829129558818534,0.115404994017014,1,1
0.514551519145523,0.375980554565481,1,0
0.274409558306391,0.193936097037378,1,1
0.175776408289244,0.100072709082196,1,0
0.743888744909211,0.551296098882123,1,1
0.149918479068045,0.145697955342575,1,0
0.718669267723405,0.544219444987946,1,1
0.0912628592325808,0.139819565531679,1,0
0.653016467225339,0.458141754230365,1,0
0.685277437773246,0.509482372205016,1,1
0.36392241132102,0.307698321063678,1,0
0.93795530987727,0.710615930148463,1,1
0.217632051482496,0.196682413017584,1,0
0.297921285036838,0.230557711868812,1,1
0.246862621444087,0.179013111374319,1,0
0.733259462185844,0.59923434067153,1,1
0.138063438166974,0.182538948689409,1,0
0.483884979774042,0.257015971549663,1,1
0.297152982720506,0.22937008530848,1,0
0.524009010889306,0.401453106835011,1,1
0.140525113844874,0.189106330670352,1,0
0.834042280387507,0.589463352886989,1,1
0.922526120108863,0.709686550992226,1,1
0.552844744089653,0.467817593335554,1,0
0.979999969770595,0.827768200854961,1,1
0.969048018595286,0.798523503850355,1,1
0.730619691767878,0.594927560291064,1,1
0.0799957247431556,0.10742697855973,1,0
0.159452587951843,0.164818617346808,1,0
0.471042270687922,0.35306167412488,1,0
0.914052526200583,0.711789611208823,1,1
0.0859682274182257,0.124066848507331,1,0
0.956460248660625,0.777810735187897,1,1
0.952446561993504,0.772960569481855,1,1
0.71755004699164,0.542525682863827,1,1
0.119802691999974,0.137445754614653,1,0
0.780575865941378,0.602432030116394,1,0
0.888765499258214,0.640924580125708,1,1
0.892645295631518,0.621734480288049,1,1
0.801112394472412,0.529249591772264,1,1
0.8575625893824,0.68756593229947,1,1
0.639142937338076,0.419954530557066,1,0
0.644515500103151,0.471508782150517,1,1
0.134069518978567,0.17213067771175,1,0
0.55707752632253,0.416309729674363,1,1
0.434178505343109,0.328392236493447,1,1
0.259085956839798,0.197179570098372,1,0
0.766007933804401,0.551777667645915,1,1
0.425563146338605,0.315489031717086,1,0
0.763557872986158,0.548253613155585,1,1
0.986202215913529,0.820410346315797,1,1
0.455968596539034,0.337687422823081,1,1
0.45637429322078,0.338288602882508,1,1
0.862012756829113,0.634062736601667,1,1
0.140105831043612,0.187979546380911,1,0
0.804436150922708,0.533650337380971,1,1
0.462001205924871,0.312168301857145,1,0
0.849439780069907,0.663380529964852,1,1
0.289648613054177,0.217931242452712,1,0
0.320902340139145,0.228360046172533,1,0
0.39039535183463,0.254975438815569,1,0
0.153961802359439,0.153662924700424,1,0
0.508049969794137,0.358429474124581,1,1
0.499678504497224,0.34582013449535,1,0
0.520994426801187,0.396847334843229,1,0
0.588625707833758,0.363330955469497,1,1
0.35218364641321,0.246039385519696,1,1
0.336913167108221,0.309892157189505,1,0
0.773387340948156,0.519069074579454,1,0
0.930013160427784,0.791504062521259,1,1
0.726358079274815,0.577153041442197,1,1
0.0941815348802019,0.148905703986264,1,0
0.535245553448878,0.379967680415067,1,0
0.924349160661172,0.712494202040768,1,1
0.498335188764951,0.343963255762026,1,0
0.723030247127212,0.571876666885505,1,0
0.522581942696972,0.399269477018867,1,1
0.33712949769497,0.31029024596445,1,1
0.418700735549841,0.288491087044503,1,1
0.257412198853311,0.194640143843428,1,0
0.69227949278523,0.54421950959916,1,1
0.214202466378099,0.190532361494564,1,0
0.710804870866759,0.482480343813273,1,1
0.275004919159741,0.19477854009563,1,0
0.450334949930509,0.329394487088107,1,1
0.454875486301723,0.3360702627039,1,0
0.538253818530303,0.384250782432598,1,1
0.21313811240342,0.188643587318846,1,0
0.492407893175392,0.335829585252725,1,1
0.9374961218415,0.709920318201935,1,1
0.676355646959217,0.478498551888075,1,1
0.699517640982888,0.48130233778258,1,1
0.14151292335125,0.129818123495288,1,0
0.368905439673183,0.316182363812654,1,0
0.743389756065088,0.550556745472592,1,0
0.812945364047911,0.562466604420585,1,1
0.774462812262088,0.520513711740318,1,1
0.472478639561296,0.355218168487133,1,1
0.740359547713165,0.623232496896798,1,1
0.875861532429503,0.620865884890447,1,1
0.155087829168076,0.155918825937534,1,1
0.82132431242354,0.521368593694301,1,1
0.653521253038181,0.458850320869852,1,1
0.324723148680221,0.233830335504974,1,1
0.768160713841204,0.512076942541658,1,1
0.793616708593633,0.589969591609696,1,1
0.807613099740003,0.616168862436682,1,1
0.0257567826652837,0.0111368670012953,1,0
0.691158282159997,0.542458109535403,1,0
0.822916537455297,0.523392010673247,1,1
0.501418883991872,0.349134066774374,1,0
0.187749625636402,0.114170169020964,1,0
0.782636214196067,0.575506933830348,1,1
0.367549676098852,0.313862632053261,1,1
0.83643122312789,0.592844982265332,1,1
0.784349366324373,0.578029204044187,1,0
0.381340132546409,0.312850292457654,1,1
0.519851480376565,0.395108054354447,1,0
0.817956106500231,0.569421711645,1,1
0.957336000466696,0.779235741616129,1,1
0.474467828038267,0.358215482027062,1,0
0.704963023841067,0.438572521202381,1,1
0.0643960321180816,0.0696142298809371,1,0
0.464223022882058,0.31517802812039,1,0
0.788655591530623,0.582616521240791,1,1
0.502442593462871,0.35056112392265,1,0
0.907184508156738,0.677233101584869,1,1
0.767491368095631,0.553916858238852,1,1
0.333114657591255,0.302943823390458,1,1
0.105148870458062,0.105878407299041,1,0
0.0276110529721202,0.0127981072333764,1,0
0.697461445152779,0.478476969880716,1,1
0.82461015760551,0.5255485827682,1,1
0.53158406849412,0.374786927961406,1,0
0.0858254687284872,0.123655140244383,1,0
0.407130912199213,0.217991218145269,1,1
0.517069393473842,0.379669156943789,1,1
0.270927893726176,0.189046056766508,1,0
0.743736360856999,0.551070258312321,1,0
0.0321440418632079,0.0173452584932186,1,0
0.810983555811394,0.621322576841149,1,1
0.0909708804404882,0.138926342523149,1,0
0.471615925216074,0.35392214363537,1,1
0.802090116871451,0.530542231736898,1,1
0.969316553716626,0.798966126533031,1,1
0.0209499987046019,0.00736796929462394,1,0
0.380863453240071,0.312068648769622,1,0
0.56098205903839,0.422165975510629,1,1
0.337888168658108,0.311688362004962,1,1
0.550745018177451,0.464270762700223,1,1
0.794503968772315,0.650047218567159,1,0
0.0240736910441987,0.0097289320826541,1,0
0.557369590023118,0.416746368482156,1,0
0.0750364769362872,0.0945202097461393,1,0
0.663536512112789,0.443582060100619,1,0
0.869804426397811,0.578822400182465,1,1
0.532537517610891,0.376132569222561,1,0
0.164724891466075,0.175898275642758,1,0
0.173150148618477,0.194351930651983,1,0
0.027889727413634,0.013057749884877,1,0
0.663843752997538,0.44399294358589,1,1
0.944519475122619,0.761866465543364,1,1
0.00954233077617994,0.0015285819965813,1,0
0.623126346334676,0.4014164084087,1,0
0.709328025222333,0.480477519159858,1,1
0.577355197237426,0.429853901246597,1,1
0.768471376062264,0.512491218163667,1,0
0.587628141460403,0.3621004974293,1,0
0.246102821340048,0.177912864881868,1,0
0.548348187862416,0.460238563375829,1,1
0.0729831709339944,0.0894180641237569,1,0
0.503952653897714,0.352671470387704,1,1
0.344226255540145,0.323491297624304,1,1
0.373790915411621,0.324612326980781,1,0
0.775821657164149,0.595115981280005,1,1
0.934796613237687,0.705837790743069,1,1
0.512274953369329,0.372660961000219,1,1
0.347474264896594,0.239503327684202,1,1
0.463192762063185,0.313780616820267,1,0
0.0595143953919857,0.0594598567139174,1,0
0.490291196495705,0.332948552977849,1,0
0.922274142114763,0.709298917585315,1,1
0.952786616876711,0.773512612923578,1,1
0.881912664141741,0.630093497843789,1,0
0.238326704658566,0.228667775375108,1,0
0.333377899628941,0.303422811976449,1,1
0.874807710603639,0.619372752961084,1,1
0.451494749503535,0.331093327165071,1,1
0.844256867960367,0.624973398204802,1,1
0.237357189359202,0.226811114163322,1,0
0.519098071136953,0.382654200369201,1,1
0.430474722380497,0.322813398633006,1,1
0.505267398839652,0.354514015946974,1,1
0.0806683074981664,0.109241007438651,1,0
0.960948766062767,0.782946041464982,1,1
0.13563362102286,0.176170379091356,1,0
0.507777024159811,0.358044451050711,1,0
0.493768083487363,0.337687488258385,1,1
0.682645838833228,0.5055768623489,1,0
0.232826761507691,0.218235473595591,1,0
0.721369607651844,0.569252736921343,1,1
0.382093786212704,0.314088104793611,1,0
0.815316720064192,0.565752812770161,1,1
0.477117899957873,0.362228179260823,1,1
0.281819167870643,0.204550826259547,1,0
0.983116939886446,0.833042143671201,1,1
0.872804042908671,0.616538767977641,1,1
0.314880711969782,0.288350292017553,1,1
0.585444037714283,0.359413780274113,1,1
0.945054989478319,0.762730621549402,1,1
0.21132705628553,0.185451360206303,1,0
0.170185963589493,0.187754605083243,1,0
0.149173239644279,0.144253036908956,1,1
0.72633705616263,0.577119632637663,1,1
0.305326943424903,0.271118116229928,1,1
0.361681211855072,0.30392009902795,1,1
0.991674409038302,0.886311080808508,1,1
0.164032825603389,0.174423362297053,1,1
0.99874377798128,0.929756970891076,1,1
0.534578269552244,0.379020869119765,1,0
0.243687936671916,0.239071393032058,1,0
0.52965585742282,0.372072935267288,1,1
0.56559198858424,0.429132871301523,1,0
0.158726925385688,0.163321864629127,1,0
0.324819112548187,0.233968561432,1,1
0.375320518800905,0.3030513024666,1,0
0.571854577213207,0.425393150642524,1,0
0.390567260842912,0.25520004305517,1,1
0.89102770304254,0.619483189995538,1,1
0.925668759544138,0.714529964524484,1,0
0.142596556349979,0.13181389615252,1,0
0.519930734544841,0.395228536255146,1,0
0.349838955050318,0.242774236249982,1,1
0.0472215802907612,0.0374335349014196,1,0
0.779110677697547,0.600172549780889,1,1
0.680149574194414,0.501886087234828,1,1
0.0802903301891112,0.108219692174228,1,0
0.348046283523132,0.240292526451909,1,0
0.68023561283682,0.5020130720348,1,1
0.538019617308688,0.383916470176148,1,1
0.879028532283791,0.625979028741304,1,1
0.333107017577067,0.302929927462947,1,0
0.401616433569274,0.212125945997556,1,1
0.928443450826992,0.788834459404746,1,1
0.499249922111205,0.345227157791569,1,1
0.338732945421002,0.313248856072231,1,0
0.775505452186632,0.594630972166495,1,1
0.985072151208239,0.818531247726901,1,1
0.456431743960923,0.338373779257209,1,0
0.52717631162762,0.406320830357676,1,1
0.133103212990359,0.169658356024681,1,0
0.390397211795949,0.254977868381295,1,0
0.894935722726959,0.697873055282432,1,1
0.655878925481377,0.460234006432104,1,1
0.685530697112329,0.509859022609356,1,0
0.103355537265885,0.102297653978822,1,0
0.228714516610942,0.210594493483357,1,0
0.365180241689151,0.309829001302602,1,1
0.245508613163883,0.177054771076037,1,0
0.21410281660096,0.190355126458045,1,0
0.77060482810179,0.515340753484537,1,0
0.616188163780677,0.466110573443684,1,0
0.981047007144991,0.829537929969611,1,1
0.312233288001305,0.283521947277618,1,0
0.775853557929969,0.595164923058548,1,1
0.241215504441711,0.234244816320845,1,1
0.855812933758274,0.684763159903073,1,1
0.331901043573868,0.300740455075518,1,0
0.3888610489347,0.252975205964743,1,0
0.308623021067946,0.277003281862466,1,0
0.544572809035862,0.367602091149176,1,0
0.340446735153686,0.31642658492843,1,1
0.362615768886215,0.305492741526714,1,0
0.867124644786528,0.575261304936149,1,1
0.119560609787155,0.136890849633074,1,0
0.244695549954199,0.24105252955912,1,0
0.646331349925848,0.47416937059737,1,1
0.0924210198611477,0.143390810536127,1,0
0.719209163654236,0.545037435245706,1,1
0.0345881086344968,0.0200832241323235,1,0
0.599068348639936,0.380231354484045,1,0
0.882092375178238,0.630350317588764,1,1
0.0723960007113348,0.0879850646881926,1,0
0.865415200066095,0.639078022295286,1,0
0.790987277330093,0.586066663170464,1,0
0.638642535640647,0.419297201239062,1,1
0.32799720267128,0.238569342444536,1,1
0.657706077946328,0.462801824924299,1,1
0.00935271833962026,0.00146843767221182,1,0
0.726384781731259,0.577195476950712,1,0
0.615192622831763,0.464605652270709,1,1
0.35016932816423,0.243232984201657,1,0
0.80622376233224,0.536024719415183,1,1
0.523412208837772,0.40053918513711,1,1
0.717919544498323,0.543084566529745,1,1
0.342274791729416,0.319833865099806,1,1
0.0229272921097587,0.00882440302572865,1,0
0.64374010459997,0.470374951031942,1,1
0.435476487305816,0.330358636626211,1,0
0.401346704376643,0.21184111030961,1,0
0.477169874722777,0.362307102101083,1,0
0.46396566232032,0.314828661949967,1,0
0.68147185939084,0.50383942708734,1,1
0.424004922526577,0.295846713857076,1,0
0.125905546680241,0.151805638354199,1,0
0.039493190376788,0.0261832916884003,1,0
0.299106986038122,0.232396563425055,1,1
0.039102706371448,0.0256680832954441,1,0
0.870588304814062,0.579866153983804,1,0
0.871816233195017,0.615144002788081,1,1
0.691691215263772,0.543294981052713,1,1
0.618418330089028,0.395373539155948,1,1
0.760731759587646,0.572209455313255,1,1
0.818606305320837,0.517923575098473,1,0
0.0907094865094304,0.138129113125423,1,0
0.0657798386931132,0.0726382570433301,1,0
0.584988136602727,0.358854227758795,1,0
0.635898247812071,0.415701449669753,1,1
0.119300334055365,0.136295493274294,1,0
0.286118872079941,0.212652061355358,1,1
0.0775199552868081,0.100880408806366,1,0
0.16320535214435,0.172668022657567,1,0
0.72654654679125,0.577452587121537,1,1
0.286302366174954,0.212924905362962,1,0
0.799183881024646,0.657727793564852,1,1
0.188673810463365,0.11529692526494,1,0
0.27259283808704,0.191376701193534,1,1
0.209522974740268,0.182298509957556,1,0
0.418752608145829,0.288562573465819,1,1
0.428394075759032,0.319700382337604,1,1
0.564798623187381,0.427929811874553,1,1
0.93119415834836,0.793515556998152,1,1
0.0927708724250121,0.144478454707128,1,0
0.804156802048257,0.533279770401688,1,1
0.413379833965575,0.281205315330018,1,1
0.602914769886566,0.484918185790558,1,1
0.817071021686497,0.568190071385734,1,0
0.106939729023273,0.109515687753902,1,0
0.284756610697594,0.210631935507754,1,0
0.391041827194379,0.255820591388913,1,0
0.443582070419582,0.27859011877843,1,0
0.314766047668048,0.288140323838668,1,1
0.108601977305703,0.112946724629656,1,0
0.0423315176757488,0.0300820538735201,1,0
0.210156691771372,0.18340292705952,1,0
0.282426944946542,0.20543405475639,1,1
0.648150007199329,0.451338798679142,1,1
0.425359732769502,0.315187504608055,1,0
0.809580218783071,0.619174147130283,1,1
0.949554294089862,0.768273241648134,1,1
0.285754089165561,0.212110171974854,1,1
0.910091919751233,0.6815809504393,1,1
0.875374655985153,0.620175819290484,1,1
0.666851477083613,0.448025318610949,1,1
0.825399548108525,0.635787714337425,1,1
0.677557443696766,0.480200523042186,1,0
0.309373524839174,0.278352142883496,1,0
0.903598991399031,0.703257837209141,1,1
0.32059787744334,0.22792692915256,1,1
0.67710916935825,0.479565328595058,1,1
0.194681581402549,0.122756420249826,1,0
0.255334058484174,0.191510091891498,1,0
0.301587654447616,0.26451810171047,1,0
0.394432755588793,0.26027653644067,1,1
0.249617850649298,0.183031334719654,1,0
0.107308230235176,0.110271743451623,1,0
0.771298276744967,0.516268656150352,1,1
0.654904197874468,0.460794361997594,1,1
0.576544770469679,0.42864798637328,1,1
0.81396199367695,0.56387427038652,1,1
0.0273734727388096,0.0125788112919504,1,0
0.955084860461792,0.775575362566234,1,1
0.599399758670546,0.380652165701121,1,0
0.794864388983641,0.650637129522932,1,1
0.890156692586471,0.618272649387831,1,1
0.291113221432363,0.22014075346702,1,0
0.972811837823071,0.799046545728496,1,1
0.965185480848777,0.792170505461284,1,1
0.122181647395349,0.142958548255827,1,0
0.957384310411196,0.779314388580718,1,1
0.942543579141197,0.794933369470953,1,1
0.2784914977401,0.199748746827161,1,0
0.959552822154213,0.780672965214627,1,1
0.712024865032532,0.48413798115417,1,1
0.495276015660622,0.339753184240695,1,1
0.570673898956015,0.423638389986476,1,0
0.854272983470135,0.670951106932815,1,1
0.48881147210457,0.262276034868494,1,1
0.885734107364768,0.636559918856184,1,1
0.30149033681246,0.264347417516875,1,1
0.353438429672425,0.247795719637569,1,1
0.157031131971667,0.159850737598057,1,0
0.898580512439041,0.703569062508705,1,1
0.363740682683044,0.307391092745096,1,0
0.32602848261069,0.235714033373699,1,1
0.694026222434574,0.473775270156257,1,0
0.568253538942828,0.420052513597015,1,0
0.450643676991754,0.32984627458456,1,0
0.598693421070123,0.379755567013025,1,1
0.00872978791329382,0.00127934357399382,1,0
0.180915079374001,0.106009312667715,1,0
0.71998922063873,0.54622037574448,1,1
0.776488184166242,0.596138977371109,1,0
0.787052206631784,0.582019804533449,1,1
0.766447690556372,0.552411388512207,1,0
0.0559750721842531,0.0525979879234344,1,0
0.866220253963708,0.574061962401132,1,1
0.836453585367077,0.592876682465294,1,0
0.163389109719867,0.173057065285427,1,0
0.683309258456678,0.506560015175971,1,1
0.602878855347279,0.484860416117642,1,0
0.590317456667532,0.365422430596484,1,1
0.266844397328099,0.18339029927062,1,0
0.789042499708527,0.58318831555375,1,1
0.618143942560996,0.395022768502269,1,1
0.0494241516060258,0.0410070240258884,1,0
0.634450548445485,0.413810814871035,1,1
0.893053413411094,0.622303124747481,1,1
0.216869445432857,0.195306435496051,1,1
0.987505791547595,0.822580639057323,1,1
0.666837778066456,0.448006911383265,1,0
0.23527635241502,0.222851780158678,1,0
0.000903983236116956,1.37183083377629e-05,1,0
0.285897100486402,0.21232253461584,1,0
0.702272571791601,0.435231334002214,1,0
0.998582600928938,0.929456907152121,1,1
0.41922898390017,0.289219488317386,1,0
0.784219383551299,0.577837637335586,1,1
0.853659976502086,0.66998853374424,1,1
0.714510489998337,0.537939117616858,1,1
0.717162210584933,0.5419393701779,1,1
0.226698599181255,0.206898443596273,1,0
0.79504377263114,0.650930832028618,1,1
0.647983484905315,0.476596587058634,1,1
0.288143738041793,0.215672593130569,1,1
0.901724025797526,0.700342348730705,1,1
0.854144552671105,0.670749381463293,1,1
0.668388147315248,0.450092526779996,1,1
0.414111707635982,0.28220192394983,1,1
0.832764971830061,0.587659247600298,1,1
0.974780990290659,0.860573759962995,1,1
0.11400825522561,0.124471744085646,1,0
0.770508263773424,0.515211607094595,1,0
0.475024900928864,0.359057137748927,1,1
0.979029648703387,0.868091863167423,1,1
0.564791510780438,0.427919034256917,1,1
0.750227688940785,0.626918891575284,1,1
0.80607434552659,0.535826055760113,1,1
0.266636291596423,0.183104367162145,1,0
0.93793975437339,0.710592359948305,1,0
0.654192049535906,0.4597927635296,1,0
0.769724817306168,0.51416441390237,1,1
0.518871919489589,0.382320856702815,1,1
0.00993750902018287,0.00165781047010919,1,0
0.0175669654294517,0.00518051934389484,1,0
0.037551881541992,0.0236724501646425,1,0
0.922789927765938,0.710092496170855,1,1
0.803963950523542,0.533024020566221,1,0
0.0505518290738858,0.042899630765,1,0
0.0886813447564533,0.132021403878405,1,0
0.781102250487515,0.573253162318764,1,0
0.953110666985052,0.774038857660327,1,1
0.434636112445649,0.329084826337317,1,0
0.406398442738085,0.217207547476242,1,0
0.779076580864541,0.600120019284261,1,1
0.669155536468802,0.451126639675225,1,0
0.828776636394137,0.641000955987005,1,0
0.553867783784815,0.469550589061147,1,0
0.221472987303318,0.20368607676852,1,0
0.864458644848786,0.637666039769623,1,1
0.972779506415874,0.798993433977727,1,1
0.843270593353811,0.623514042944007,1,0
0.814341581688413,0.564400314165013,1,1
0.125230397453226,0.150181934479302,1,0
0.555778390719661,0.472795673861388,1,0
0.383611195517999,0.316587734944626,1,1
0.165589768694146,0.177750209337487,1,1
0.287350233754644,0.214486369299748,1,0
0.832529687244842,0.587327226839585,1,1
0.519429567349444,0.383143082635939,1,0
0.711598291195695,0.483558061145441,1,1
0.0485267939041881,0.0395314736754593,1,0
0.609006289404235,0.455308550947292,1,0
0.527418184117262,0.406693762046643,1,0
0.0896479610937944,0.134915124882394,1,0
0.447067720986588,0.282985621558719,1,1
0.244574490138326,0.240814073598599,1,0
0.930986330703382,0.793161396558355,1,1
0.316467772609638,0.222092214545909,1,0
0.247208135372485,0.179514562807562,1,0
0.00213787796013853,7.6726542208078e-05,1,0
0.563227734256239,0.425552697867386,1,1
0.77440894642685,0.520441308184361,1,1
0.495216131095563,0.339671029074721,1,0
0.965508198742076,0.79270033178108,1,0
0.187678362751254,0.114083515835557,1,0
0.797760316552917,0.655386695295978,1,1
0.318871973722572,0.225479495131976,1,0
0.647314782417656,0.475613423490539,1,0
0.465136696082641,0.316419901492559,1,0
0.507669096215365,0.357892262617594,1,0
0.423295850521057,0.294858040354759,1,1
0.797550729524764,0.655042375070279,1,1
0.969417996959611,0.799133365925992,1,1
0.342094333805938,0.319496701267901,1,0
0.256614235826757,0.193435267740558,1,0
0.441969852368372,0.276568703466962,1,0
0.486905463674617,0.260234651887719,1,1
0.425159311458912,0.314890554024457,1,0
0.85508924091614,0.683605550218086,1,1
0.111806076622871,0.119709603450521,1,1
0.0232979352835401,0.00911202023542512,1,0
0.344187549928043,0.323418553465245,1,0
0.647318492421516,0.475618875344077,1,1
0.164995299889264,0.176476250412719,1,0
0.0989501134133632,0.164366156201804,1,0
0.424140773404948,0.29603632238469,1,0
0.700896468431234,0.43352733321939,1,0
0.507796054173691,0.35807128849402,1,1
0.489011093545257,0.26249029584032,1,0
0.889153277113322,0.616879558286414,1,1
0.590699889032613,0.365896055865574,1,0
0.661252952143402,0.467806875182015,1,1
0.848996244249363,0.662687941231526,1,1
0.663218754425974,0.470592443874078,1,1
0.624055935458877,0.402614979667377,1,1
0.389605528029708,0.253944781279484,1,0
0.934948622982197,0.706067365699621,1,1
0.347220355566466,0.239153431780761,1,0
0.31784035552823,0.224022907538547,1,1
0.387185598860884,0.322515008842673,1,1
0.368510589047798,0.315505886980993,1,1
0.268866293878383,0.186179947396135,1,0
0.949548882018738,0.768264483986558,1,1
0.380593638722039,0.311626648749539,1,1
0.325555528122247,0.235030650447919,1,0
0.0104336862841258,0.00182749145599345,1,0
0.341737319191217,0.318830186447276,1,0
0.851607558134863,0.666770756720709,1,1
0.893455976004333,0.622864283617898,1,1
0.574628216373012,0.425802893907354,1,1
0.225960374013081,0.205553142388855,1,0
0.847643475228618,0.629997424944572,1,1
0.401129548514523,0.211611931431651,1,0
0.133468594381737,0.170591092194094,1,0
0.393871144358902,0.259535877056125,1,1
0.233299185270123,0.219122005895192,1,0
0.420280769653882,0.29067252969849,1,0
0.995415283738472,0.923570131013407,1,1
0.0379198777678486,0.024138688140777,1,0
0.607070561051979,0.491626145512402,1,1
0.442667809750264,0.277442906020968,1,0
0.0891147903941908,0.133315113354211,1,0
0.454620896247557,0.335694176476756,1,1
0.546040677630028,0.369586467808211,1,0
0.301625948227896,0.26458527979951,1,0
0.450718856701586,0.329956338552837,1,1
0.282364198273862,0.205342782505601,1,0
0.810019165050272,0.619845749162175,1,1
0.710453772972357,0.482003824860711,1,1
0.392838010367676,0.258176124368102,1,1
0.473578240225675,0.356873492649155,1,1
0.951389940340119,0.771246512486374,1,1
0.741983602156146,0.548475911488158,1,1
0.58382321848717,0.357426439617009,1,0
0.0779029726856961,0.101879749092324,1,0
0.377207088791155,0.306105568750751,1,1
0.659535024940053,0.46537931941207,1,1
0.738747514705572,0.62052144227111,1,1
0.534606082309919,0.379060309143477,1,0
0.510328454598807,0.369834330608639,1,0
0.272364936867936,0.191056834012397,1,0
0.977820880635057,0.865949591074754,1,1
0.691778268535028,0.543431743181606,1,1
0.914227844605044,0.712062684764071,1,1
0.813126822659233,0.56271773027586,1,1
0.726750858587138,0.577777403099915,1,1
0.72613220134772,0.576794138950032,1,0
0.922507397786109,0.709657745638003,1,0
0.268046797352915,0.185046735065529,1,0
0.298177206307701,0.230953990810672,1,0
0.532380131561171,0.375910277761031,1,1
0.612348886354487,0.46032028758263,1,1
0.258528145820738,0.196331430466213,1,1
0.0520561003126823,0.0454907469203955,1,0
0.782628169908976,0.575495103252815,1,1
0.21275904124588,0.187973169891614,1,0
0.349739969575494,0.242636871768696,1,0
0.799267542714469,0.657865507800988,1,1
0.954518819808574,0.774656329898033,1,1
0.812635173628367,0.562037452662848,1,1
0.15626599947797,0.158296790655259,1,0
0.0560987497297059,0.0528306763839552,1,0
0.546759238341964,0.37055982039741,1,1
0.407407236406775,0.218287224615449,1,0
0.96402681201026,0.787969833907902,1,1
0.56064825003551,0.421663710336791,1,0
0.650123837932401,0.454091935678523,1,1
0.987247982840535,0.822151191918063,1,1
0.978174859266254,0.866576665295978,1,0
0.359653506555894,0.256587124751974,1,0
0.0516992320000836,0.0448691652209895,1,0
0.992796135171095,0.888317304993722,1,1
0.634739156833486,0.41418738144947,1,0
0.730080349370184,0.594049535163416,1,1
0.198798914020406,0.12800369309353,1,0
0.976758774588153,0.864069429153317,1,1
0.466296589299614,0.31799995700706,1,0
0.728818550430013,0.591997916236456,1,1
0.953742373187256,0.775065238338112,1,1
0.283682517116324,0.209045937366649,1,0
0.573897746369488,0.428438340398961,1,1
0.756690973118832,0.566146778448389,1,1
0.0810491625146096,0.110274950028687,1,0
0.10701904278328,0.109678196526943,1,0
0.700044606966235,0.432474165394573,1,1
0.229758217115017,0.212520904513514,1,1
0.108227262772074,0.11216865840747,1,0
0.916231907492597,0.715187906730631,1,1
0.783294646535206,0.576475689857171,1,1
0.727419313933352,0.578840755165113,1,0
0.412338646946585,0.279790545785457,1,1
0.454068467272953,0.334878839923243,1,1
0.119187834423967,0.136038562506864,1,0
0.518026657511887,0.381076241026578,1,1
0.40278894243951,0.213366346527245,1,0
0.773167229900754,0.518773655781957,1,1
0.329353014374932,0.240545722866137,1,0
0.0508248284252426,0.0433642309619064,1,0
0.60303559992977,0.485112570003853,1,0
0.422714098130482,0.294048126927172,1,0
0.70617268260404,0.44007892151725,1,1
0.158358894048054,0.162565371928004,1,0
0.176444286418117,0.100834624173351,1,0
0.68792636892434,0.537396812904469,1,0
0.361562860218913,0.303721230219023,1,1
0.698183710536114,0.479468469248136,1,1
0.800977670717732,0.529071598029669,1,1
0.0390287751229307,0.0255711140745793,1,0
0.584844345181804,0.358677835061689,1,1
0.509529819920808,0.360520585006825,1,1
0.149964057979993,0.145786560347046,1,0
0.930727828537143,0.792720991652141,1,1
0.862342870713305,0.63454846721313,1,1
0.316676483023731,0.22238525065865,1,1
0.0701327185905525,0.0825697851262599,1,0
0.844943388443466,0.625990224961494,1,1
0.180855410722179,0.105939397106497,1,0
0.71371147848215,0.486434307529692,1,1
0.922630039754235,0.709846447881799,1,1
0.852803675100365,0.668645084612957,1,1
0.520759598028961,0.39648967201424,1,1
0.688107883323316,0.537680442469864,1,1
0.398922852181076,0.266236075234161,1,0
0.663261485660204,0.470653086440724,1,1
0.763684126247968,0.5484349341321,1,1
0.686119881236812,0.534578121506143,1,0
0.0583852537065491,0.0572250459223901,1,0
0.922024063729388,0.708914311162429,1,1
0.920026446075058,0.798993777265142,1,1
0.964282739449591,0.788388265984394,1,1
0.388307238931013,0.252255152177702,1,0
0.583424729230736,0.356938682420807,1,1
0.0150993322641628,0.00382732454292915,1,0
0.00826242775050168,0.00114602780909533,1,0
0.743071396185934,0.550085289829439,1,1
0.329652868034611,0.240983923497321,1,1
0.526360822067119,0.405064726451109,1,0
0.797799092757636,0.655450408734126,1,1
0.904431717260008,0.704554631113675,1,1
0.54862980573105,0.460711418721146,1,1
0.572274935634576,0.426018775837959,1,0
0.475768334118435,0.36018189510234,1,0
0.695668744910522,0.476020451548981,1,1
0.19771595833655,0.126612893193072,1,0
0.883706042172965,0.633648193951035,1,1
0.0720258341841299,0.0870876156232449,1,0
0.184958128777502,0.110800400595323,1,0
0.647557126531355,0.475969613995807,1,0
0.112606379208571,0.121429488236391,1,0
0.13305280880995,0.169529886229961,1,1
0.55488167376997,0.471271246569136,1,0
0.740184902229986,0.622938499465296,1,1
0.865277097307907,0.638874070722817,1,0
0.453990594673773,0.334763986541516,1,0
0.95818940363218,0.780625637434295,1,1
0.512414892725935,0.372864590155742,1,0
0.961347618600735,0.783596117378327,1,1
0.431350634049507,0.324128429123897,1,1
0.667644502943316,0.449091543808312,1,1
0.377808485106657,0.307082419495605,1,1
0.948634154315224,0.76851887332067,1,1
0.46748977360647,0.319629469308977,1,0
0.438360766475921,0.272070275542031,1,0
0.420493774508166,0.290967239111636,1,0
0.583643909096445,0.357206920854712,1,1
0.00489176848187811,0.000401709031031859,1,0
0.0766755192023995,0.0986945695698961,1,0
0.149690235921956,0.145254657815314,1,0
0.926758531766835,0.716213359927361,1,1
0.621348912927964,0.39912963834416,1,0
0.727323460175662,0.578688214794542,1,1
0.894978320482737,0.697939492530875,1,1
0.53893476461194,0.360029813801403,1,1
0.780293778926703,0.601996691147006,1,0
0.254815585195161,0.190733132818132,1,0
0.134212710820532,0.172498559559601,1,0
0.475778879471646,0.360197862064097,1,0
0.393272237266167,0.258747194244336,1,0
0.577420302993527,0.429950852105664,1,0
0.250969203150048,0.185018447110134,1,0
0.284583911390733,0.210376524695598,1,0
0.712922452765022,0.485359371691829,1,1
0.902823436650429,0.70205114951518,1,1
0.794546989285109,0.65011761751521,1,1
0.219383734397333,0.199861280581226,1,0
0.805882253555703,0.535570705569321,1,1
0.888180014317916,0.640080424745991,1,1
0.229797709890029,0.212593970554031,1,1
0.983480775234074,0.833658848052882,1,1
0.753014167741819,0.631584516074147,1,1
0.347319096667323,0.239289470065466,1,0
0.692265274901622,0.544197155708085,1,1
0.482660248810596,0.255716583978545,1,0
0.289434052236691,0.217608491473859,1,1
0.677508515894187,0.480131173031225,1,0
0.814327891882946,0.564381338183103,1,1
0.688870029017871,0.538872167737376,1,1
0.22944644561812,0.211944533345358,1,1
0.817809432576723,0.569217515288564,1,1
0.802814032232439,0.531500331034252,1,1
0.810394128153956,0.620419743186356,1,1
0.384709848433537,0.318403730494576,1,0
0.386757252555475,0.321801802071858,1,0
0.592498478891807,0.371937233973205,1,1
0.0743570156213255,0.0928161837258483,1,0
0.476268264096396,0.360939239881703,1,0
0.353878966531673,0.248413825486268,1,1
0.387512788888871,0.251224014513236,1,0
0.266063698217125,0.182318789379798,1,0
0.818192417070684,0.569750775285296,1,1
0.883310534592295,0.633081135289719,1,0
0.460841150094156,0.310602600261627,1,0
0.362533652374902,0.305354395873378,1,0
0.30330278338091,0.267535285534044,1,0
0.455502473144684,0.336997359717039,1,1
0.60342785692361,0.485743878294942,1,1
0.136019391831066,0.177173936134507,1,0
0.395336132125205,0.261470133936378,1,1
0.437625116908056,0.271157874373294,1,1
0.912579270201956,0.70949695693193,1,1
0.927371670672387,0.787014275036875,1,1
0.8875337585858,0.639149295593784,1,1
0.494355828701434,0.338491883423912,1,0
0.62839038255126,0.479239888019782,1,0
0.479683159150601,0.252571749303059,1,0
0.784327594987654,0.577997115553216,1,1
0.00878756574430772,0.00129633420619646,1,0
0.763650957009927,0.548387294608888,1,0
0.402130318551555,0.212669141291578,1,1
0.184593176069562,0.110363577275551,1,0
0.59120945162812,0.366527602835086,1,1
0.753270403209766,0.632014420039927,1,1
0.0792146603136397,0.105339422922062,1,0
0.803852508106804,0.532876259294117,1,0
0.137323695801542,0.180588105713875,1,0
0.421983477232814,0.29303253722157,1,1
0.400125539492848,0.21055394704822,1,1
0.768623715512825,0.512694427733902,1,0
0.294934035463409,0.225957298913562,1,0
0.543573745684966,0.366254536189841,1,0
0.0951859848824073,0.152098812086619,1,0
0.364422504678696,0.308544565259545,1,0
0.457086516644857,0.339345301628917,1,0
0.751183400484123,0.628517167031523,1,1
0.766181752754599,0.552028109690595,1,1
0.135375079648876,0.175499396175216,1,1
0.065607492849571,0.0722581253216034,1,0
0.336716204454309,0.309529931273725,1,0
0.174952531902618,0.0991368118927431,1,1
0.651614984717634,0.456177366856384,1,0
0.89614820632508,0.699765331591894,1,1
0.111724750693252,0.119535517133241,1,0
0.590153661771002,0.365219671810791,1,0
0.386834589240866,0.321930511089175,1,0
0.310540299617733,0.28045566281905,1,0
0.190166290624598,0.117128223156471,1,0
0.167960377665368,0.18287603913062,1,1
0.41930475659982,0.289324046555241,1,0
0.816130959416957,0.566883387471981,1,1
0.223486156956174,0.207405883083776,1,0
0.323332075681233,0.231831227349532,1,1
0.857173773744489,0.686942594049346,1,1
0.277637235841498,0.198525183215699,1,0
0.250659467615457,0.184562045096628,1,1
0.407069310579749,0.217925256088618,1,1
0.590012986888396,0.36504557779294,1,1
0.500533726954505,0.347902498867645,1,1
0.963382400912768,0.786916737073685,1,1
0.082714100534832,0.114852091759567,1,1
0.335793996659865,0.307836754580873,1,0
0.134979630961242,0.174475579365295,1,0
0.806885356385054,0.61505889836592,1,0
0.234216526440748,0.220848585659208,1,1
0.313055677782327,0.28501744841687,1,0
0.133849460285469,0.171566078606454,1,0
0.562474985258662,0.424415962990141,1,0
0.935643796058835,0.707117736790487,1,1
0.912804706282398,0.709847536819461,1,1
0.166096446538338,0.178839647184815,1,0
0.463862597926462,0.314688806680825,1,0
0.403378884832169,0.21399181569931,1,0
0.616403102281456,0.466435807153149,1,0
0.807730794866281,0.616348466646535,1,1
0.901864452244275,0.700560495841208,1,1
0.239099629327177,0.230153379474997,1,0
0.902296166530055,0.701231360207715,1,1
0.685114418265768,0.509240001212384,1,1
0.362581634625024,0.305435230082782,1,1
0.467912132917558,0.320207276452983,1,0
0.197558419535765,0.1264112049032,1,0
0.85929543191374,0.690347413806555,1,1
0.770966825559065,0.515825037653815,1,1
0.276063924492385,0.196281558111414,1,0
0.19560359566463,0.123921925356458,1,0
0.883951496377448,0.634000241364597,1,1
0.0526205371139337,0.0464825943942546,1,0
0.000653142662437878,7.16136667392429e-06,1,0
0.805247302489055,0.534727090455792,1,1
0.468883786351301,0.321538524438546,1,0
0.865429073995593,0.639098513256148,1,0
0.454361070238056,0.335310572668298,1,1
0.0455532748542897,0.0348352566605169,1,0
0.120384746213605,0.138784542901079,1,1
0.311450027988099,0.282101260428896,1,0
0.557175999840853,0.416456923216382,1,1
0.263100363317478,0.20333730521361,1,1
0.462972207619049,0.313481867622733,1,1
0.140847700130954,0.189975543665746,1,0
0.211926424314739,0.186504810207146,1,1
0.504567968419454,0.353533203543817,1,0
0.611734193930899,0.459396587449085,1,0
0.351794319839343,0.245495710502824,1,0
0.934112624981499,0.704805249275482,1,1
0.803014245002023,0.531765464472779,1,1
0.0577496217019495,0.0559858264731834,1,0
0.440003073450707,0.274112702467421,1,0
0.651953407846335,0.456651330976457,1,1
0.0954905808608258,0.153073804626555,1,1
0.593657531451116,0.373393833355981,1,1
0.234235055528306,0.220883530116022,1,0
0.0680696040299252,0.0777832803966038,1,0
0.566909422953181,0.418067725029431,1,1
0.531154657682908,0.374181670708429,1,1
0.898728258049959,0.703800444750473,1,1
0.326950721434328,0.237049451001944,1,1
0.797511924118641,0.654978633502359,1,1
0.367920722423384,0.314496648984033,1,1
0.744716091468116,0.552523074221858,1,1
0.737410603738698,0.618277559867764,1,1
0.692816457287674,0.545064081462296,1,1
0.417743083344209,0.28717292275516,1,0
0.700545668859709,0.43309347985825,1,0
0.658622197496065,0.464091997224847,1,0
0.455384058751561,0.336822167909286,1,1
0.80567793563287,0.535299170064082,1,1
0.208205080924623,0.180012417027282,1,0
0.70899893003361,0.480031784172928,1,0
0.732866765428007,0.598592673204988,1,0
0.899299682062678,0.704695701626761,1,1
0.637346528114285,0.417597154904463,1,1
0.66734659541435,0.448690857805499,1,0
0.504380004479892,0.353269853032262,1,0
0.819440892172041,0.518980182036718,1,0
0.145031976791085,0.136354870360585,1,0
0.316945879717359,0.222763777875594,1,1
0.454578376649831,0.335631386077223,1,1
0.39645929578025,0.262957935814692,1,1
0.309698069844376,0.278936453914375,1,0
0.0662371757152846,0.0736518091319364,1,1
0.661166215861402,0.467684159154031,1,0
0.853788534816745,0.670190344968263,1,1
0.855996099240983,0.68505630433178,1,0
0.233427592608057,0.219363280777164,1,0
0.1490811999493,0.144075083951696,1,0
0.827722911942787,0.639372027352741,1,1
0.0120474333996274,0.00243651379528897,1,0
0.89675759471598,0.700717347908039,1,1
0.0751724744289176,0.0948631405693975,1,0
0.264549535913228,0.205583462376225,1,1
0.343510568088934,0.322147541992047,1,0
0.127642085887974,0.156022043448241,1,0
0.458063166762521,0.340796999233513,1,0
0.835189936637158,0.591086692027947,1,1
0.993845780467541,0.890196665625449,1,1
0.271617049877544,0.190009028499309,1,0
0.27204542776233,0.190608842479332,1,0
0.316903056287358,0.222703585488158,1,1
0.191196093619697,0.118400221334578,1,0
0.841509884900053,0.625187101297585,1,1
0.730211284436041,0.594262631954504,1,1
0.334701695409694,0.305837293112476,1,0
0.940234582497363,0.791043363181483,1,1
0.371222668190287,0.320166950558012,1,0
0.737898835567487,0.619096541076644,1,1
0.14026660692539,0.188411218892798,1,1
0.474951930686104,0.358946834166607,1,1
0.712118030563166,0.484264684377695,1,0
0.508960303610889,0.359715106709718,1,1
0.552610618873879,0.467421443407132,1,1
0.583531276421937,0.357069065261306,1,1
0.701150948039002,0.433842198249336,1,1
0.645759013864246,0.473329974294724,1,1
0.383337494623629,0.316136134807065,1,1
0.13027427484867,0.162523252506594,1,0
0.150831100235888,0.147477212363457,1,0
0.640465881971665,0.465602231109919,1,1
0.910034181632676,0.681494471364946,1,1
0.32369275640313,0.232348736737767,1,0
0.0389109261572604,0.0254169211951793,1,0
0.0275685070218508,0.0127586963410964,1,0
0.661567811301783,0.468252478776741,1,0
0.966270563933585,0.793952658233336,1,1
0.988777639577171,0.824700872262361,1,1
0.917551320670988,0.794700531900771,1,1
0.652012677370879,0.456734363712279,1,1
0.778343091169508,0.598990542033348,1,1
0.389146760242111,0.253347083938726,1,0
0.935335144252435,0.706651283277195,1,1
0.761200276660477,0.57291449345804,1,1
0.98186574096487,0.830923091240229,1,1
0.399151863955138,0.266541842109161,1,0
0.371246763379616,0.320208514472699,1,1
0.918901349280225,0.797040799319061,1,1
0.254227322534484,0.189853503204461,1,0
0.895512768322361,0.698773308546234,1,1
0.0238225690782543,0.00952701823124143,1,0
0.112372133817396,0.120924815001086,1,0
0.545802274459781,0.369263812905279,1,0
0.430459710343115,0.322790883943727,1,1
0.629073529940721,0.480282454702741,1,1
0.31065398786211,0.280661049033991,1,0
0.713222485834749,0.485767984169976,1,1
0.42931991021256,0.321083732333297,1,0
0.54424489539513,0.367159522419917,1,0
0.501907866988081,0.349815348914951,1,0
0.0471078068661952,0.0372533710531162,1,0
0.638261570439683,0.41879710927837,1,0
0.719657842491954,0.545717690880936,1,1
0.710867123244108,0.482564858888833,1,1
0.427215831636286,0.317944209200388,1,1
0.913313862528945,0.710639653916818,1,1
0.456006619564036,0.337743744388976,1,1
0.659747616113999,0.465679383782549,1,0
0.0496449648904208,0.0413742583732271,1,0
0.0520663934816745,0.0455087386729964,1,0
0.0532343147975202,0.0475732852426858,1,0
0.507022702856369,0.356981464988313,1,0
0.0826974533917435,0.114805865861165,1,0
0.696637911271386,0.477347704988493,1,1
0.336082924408727,0.30836672739697,1,1
0.114119995538087,0.124715854961079,1,0
0.179257461135527,0.104075610427631,1,0
0.131463608382292,0.16550429678074,1,0
0.915402647823455,0.713893893517681,1,1
0.762456935266591,0.546673751411253,1,1
0.392354914324655,0.257541526031618,1,1
0.880122148883506,0.627537583172912,1,1
0.0205543832244695,0.0070923262526287,1,0
0.724988872895105,0.574979191286017,1,1
0.311029159498434,0.281339357707213,1,0
0.771389517194485,0.51639080700117,1,1
0.219035646187396,0.199227558450471,1,1
0.820902816618773,0.520833608223509,1,1
0.127565087647999,0.155833864146758,1,0
0.213096919712297,0.188570676978961,1,1
0.765920899875863,0.55165228865762,1,1
0.556923478419431,0.416079518363557,1,0
0.397079998106391,0.263781961750578,1,0
0.568637417957405,0.42062023134718,1,1
0.245586594080001,0.177167264774859,1,0
0.429382142658056,0.321176825030087,1,1
0.0270698296845024,0.0123012955530877,1,0
0.609771869123488,0.456454004105627,1,1
0.501387051292509,0.349089738459839,1,0
0.611378240458925,0.45886211925475,1,0
0.150397780122129,0.146631059988138,1,0
0.887344173193907,0.638876268395355,1,1
0.288707826072203,0.216517847738839,1,1
0.889983795439663,0.618032495724011,1,0
0.334323886567129,0.305147228972274,1,0
0.676446817455588,0.478627560615756,1,1
0.175674755701569,0.0999569972130146,1,1
0.160201515329673,0.166370515129185,1,1
0.670108902423653,0.452413022694794,1,1
0.224864717445181,0.203564566925139,1,0
0.779654830737589,0.601011197678393,1,1
0.177006189613591,0.101477881227275,1,0
0.974012912440279,0.801020837032866,1,1
0.260480231287001,0.19930752939647,1,0
0.114812706182018,0.126234505577392,1,0
0.0849898920577697,0.121259105921456,1,0
0.749687032733088,0.626015631236822,1,1
0.552820210772722,0.467776074038324,1,0
0.0635747580431105,0.0678499041347466,1,0
0.757929804918477,0.568002053007371,1,1
0.902856162703961,0.702102047130329,1,1
0.453652369367559,0.334265370595101,1,0
0.930023367554942,0.791521436526898,1,1
0.481835658689651,0.25484358377299,1,0
0.934363781825849,0.705184305194389,1,1
0.51986312572367,0.395125756418004,1,1
0.746905849170836,0.555777120830606,1,1
0.345001619791469,0.324950257083979,1,0
0.0504284326759913,0.0426904514286773,1,0
0.501746680294728,0.349590700014121,1,0
0.930026024300293,0.791525958722734,1,1
0.733194388869885,0.59912798695277,1,1
0.510115518565919,0.369525766095245,1,0
0.0657349403943306,0.0725391318033159,1,0
0.473063660361634,0.35609837196936,1,1
0.575777090673104,0.427507241237001,1,1
0.870926068344412,0.580316184455881,1,1
0.998631040092314,0.929547081378868,1,1
0.0532954843406612,0.0476826773910195,1,0
0.0399809225074098,0.0268340007611715,1,0
0.754477141857071,0.634041015340761,1,1
0.969445272061659,0.799178334661463,1,1
0.209516024144285,0.182286415224023,1,0
0.396088665542359,0.262466512821239,1,0
0.348021728055982,0.240258621265316,1,0
0.685160998200442,0.509309248543089,1,1
0.388174801258777,0.252083111151086,1,0
0.975964900383101,0.86266543118311,1,1
0.478599098150189,0.364480723328809,1,1
0.585379346341911,0.359334354455128,1,1
0.923546772557786,0.711257767232522,1,1
0.102554901097085,0.100718909862876,1,0
0.846471944078088,0.628257184877125,1,1
0.281562623452574,0.204178584101207,1,0
0.938155726874756,0.787549241564352,1,1
0.936697412867952,0.70871118639552,1,1
0.297461420675646,0.229846494167129,1,0
0.909051676354282,0.680023734370691,1,1
0.551161344813061,0.464972943690753,1,1
0.504490493607289,0.353424644073398,1,0
0.594507081009852,0.374463283417155,1,0
0.773995337146379,0.519885524650763,1,0
0.584374025904939,0.358101184977896,1,0
0.404839235003054,0.215544046977358,1,0
0.357689027200583,0.253791748225841,1,1
0.879763888883063,0.627026799851552,1,1
0.509668741327202,0.360717200994178,1,1
0.829091920667106,0.641488749567576,1,0
0.616405822263184,0.46643992361417,1,1
0.897717771246716,0.702218695770645,1,0
0.683463712908729,0.506789045563889,1,1
0.132217812665862,0.167408734179816,1,0
0.513373126895972,0.374260434305417,1,1
0.221815987921356,0.204317472510799,1,0
0.623087403865888,0.401366236697682,1,1
0.493887100970327,0.337850299748211,1,0
0.539219955928072,0.36041095285714,1,0
0.389828642011345,0.254235715829617,1,0
0.609327269376617,0.455788622965852,1,1
0.936938421126166,0.709075930057656,1,1
0.546557088786489,0.370285861952764,1,0
0.33198949004523,0.300900761749632,1,1
0.00644624327744137,0.000697578664860062,1,0
0.149247687107741,0.144397056741592,1,1
0.0601738937499418,0.060784946126723,1,0
0.0500933529632624,0.0421250093355008,1,1
0.88835875105879,0.640338069364544,1,1
0.380642020810065,0.311705883422644,1,0
0.0826714721412874,0.114733739543464,1,0
0.0307835474454128,0.015908056981718,1,0
0.55038691842958,0.463667212283257,1,0
0.57716947438818,0.429577396068214,1,1
0.618536868696846,0.395525124315578,1,1
0.415155464563042,0.283626280761208,1,1
0.741877636276736,0.548319262252347,1,1
0.950095174102223,0.769148730270309,1,1
0.463144485616514,0.313715212413978,1,1
0.164600767748882,0.175633289316099,1,0
0.0494964704521293,0.0411271171473643,1,0
0.410149872334317,0.221236104626611,1,0
0.964577342408591,0.791172567601252,1,1
0.609556033432101,0.456130927117073,1,1
0.151768246515963,0.14931552127974,1,0
0.164095508537309,0.174556694842809,1,0
0.659076314916882,0.464732197078517,1,1
0.572967516112746,0.427050555525226,1,1
0.811609488279221,0.622282044030217,1,1
0.0902361684117555,0.136691370742014,1,0
0.387882216477604,0.251703241642866,1,1
0.864544963580055,0.637793391776415,1,1
0.629566363206536,0.481035282083547,1,1
0.0685618181022835,0.0789122556464203,1,0
0.977163939558562,0.864786419435014,1,1
0.506589859155311,0.356372217227895,1,1
0.205115883762849,0.17471025643499,1,0
0.707142902206297,0.477521805278334,1,1
0.624922394175981,0.473964784351874,1,1
0.756035458245741,0.565166307162755,1,0
0.299969965504256,0.233739512862489,1,1
0.714738050511606,0.538281822718768,1,0
0.666139774688038,0.447069511957698,1,1
0.85609422233039,0.685213369752461,1,1
0.155541206714926,0.156831772124051,1,0
0.180586987168001,0.105625162362583,1,0
0.266280307731066,0.182615771345776,1,0
0.59040487290781,0.365530664631622,1,1
0.0503283220272059,0.0425211212942774,1,0
0.828940795871585,0.641254912960901,1,1
0.879299324556719,0.626364764556059,1,0
0.714149641625152,0.537395905329603,1,1
0.35571372081838,0.250996402638799,1,0
0.104269563578231,0.10411499626,1,0
0.012566541691992,0.00265100995922838,1,0
0.753059462866078,0.631660500194402,1,1
0.654875394807308,0.460753830881327,1,1
0.95080489068591,0.770298260355442,1,1
0.942346137796549,0.794600363596544,1,1
0.0832392605808727,0.116315136263152,1,0
0.964705220862993,0.791382360278744,1,1
0.500478727456898,0.34782604683111,1,0
0.0721268904291429,0.0873321645823914,1,0
0.961805710566012,0.784343078419854,1,1
0.342446804744226,0.320155416163291,1,1
0.144136824154607,0.134676871540258,1,0
0.791437714886963,0.586734339146227,1,0
0.209182861781699,0.181707149869338,1,0
0.450216248209235,0.329220862813343,1,1
0.543740123817673,0.366478778335937,1,1
0.32042739499225,0.227684586874203,1,0
0.418421627346421,0.288106595762016,1,1
0.781921769732596,0.574456688355034,1,1
0.450064208787469,0.328998542548242,1,1
0.398253113879704,0.265342875871344,1,1
0.800207932174543,0.528055212344632,1,1
0.930865047510886,0.792954753609519,1,1
0.556323854200949,0.47372417101684,1,1
0.205721872462337,0.175744099669814,1,0
0.226552544036527,0.206631932486217,1,0
0.688706758356274,0.538616759357776,1,1
0.400882402627788,0.211351253018564,1,0
0.819393586371474,0.518920262975871,1,0
0.894981152598042,0.697943909728925,1,1
0.377109308655867,0.305946891114879,1,1
0.291891761809286,0.221319797422613,1,0
0.95285370112556,0.773621540438846,1,1
0.801276223407118,0.529466078904955,1,1
0.157559701985332,0.160928670450135,1,0
0.895344644101922,0.698510956754143,1,1
0.920552207182974,0.799907229015143,1,1
0.195470938057868,0.123753895607404,1,0
0.803184261538012,0.531990662203982,1,1
0.776740752943195,0.596526853407966,1,1
0.562638737216691,0.424663117310986,1,0
0.537712881423602,0.383478837846259,1,1
0.377197257416823,0.306089612533053,1,1
0.924070301916711,0.71206437470436,1,1
0.173089659038848,0.194216161631076,1,0
0.251744314657985,0.186163060748372,1,0
0.224946509291208,0.203712682200923,1,0
0.852033740283039,0.667438286958788,1,1
0.321091121040115,0.228628805170394,1,1
0.731559852895426,0.596459650497698,1,0
0.261865712018004,0.201433380702726,1,0
0.188195199999999,0.114712717801634,1,1
0.950773542750653,0.770247467890733,1,1
0.964806152596543,0.79154796479765,1,1
0.0332973281832705,0.0186122372404234,1,0
0.615722906746654,0.465406959306302,1,1
0.80920260310925,0.61859667419077,1,1
0.127053823391191,0.154587243646835,1,0
0.111813335311488,0.119725147559904,1,0
0.119935945152033,0.137751678720478,1,0
0.540217023675861,0.361745051763037,1,1
0.0649917570271291,0.0709081839426287,1,0
0.0302403233288476,0.0153515653981458,1,0
0.410045869634259,0.221123920098272,1,0
0.0381452668669815,0.0244264931904211,1,0
0.906515831127393,0.676235105435932,1,1
0.635679644014827,0.415415686040771,1,1
0.633202435964946,0.412184291186687,1,1
0.215084506311636,0.192104735202635,1,0
0.928671157808426,0.789221440734258,1,1
0.398672966216321,0.265902638223393,1,1
0.879117514777275,0.626105768641241,1,1
0.949510591229173,0.768202524331589,1,1
0.0784308753200688,0.103265185682487,1,0
0.824524899477246,0.52543991330371,1,1
0.00123928055628642,2.57821468760326e-05,1,0
0.34238725994762,0.320044088322113,1,0
0.260240276988226,0.198940494476598,1,0
0.531215793956046,0.374267812810429,1,1
0.0774518317477846,0.100703181903104,1,0
0.0444525805710748,0.0331721608057208,1,1
0.895330196395003,0.698488413926137,1,1
0.76491341154021,0.550201962105452,1,0
0.716777122259251,0.541357525537549,1,1
0.770043456357087,0.514590194045362,1,0
0.137062138356707,0.179900836407836,1,0
0.622830339218762,0.401035124928476,1,1
0.844219354983144,0.624917860387149,1,1
0.0552318790604459,0.0512105504382991,1,0
0.798596544918929,0.656761394372834,1,1
0.799428436162452,0.658130392580329,1,1
0.887979737643766,0.639791792434115,1,1
0.391842748716035,0.256869594490224,1,0
0.755719229017356,0.564693618412623,1,1
0.742920146683884,0.549861376867492,1,1
0.391729344450818,0.25672093336326,1,0
0.951987623436622,0.772215843308321,1,1
0.0401970678640386,0.0271249256541498,1,0
0.190758409145393,0.117858760235857,1,0
0.365686716286461,0.310689011339245,1,0
0.794731276633678,0.65041922924567,1,1
0.645032090816552,0.472264930524896,1,1
0.507361655904878,0.357458920535653,1,0
0.984185447777709,0.834853923695703,1,1
0.132717939869999,0.168677610299613,1,0
0.414555204590746,0.282806701404533,1,1
0.679500059587708,0.500927984173028,1,1
0.379237575289263,0.30940993980094,1,0
0.206898362449551,0.177759951342582,1,1
0.438669271918095,0.272453360446664,1,0
0.786141813854472,0.580674124614683,1,1
0.304969205663427,0.270483174760386,1,0
0.457696643492544,0.340251834000035,1,1
0.418111560198167,0.287679756969425,1,1
0.214828841237049,0.191648307338249,1,0
0.680566474669359,0.502501542076758,1,1
0.44349241510885,0.278477514770337,1,0
0.584618880156753,0.358401338521528,1,0
0.111278381517205,0.118582274766869,1,0
0.873936251378821,0.618139363619424,1,1
0.858688194158091,0.689372063818775,1,1
0.320714531832096,0.228092828653578,1,0
0.294851694581255,0.225831149172251,1,1
0.153956658139815,0.153652656405109,1,1
0.764005238836885,0.548896241053584,1,1
0.78060753264294,0.602480910495877,1,1
0.383751313062877,0.316819050391285,1,0
0.793869182124381,0.649008894111632,1,1
0.521480053751867,0.397587494697996,1,1
0.938038703831198,0.710742298016903,1,1
0.619779793706051,0.397116305139311,1,1
0.119891587785082,0.137649804810537,1,0
0.0081630517891117,0.00111862600184038,1,0
0.378684816062288,0.308508633769387,1,0
0.817485306825134,0.56876640409767,1,1
0.270453659508683,0.188384820718001,1,1
0.16452491820602,0.175471459751069,1,1
0.648314013920183,0.451567239505543,1,1
0.235101042080587,0.222519798942967,1,0
0.301396150016963,0.264182276920373,1,0
0.0306752997749359,0.0157963750864685,1,0
0.735227178798344,0.614621620933463,1,1
0.357290074060396,0.253225924052382,1,0
0.587683296569669,0.362168474533762,1,1
0.805720934901091,0.535356309736893,1,1
0.761061594142168,0.572705754734732,1,1
0.0512290931593622,0.0440568195984621,1,0
0.305902091778389,0.272140495735936,1,0
0.813186203641789,0.562799921518109,1,1
0.0622814886266047,0.0651175084565698,1,0
0.961364455357958,0.783623564958921,1,1
0.0425247587548433,0.0303573266295448,1,0
0.364789770388244,0.309166782264263,1,0
0.640061904149915,0.421163029303141,1,0
0.597810619034228,0.378636457279756,1,0
0.63742233978031,0.417696506254255,1,0
0.160405951398441,0.16679540294318,1,0
0.507071208028964,0.35704977071005,1,0
0.154220159943113,0.154179069495429,1,0
0.0323738385608983,0.0175941463345798,1,0
0.748097514028776,0.557551985504559,1,0
0.392142629180318,0.257262913746072,1,0
0.559697215905997,0.420234377577279,1,0
0.0694131382721792,0.0808841016512979,1,0
0.839575002726836,0.622315423351818,1,0
0.406334970759221,0.217139705108721,1,1
0.153371069925285,0.152486015512978,1,0
0.183003535424094,0.10847095014731,1,0
0.660224887847806,0.466353386971207,1,1
0.652219877221245,0.457024696498561,1,1
0.0585187603391011,0.0574870524260127,1,0
0.426329183397674,0.316625849166672,1,1
0.449747678003191,0.328535935016217,1,0
0.34234625801005,0.319967440365028,1,0
0.705467828762284,0.439200845884644,1,1
0.61819833652152,0.39509229210922,1,0
0.98599425706807,0.82006438562462,1,1
0.0387856265853568,0.0252534914347936,1,0
0.824763683579962,0.634808505819085,1,0
0.736713617094955,0.617109343557519,1,1
0.981113025997822,0.829649580043069,1,1
0.409096316805041,0.220100982204821,1,0
0.61705613904855,0.39363367761796,1,0
0.926766402702609,0.716225525541383,1,0
0.775118826749383,0.594038217721775,1,1
0.64525684880727,0.47259410425522,1,1
0.129961544849947,0.161743898462403,1,0
0.734509225944711,0.601278745449269,1,1
0.997573307906473,0.92757900482899,1,1
0.0249737943510291,0.0104700527256663,1,0
0.831109781826385,0.585325525371357,1,1
0.498158317560052,0.343719137343085,1,0
0.935475115260136,0.706862796965553,1,1
0.143583822215069,0.133645439059391,1,0
0.651230143115948,0.455638692359228,1,0
0.209323718860802,0.181951943878805,1,0
0.596014697885511,0.376364902435844,1,1
0.493432528792478,0.337228673185453,1,1
0.869591070850273,0.57853847469245,1,1
0.990375183568446,0.883990231144475,1,0
0.848924338723757,0.662575693604617,1,0
0.467646704126788,0.319844096625942,1,1
0.841747759796127,0.62554060240008,1,1
0.160826907019348,0.167671998766361,1,1
0.017931376089753,0.00539767889880715,1,0
0.625059393143173,0.474172617529239,1,1
0.424501667355927,0.313917150651908,1,0
0.848062887687202,0.630621022356879,1,0
0.746368223179899,0.554977307341865,1,1
0.184363079122189,0.110088610500999,1,0
0.534140300992471,0.378400076117828,1,0
0.611047372683426,0.458365596491418,1,0
0.359570788755738,0.256469111823432,1,0
0.369440029711706,0.317099403222516,1,1
0.352262103553557,0.246149019779864,1,0
0.747559890922468,0.556750899775751,1,0
0.306802378529574,0.273744701919737,1,1
0.482373678000427,0.25541301991162,1,1
0.579537088799232,0.433108974761515,1,1
0.534423963546296,0.378802091967981,1,0
0.924341421700028,0.712482271609936,1,1
0.734927014502446,0.614119871781833,1,1
0.236097769083963,0.224410574420201,1,0
0.243448311450373,0.238601452910464,1,0
0.284994755373379,0.210984389829203,1,1
0.660443467004395,0.466662227203041,1,1
0.85146710883381,0.666550843772408,1,1
0.676536323038286,0.478754230360747,1,1
0.969938441919366,0.794333226735799,1,1
0.0950700457004194,0.151728516556332,1,0
0.438297380431512,0.271991599651951,1,0
0.663252132337157,0.470639812221081,1,0
0.324006633770579,0.232799561584227,1,1
0.419873059929162,0.290108846832216,1,0
0.143868664072479,0.134176217165307,1,0
0.998555987841187,0.929407366155525,1,1
0.176508899111538,0.10090848759733,1,0
0.452465870594882,0.332519157721096,1,0
0.343984543088855,0.323037152012451,1,1
0.855880930348677,0.684871976697,1,1
0.518123058299556,0.381218084954541,1,1
0.985958901969605,0.820005576078661,1,1
0.938036658429577,0.710739198460653,1,1
0.405160480532242,0.215886257059337,1,0
0.599493313685543,0.380771000244282,1,1
0.000892129474690306,1.33608959713654e-05,1,0
0.171369120083514,0.190374271950987,1,0
0.267688983684277,0.184553029797069,1,0
0.262909537553513,0.203042452522071,1,0
0.365739034438256,0.310777917153409,1,0
0.184038890991193,0.109701786387222,1,0
0.605919579822843,0.48976370616906,1,1
0.457779823287324,0.340375517010939,1,1
0.947745094337167,0.767079036489612,1,1
0.180765297914361,0.105833852924208,1,0
0.690414007044427,0.541290444473652,1,1
0.813009586689863,0.562555477596581,1,1
0.290060205629787,0.218551045957306,1,0
0.830979286455561,0.585141731902343,1,1
0.70830103033982,0.479087215327277,1,1
0.295661374329619,0.227073142831883,1,0
0.509397463776175,0.360333310718663,1,0
0.452091904266396,0.331969725871523,1,0
0.403110857410485,0.213707533989854,1,0
0.597718637225449,0.378519948854743,1,1
0.0581984064809166,0.0568593634486814,1,0
0.322211781263899,0.230227493564538,1,0
0.234156088952635,0.220734624344291,1,0
0.48022314227749,0.253140713399025,1,1
0.690601388768303,0.541584302070936,1,1
0.074943783057605,0.0942868290324027,1,0
0.25356047750431,0.18885882786846,1,0
0.0659247083330784,0.0729585577937856,1,0
0.171194495875553,0.189986488915942,1,1
0.123023250566635,0.144934765481574,1,0
0.0338235782938625,0.0192052032779235,1,0
0.0671687214514233,0.0757380239057776,1,0
0.676734380234618,0.479034583674632,1,1
0.235988128307793,0.224202196029868,1,0
0.47888445496649,0.364915484135759,1,0
0.507675772335761,0.35790167562919,1,0
0.0197460196923027,0.00654544138385755,1,0
0.254837228580382,0.190765534964809,1,0
0.997802432155341,0.928005149450697,1,1
0.912125139325248,0.708790992386013,1,1
0.350220521656702,0.243304108969927,1,1
0.556355006287289,0.473777226119001,1,0
0.0185224529888167,0.00575939425417476,1,0
0.993583111810223,0.889726178417353,1,1
0.0708227689135282,0.084202621092079,1,0
0.368495897708443,0.315480731059853,1,0
0.089992777576781,0.135954979576086,1,0
0.952564047871636,0.773151273203816,1,0
0.561360482510961,0.422735731337752,1,0
0.578981856844511,0.432279482561676,1,0
0.15610655454613,0.157973921386903,1,0
0.11075968141659,0.11747936003335,1,0
0.400928563286838,0.211399929013135,1,0
0.298175159721106,0.230950820442788,1,0
0.861907409674693,0.633907767611102,1,1
0.108240852604935,0.112196829664612,1,0
0.0193899519755943,0.00631150998004576,1,0
0.188843554864273,0.115504477242545,1,1
0.437091695418818,0.270497248281146,1,0
0.596688456353574,0.377216298781809,1,0
0.593531787868932,0.373235671778954,1,1
0.601533317172552,0.482698555025862,1,1
0.829056469053648,0.641433891175145,1,1
0.113145667146323,0.122595359447832,1,0
0.120166271416781,0.138281266323475,1,0
0.119924766136839,0.137726000741444,1,0
0.229334178962301,0.211737177919002,1,1
0.670680337981158,0.453184942349933,1,0
0.261089676022697,0.200241258776663,1,0
0.283773563528274,0.209180143287939,1,1
0.270692173570968,0.188717241747022,1,0
0.153699353047531,0.153139491546599,1,0
0.814734160494059,0.56494461894812,1,1
0.435636467806128,0.330601408162244,1,1
0.979710838161688,0.86930028570379,1,1
0.0713922084042415,0.0855621007858521,1,0
0.200607529603209,0.167114554539376,1,0
0.13765657756212,0.181464681995522,1,0
0.188846944522397,0.11550862378812,1,0
0.273061728751886,0.192035646793664,1,0
0.262237734344902,0.202006124228096,1,1
0.844667459008099,0.625581437987158,1,1
0.587533115082743,0.3619833950851,1,1
0.974003980829354,0.801006146521961,1,1
0.125809537772899,0.151574208732458,1,0
0.638994425916563,0.419759391739962,1,0
0.552450068917231,0.4671498829681,1,1
0.0992037084616815,0.165209729897015,1,0
0.444491027063815,0.279733022439487,1,0
0.513824088170023,0.374918244707366,1,0
0.0165050439019745,0.00457312607131808,1,0
0.940350614167995,0.791238616043291,1,1
0.225286940384872,0.204329740969272,1,0
0.0370531953607859,0.0230478882140813,1,0
0.463434149073365,0.31410774758434,1,0
0.631765725975274,0.484402104518312,1,1
0.824597128013219,0.525531974605908,1,1
0.697674679909109,0.478769583952161,1,1
0.634628170780223,0.414042550290489,1,1
0.699514606860208,0.481298162542138,1,1
0.492972306176236,0.336599902782813,1,1
0.139241858463958,0.185668316098226,1,0
0.182927999927828,0.108381424924764,1,0
0.353778972669177,0.248273459141741,1,1
0.681087900288963,0.503271834360514,1,1
0.927092436265076,0.716729546044536,1,1
0.632932651159485,0.411833132179363,1,0
0.617622030984458,0.394355998495483,1,0
0.930295977217592,0.79198552812642,1,1
0.931040512887773,0.793253721152549,1,1
0.158965207864269,0.163812593592951,1,0
0.134414038283664,0.17301646497686,1,0
0.428806217029051,0.320315820834418,1,0
0.535037053222051,0.379671711894966,1,0
0.875176370548378,0.619894892935382,1,1
0.514511144321216,0.375921553463724,1,1
0.358809247807082,0.255383901846202,1,0
0.138067416554206,0.182549468796623,1,0
0.943729837882723,0.76059312671912,1,1
0.394153350272332,0.259907921564549,1,0
0.70962011591986,0.480873307580183,1,1
0.366600259347006,0.312243250533178,1,0
0.23569752440017,0.223650355407459,1,1
0.713853474433464,0.486627883156224,1,0
0.697123941763388,0.47801400944593,1,0
0.827995519041033,0.639793245740235,1,0
0.212013130235917,0.186657451667298,1,0
0.230879295577838,0.214599906299632,1,0
0.640426530836969,0.465545018341018,1,1
0.156576981343358,0.158927464182127,1,0
0.432157129913409,0.325341607425594,1,0
0.670089786917448,0.452387212022638,1,0
0.808741682149952,0.617892170848405,1,1
0.748625078969806,0.624243348211206,1,1
0.0284105764655697,0.0135500188121509,1,0
0.86491927594199,0.638345787873658,1,1
0.235766501553949,0.223781277633539,1,1
0.0809764889546072,0.110077280367488,1,0
0.250217519535008,0.183911800879703,1,1
0.105307459114515,0.106198026077959,1,0
0.246360180173644,0.178285159583349,1,0
0.0981491486974455,0.16171595900803,1,0
0.642520613253172,0.468594496927217,1,1
0.382614290983884,0.314944416598561,1,1
0.208990120096192,0.181372453163297,1,0
0.516270945251727,0.378497507215324,1,1
0.197997338570764,0.126973528892298,1,0
0.769570896447671,0.51395880090044,1,0
0.334479804900432,0.305431917824799,1,0
0.137712595266083,0.181612401825936,1,0
0.788753449299401,0.582761114370174,1,1
0.217362175302684,0.196194920602321,1,0
0.702492484514986,0.435503957190954,1,1
0.803796234580136,0.532801654123455,1,1
0.475667252478315,0.360028863021416,1,0
0.814171104561045,0.564164031810852,1,1
0.472363929685696,0.355045707418381,1,0
0.438769337434604,0.272577674126726,1,1
0.584123501578481,0.35779421093745,1,1
0.0297746202116619,0.0148823758239197,1,0
0.0356561219847477,0.0213426341628856,1,0
0.391775748771619,0.256781759371435,1,0
0.884390563766627,0.634630226077835,1,1
0.444416231178636,0.279638887271961,1,0
0.688763862905354,0.538706082547754,1,1
0.828745266751487,0.640952432441587,1,1
0.745299481727008,0.553389076280488,1,1
0.235103023536787,0.222523549799103,1,0
0.822967787506446,0.523457204897382,1,0
0.0912072958567632,0.139649365251167,1,0
0.976206013005979,0.863091727698263,1,1
0.830331851569682,0.643408914214032,1,1
0.774197348600017,0.520156938523452,1,1
0.659472054274685,0.465290457273473,1,0
0.0183924564082442,0.0056788353514726,1,0
0.935630311657287,0.707097355122088,1,1
0.661612652595776,0.468315957556386,1,0
0.710049297129176,0.48145515184679,1,1
0.0177748325444905,0.00530384522726778,1,0
0.175594613091416,0.0998658174943828,1,0
0.124765068839673,0.149067921969975,1,0
0.827721983097773,0.639370592386576,1,1
0.515974893759109,0.378063538871616,1,1
0.198902181946212,0.128136713027042,1,0
0.6086487212032,0.454774053788618,1,1
0.274606971366047,0.19421523665648,1,0
0.129831667756086,0.161420782406531,1,0
0.715228719303772,0.539021139032909,1,1
0.90049750137307,0.698438434063094,1,0
0.692085132146247,0.543913968255387,1,0
0.180766544299969,0.105835312388468,1,0
0.96075784641954,0.782634963632347,1,1
0.946856708776935,0.76564164039341,1,1
0.574356336895592,0.429123327457893,1,0
0.527748076749943,0.407202683578519,1,1
0.0454145219994867,0.034623367173053,1,0
0.520923204518639,0.396738840626694,1,1
0.679219290295086,0.500514103007006,1,1
0.556748198282545,0.474447126586701,1,0
0.537729117421109,0.383501996136373,1,0
0.674235492125327,0.475503379236642,1,1
0.404909422200471,0.215618791432348,1,1
0.22062136842576,0.202122640919247,1,0
0.0388632005609832,0.0253546099667948,1,0
0.588016123225696,0.362578809337988,1,1
0.389219931630818,0.253442366760947,1,1
0.219225972438515,0.199573937764446,1,0
0.24904201214014,0.182187845986019,1,1
0.507292032288201,0.357360821379164,1,0
0.643542804790872,0.470086664919264,1,1
0.969173354569338,0.798730078120393,1,1
0.676876833935532,0.479236280037772,1,1
0.277488535479403,0.198312583050651,1,0
0.483204705009649,0.256293822338871,1,1
0.510659483828908,0.370314279077073,1,0
0.137307376127917,0.180545185753001,1,1
0.684318561966665,0.508057581295028,1,1
0.575624093934829,0.427280075118431,1,1
0.635066174347234,0.414614269935121,1,1
0.355410893782211,0.250569226860143,1,0
0.651657717911099,0.45623720143766,1,1
0.223088377034653,0.206668222415869,1,0
0.388518813684878,0.252530116722829,1,0
0.356915870486314,0.252695775409349,1,0
0.757749534299153,0.567731891036715,1,1
0.414559945994966,0.282813170548042,1,0
0.294944930653569,0.225973993448038,1,0
0.184041427071405,0.109704809818249,1,0
0.861716029554027,0.633626289867929,1,0
0.993782286859075,0.890082925658629,1,1
0.140867513641493,0.190028996397824,1,0
0.313780037418493,0.286337941872912,1,0
0.802329340886509,0.530858748215351,1,1
0.956237390021903,0.777448312081998,1,1
0.759451967871857,0.570285799770721,1,1
0.926536825626325,0.715870725031577,1,1
0.0892857486283487,0.133827108675057,1,0
0.866856685510457,0.574905824817991,1,1
0.983976798352012,0.834499979573492,1,1
0.541622219752448,0.363629419792763,1,1
0.848619897158001,0.66210055252847,1,1
0.381900145919405,0.313769833712026,1,1
0.680451191862192,0.50233131658344,1,0
0.451178276831929,0.330629333877243,1,0
0.619366583148663,0.396586962457509,1,0
0.0917557200012957,0.141333821297845,1,0
0.903457773692224,0.703038039047444,1,1
0.0152572663206283,0.0039078083857853,1,0
0.555251063723596,0.47189891483229,1,0
0.102268805738162,0.100157746627416,1,0
0.965656520196147,0.79294389987694,1,1
0.499078646297488,0.344990326829135,1,1
0.984869485514997,0.836014822885928,1,1
0.583760407739165,0.3573495361515,1,0
0.499140437463838,0.345075758952863,1,1
0.394875331647227,0.260860954382933,1,1
0.86318316126498,0.63578571259319,1,1
0.33703823454196,0.310122273517979,1,0
0.72877028040826,0.591919502189547,1,1
0.109149840298225,0.114089160762404,1,0
0.765919731684256,0.551650605885725,1,1
0.727014599830837,0.578196835370146,1,1
0.766708511204639,0.552787421510568,1,1
0.946854483993211,0.765638042414871,1,1
0.113327914708423,0.122990614520777,1,1
0.198561405154952,0.12769801887858,1,0
0.0782563915720166,0.102806232386325,1,0
0.362154514023325,0.3047160494772,1,0
0.469550460285389,0.35082889346445,1,0
0.522025773081699,0.398420066175193,1,1
0.322201555848762,0.23021288122272,1,1
0.909041597460921,0.680008655252783,1,1
0.640110372385951,0.421226816264566,1,1
0.761446940269075,0.573285854471194,1,1
0.396335325886994,0.262793511517579,1,0
0.979382459351732,0.868717640412777,1,1
0.242990460140327,0.237704825121241,1,0
0.941021062358579,0.792367287842992,1,1
0.678988418198809,0.50017390330174,1,1
0.532560527385298,0.376165073646211,1,0
0.453430753280935,0.33393886292505,1,0
0.33279940805673,0.302370701153879,1,1
0.651383344262506,0.455853094538005,1,1
0.105322131479707,0.106227621033223,1,0
0.253390206118565,0.188605267396424,1,0
0.929791148097393,0.791126212627143,1,1
0.206301593718544,0.176735983914711,1,0
0.81745195641808,0.568719997871131,1,1
0.349747823792858,0.242647769831806,1,1
0.731748534194088,0.596767363650812,1,0
0.0175855025898595,0.00519145837447095,1,0
0.692411546231995,0.54442715092632,1,1
0.379190647451806,0.30933337016786,1,1
0.783335616497915,0.576535996167935,1,1
0.533264130137522,0.377159685920225,1,0
0.915049255357718,0.71334280045176,1,1
0.0980500198965257,0.16138946379211,1,0
0.523096765980969,0.400056547743154,1,1
0.443814939051646,0.278882700165195,1,0
0.798892396219837,0.657248097465696,1,1
0.712978589413099,0.485435810639286,1,1
0.586087684398693,0.360204505399285,1,0
0.735762461910746,0.615516898874451,1,1
0.568894289500726,0.421000332157727,1,0
0.558638440913631,0.418645972995417,1,0
0.552755965575563,0.46766735652304,1,1
0.945481421279704,0.763419102066371,1,1
0.33859540686644,0.312994525640964,1,1
0.492553299353941,0.336027952936182,1,0
0.155042233575734,0.155827159606073,1,0
0.0167814770017393,0.00472759397594354,1,0
0.536478711088692,0.381720520041957,1,1
0.76150591427509,0.573374659799293,1,0
0.930265195513007,0.791933118437808,1,1
0.243782205220553,0.239256394166325,1,0
0.732439170751999,0.597894373368988,1,0
0.708323476264137,0.479117580173027,1,0
0.496492989564019,0.341424893462436,1,0
0.299033016565065,0.232281633807523,1,0
0.913337697978396,0.710676746612485,1,1
0.933056390207756,0.703212253076405,1,1
0.0667687472908486,0.0748387047811744,1,0
0.57358867533107,0.427976996102137,1,0
0.88039207577025,0.627922564374821,1,1
0.975275806701713,0.861447667234635,1,1
0.977785747051828,0.865887364206705,1,1
0.379327072280178,0.309555993503591,1,0
0.916863030102018,0.793508708159175,1,1
0.177608969646933,0.102170207224389,1,0
0.168198585239611,0.183395129992557,1,1
0.362136497700356,0.304685732438506,1,1
0.0970020267511258,0.157957926206082,1,0
0.990932136987217,0.884984762969617,1,1
0.6798209459858,0.50140121130039,1,1
0.543865407219424,0.366647678865829,1,1
0.929767151419071,0.791085377314192,1,1
0.997474258461216,0.927394814606736,1,1
0.811470873476796,0.622069503053624,1,0
0.102332345730031,0.100282242056023,1,0
0.081172989058296,0.110612162567122,1,0
0.414248813726833,0.28238882041767,1,0
0.554752427959829,0.471051730433618,1,1
0.666960353768971,0.448171628532823,1,1
0.794118334966865,0.649416336015794,1,0
0.655123189423332,0.461102580948962,1,1
0.331707942020798,0.300390612516296,1,1
0.787226057755954,0.582276956401535,1,1
0.224058337951229,0.202107193198253,1,0
0.254815784141751,0.19073343064702,1,0
0.350260479748251,0.243359631258707,1,0
0.445528811598278,0.281040772120572,1,1
0.469961635343168,0.351443588846292,1,1
0.908228969504402,0.678793425822741,1,1
0.0214848314386652,0.00774896515295346,1,0
0.878404100429064,0.625089996366948,1,1
0.649892697539304,0.453769103860315,1,1
0.42455907616165,0.314002063521304,1,0
0.253296827609506,0.188466284648498,1,0
0.863064455000087,0.635610856175443,1,1
0.980083491425058,0.827909301911906,1,1
0.278810341633605,0.200206391869394,1,0
0.960889737173635,0.782849855243145,1,1
0.309590926077795,0.278743484467963,1,0
0.662498077355866,0.469570274588909,1,1
0.802367374526081,0.530909079090267,1,1
0.403791401582594,0.214429718372047,1,0
0.981172099373267,0.829749490400586,1,1
0.342934648262158,0.321068241116145,1,0
0.109668256413448,0.115175486091494,1,0
0.157537784852796,0.160883902027262,1,0
0.0824110740463704,0.114012102584491,1,0
0.616613889039557,0.39306963780879,1,1
0.603498325117815,0.485857335080914,1,1
0.346572657445326,0.238262039597449,1,0
0.387967578473893,0.25181403948039,1,1
0.595777747871609,0.376065708667083,1,1
0.508969635902821,0.35972829829712,1,1
0.719306659180051,0.545185215100993,1,1
0.566978840992966,0.41817011605569,1,1
0.766077690685791,0.551878168019828,1,1
0.86752651513818,0.575794640102624,1,1
0.249300195102299,0.182565791694766,1,0
0.157937941806717,0.161702252692347,1,1
0.31295139131884,0.284827587551647,1,0
0.38920394648174,0.253421549580258,1,0
0.204744770853898,0.174078627369366,1,0
0.570259655131996,0.423023587401919,1,1
0.621529699989208,0.399361932857929,1,0
0.407063537685811,0.217919075075034,1,0
0.444279783628199,0.279467200546584,1,0
0.0124233424407357,0.00259093620186686,1,0
0.366568825873784,0.312189707368251,1,1
0.237408957168564,0.226910060354657,1,1
0.00234190307961657,9.2069893714901e-05,1,0
0.836902449156383,0.618359792992325,1,1
0.588298401271318,0.362927005925825,1,0
0.854235439405825,0.670892133563746,1,0
0.580084931890728,0.433928207607977,1,1
0.00251766557320166,0.00010640839414672,1,0
0.563266853751398,0.425611814220584,1,0
0.881765970492573,0.62988390106396,1,1
0.0277419898204095,0.0129197771439282,1,0
0.240039977845516,0.231967267474972,1,1
0.0784308070279943,0.103265005850485,1,0
0.296500155097016,0.228363367204597,1,1
0.848638273387918,0.662129227424628,1,1
0.254129430260246,0.189707322118756,1,0
0.56078149456237,0.421864160647686,1,1
0.372085408335915,0.321656848028479,1,0
0.850787936732886,0.665487920300103,1,1
0.51655017318802,0.378907042787752,1,1
0.155945694092217,0.157648519753831,1,1
0.0969134178612366,0.157669476897427,1,0
0.0604201352087713,0.0612834479908751,1,0
0.2539178523139,0.189391568237085,1,0
0.0997306254301588,0.166969401943351,1,0
0.385361571196494,0.319483436294415,1,1
0.65646926248705,0.461062865009967,1,0
0.197110387471517,0.125838492770371,1,0
0.745941624465708,0.55434307630551,1,1
0.951434932743457,0.771319460608274,1,1
0.777519237375186,0.597723184568806,1,1
0.853489665295129,0.669721225503402,1,1
0.576609468708009,0.428744195122537,1,0
0.0438528127834176,0.0322830617012927,1,0
0.526790306825506,0.405726022254426,1,1
0.600609888030332,0.481217686824277,1,1
0.805303148622011,0.534801262640208,1,1
0.537954709556518,0.383823842877252,1,0
0.725256439534406,0.575403676805547,1,0
0.815242014390986,0.565649140154638,1,1
0.575550170704976,0.427170337199669,1,1
0.564664818736755,0.427727077205841,1,0
0.896022999528345,0.699569807560591,1,1
0.550905963144325,0.464542151303365,1,1
0.0279835141124208,0.0131457179265159,1,0
0.33473490720324,0.305897991394717,1,0
0.749904463916421,0.626378809609275,1,1
0.865427400188414,0.639096041126017,1,1
0.768636262710069,0.512711166563285,1,0
0.732713681487038,0.598342626786595,1,1
0.323258871485248,0.231726263451969,1,0
0.760853098441894,0.572392007904392,1,1
0.308051511473434,0.275978319738073,1,0
0.523475198093738,0.400635595510976,1,0
0.814588529983994,0.564742673764028,1,0
0.792047556992096,0.587638903472758,1,1
0.202173302851455,0.169733445881535,1,0
0.654601917512224,0.460369087761498,1,0
0.813487679561124,0.563217297204837,1,1
0.40774717093443,0.218651647802129,1,0
0.436766414895468,0.270094793841598,1,1
0.936060428097869,0.707747620724116,1,0
0.225247049185559,0.20425738669281,1,0
0.422809263294636,0.294180539299026,1,0
0.639193881010837,0.420021479208291,1,0
0.337659382553019,0.311266412787712,1,0
0.364086974670617,0.307976662344176,1,1
0.142450580732012,0.131544159397982,1,0
0.401884064679545,0.212408755233098,1,0
0.0673954827863195,0.076250269649865,1,0
0.873195938010833,0.617092552689406,1,1
0.0375379526845199,0.0236548921079719,1,0
0.291943453914387,0.221398192915351,1,0
0.921892625843077,0.802238419342361,1,1
0.768409953436757,0.512409296314305,1,0
0.938338175402333,0.787855589790426,1,1
0.054060520072883,0.0490614348214658,1,0
0.542775103671215,0.365179092862287,1,1
0.241257472093383,0.234326333137709,1,0
0.725757258353112,0.576198630070402,1,0
0.970725018947827,0.795622087113625,1,1
0.75733407531539,0.567109509517224,1,0
0.119364559012415,0.136442281269481,1,1
0.610012545040243,0.456814398448954,1,1
0.244279426336341,0.240233369911369,1,0
0.713421794837852,0.486039516440491,1,0
0.846213712818243,0.627873921381947,1,1
0.104647728889701,0.104871575210561,1,0
0.262816279954669,0.202898434214741,1,1
0.323131097887964,0.231543112118811,1,1
0.871958351782715,0.61534457377819,1,1
0.857777277235938,0.687910234938334,1,1
0.0662593890094384,0.0737012171453736,1,0
0.467534355962621,0.319690435409682,1,1
0.359485306366965,0.256347183196228,1,1
0.308707112584048,0.277154254393946,1,0
0.583067897311758,0.438402452117245,1,0
0.500568811535858,0.347951272569209,1,1
0.0483124124427591,0.0391829612592122,1,0
0.994299860009513,0.89101029776933,1,1
0.797762180487592,0.655389757868503,1,1
0.47840048302741,0.364178272434324,1,1
0.859523840719816,0.690714464251167,1,1
0.99731434755669,0.927097486319942,1,1
0.859720923936014,0.691031253218028,1,0
0.362758288833867,0.305732926148348,1,0
0.377873517337799,0.307188144879832,1,0
0.95167258209219,0.771704828969148,1,1
0.556267870788343,0.473628833162368,1,1
0.124355713668732,0.148091340642085,1,0
0.172703221653585,0.193349921490843,1,0
0.46243681170581,0.312757245876351,1,1
0.718400746318042,0.543812839958018,1,1
0.52087670913717,0.396668021356792,1,1
0.779536565769731,0.600828878076796,1,1
0.743931361739913,0.551359267375166,1,1
0.305459437589353,0.271353466322595,1,1
0.143477360066707,0.13344732613129,1,0
0.11858267500645,0.134660636298005,1,0
0.439153266264312,0.273054900786551,1,0
0.171271314760805,0.190157029734688,1,1
0.230488095147391,0.213873288938845,1,1
0.97021551499789,0.794787110772691,1,0
0.419069460077876,0.288999424237878,1,0
0.058474981842369,0.0574010712692481,1,0
0.514108697148357,0.375333696817175,1,0
0.240035479464918,0.23195857336254,1,0
0.218003526960603,0.197354419260745,1,0
0.991522020180624,0.88603870601613,1,1
0.669528181962571,0.451629234691295,1,1
0.0993159763389775,0.165583873991508,1,1
0.720785135793619,0.547428686529958,1,1
0.510492160213088,0.37007164313362,1,1
0.285931839409184,0.212374135728528,1,1
0.677917482662342,0.480710994401875,1,0
0.254783440092363,0.190685013709296,1,0
0.89418711002685,0.623884106892986,1,0
0.917052657048927,0.793836971354463,1,1
0.416326607969147,0.285228743426222,1,0
0.512231991474316,0.372598457262221,1,1
0.648528870061323,0.451866594661753,1,1
0.925921466167496,0.714920149674387,1,1
0.906754793100985,0.676591670138724,1,0
0.329954725625865,0.241425455414234,1,0
0.804138761278176,0.533255843053729,1,1
0.126693567548692,0.153711835075634,1,0
0.912457865236307,0.709308193660801,1,1
0.587805484271658,0.362319090126411,1,0
0.398036144860026,0.265053836066216,1,0
0.338224473186344,0.312309125812209,1,1
0.82166263228907,0.521798206403892,1,1
0.104576531548312,0.104728924481887,1,0
0.885980363576858,0.636913927184961,1,1
0.0184243960925942,0.0056985758030768,1,0
0.0245132384866097,0.0100874451735583,1,0
0.881740381999469,0.629847343640489,1,1
0.200502020819362,0.166938814210076,1,0
0.450970772289217,0.330325279735128,1,1
0.375605565688518,0.303511797587142,1,1
0.223769802021642,0.201586992619401,1,0
0.937903149623526,0.710536896795355,1,1
0.743755588131514,0.551098751516772,1,1
0.241223530772074,0.234260405348308,1,0
0.003314614178487,0.0001844360336032,1,0
0.442130880348427,0.276770271118951,1,0
0.510673940428869,0.370335246321742,1,0
0.766365302204494,0.552292633329626,1,1
0.352127944591404,0.245961563858406,1,0
0.183528706710927,0.109094408778313,1,0
0.653216147783837,0.458421979899133,1,1
0.488907811964759,0.262379429031569,1,1
0.796979911420744,0.654105064811623,1,1
0.795013899883719,0.650881917169611,1,1
0.905141230381194,0.70566048979648,1,1
0.0332806543872157,0.0185936015742292,1,1
0.759221846657079,0.56994024802063,1,1
0.901191665229737,0.699515655457507,1,1
0.280620675103575,0.202814738490681,1,0
0.50270777437784,0.35093126233345,1,0
0.0303646356084849,0.0154780396148426,1,0
0.352808074146566,0.246912623190422,1,1
0.494309257391379,0.338428110461174,1,0
0.840563608106311,0.623781847646818,1,1
0.991155247459501,0.885383320225219,1,1
0.862298840326611,0.634483670014575,1,1
0.507265800797556,0.357323864896175,1,1
0.0514023058342374,0.044355247705236,1,0
0.590222869566321,0.365305336043691,1,1
0.446498755529352,0.282265790620013,1,1
0.307108449990507,0.274291159441724,1,1
0.0945679904062833,0.150130222050498,1,0
0.0759724935995919,0.0968930370635397,1,0
0.581240320599416,0.435658488859858,1,1
0.629938916520139,0.481604767125863,1,1
0.349942463880751,0.242917919476001,1,1
0.841852614250159,0.625696456224016,1,1
0.100679243718295,0.0970684434198485,1,0
0.956860979907679,0.778462635487668,1,1
0.262594404144712,0.202555995369683,1,1
0.409071776977595,0.220074577283025,1,1
0.56016678508345,0.420939801445788,1,1
0.00878498981651121,0.00129557432024216,1,0
0.153334565778105,0.152413437163954,1,0
0.499362380860074,0.345382703882447,1,0
0.372784483064322,0.322866642362574,1,0
0.584036663700005,0.357687836923632,1,0
0.911350876981052,0.707588180995537,1,1
0.83104428939333,0.585233280319677,1,1
0.685261026386343,0.509457969790026,1,0
0.161197835467119,0.16844632238355,1,0
0.38965844384238,0.254013766989671,1,1
0.487977811100083,0.261382181661224,1,0
0.575446003101612,0.427015725887633,1,0
0.763089296913822,0.547580920992404,1,1
0.34366544154395,0.32243809113109,1,0
0.564054288304062,0.426802637740401,1,1
0.680134446198163,0.501863761420927,1,1
0.634609484697153,0.414018168392732,1,1
0.545789674655915,0.369246764248166,1,0
0.971754561440211,0.797310641771037,1,1
0.743679519859934,0.550986029040716,1,1
0.629370733385319,0.48073637721574,1,1
0.799118650551728,0.657620428676476,1,1
0.0925988250371305,0.14394306917512,1,0
0.209445743887629,0.182164143074108,1,0
0.184777581645914,0.110584190247247,1,0
0.329311079372306,0.24048447160748,1,1
0.464413589934682,0.315436847149065,1,1
0.10820580689832,0.11212418831828,1,0
0.353881693749399,0.248417654372768,1,0
0.224489668002963,0.202886086911348,1,0
0.797960880149909,0.655716276082842,1,1
0.0893415735400749,0.133994508785088,1,0
0.453398195586031,0.333890909012767,1,0
0.658536562188798,0.463971320827285,1,1
0.892074758372178,0.62093996688602,1,1
0.518053437007974,0.381115641676461,1,1
0.589858507812696,0.364854448030221,1,1
0.86650896764299,0.574444699150297,1,1
0.575812713998826,0.427560142615211,1,0
0.163562499634621,0.173424559439055,1,0
0.657989076522106,0.463200180479054,1,0
0.763598790474706,0.548312374286352,1,1
0.666525275389692,0.447587107471514,1,1
0.622117872083509,0.400118146721309,1,0
0.152226317197178,0.15021821710677,1,0
0.490224159846549,0.332857512267259,1,0
0.474030760082475,0.357555827620376,1,0
0.259578088071062,0.197929362849587,1,1
0.567287617803287,0.418625711167877,1,1
0.146423464822433,0.13898389565928,1,0
0.538762550375201,0.359799758672721,1,0
0.578223513386762,0.431147835244178,1,0
0.836898970342287,0.618354652239551,1,1
0.815438579551467,0.565921943362355,1,1
0.0671468798248994,0.0756887756057777,1,0
0.684069653629508,0.507688055240773,1,1
0.356718062309502,0.252415757380163,1,0
0.10630318780415,0.108215819545247,1,0
0.125870854739168,0.151721993005059,1,0
0.0248705762394185,0.0103836849306646,1,1
0.0446222603080274,0.0334258867303629,1,0
0.957305271213225,0.779185717490224,1,1
0.63851470856682,0.419129369729514,1,1
0.511562251635419,0.371624754345063,1,0
0.984692444346255,0.835714284103123,1,1
0.661947394902431,0.468789965484908,1,1
0.447645436742936,0.325471782992602,1,1
0.918301612875993,0.796000734699882,1,1
0.636818882763798,0.416906001885588,1,1
0.744595637248579,0.552344352816286,1,1
0.424814332814611,0.314379750466618,1,1
0.616829842128866,0.393345010999136,1,1
0.71290452725128,0.485334964530365,1,0
0.606510894155484,0.490720089228837,1,0
0.446665833392911,0.282477075369494,1,1
0.0226460518722248,0.00860923974434212,1,0
0.446891296906863,0.28276231925083,1,0
0.58317882653694,0.356637859771517,1,0
0.341678588959539,0.31872060894053,1,0
0.458138728389154,0.340909443548735,1,1
0.381876419147297,0.313730847007495,1,0
0.97877921556284,0.867647808859509,1,0
0.180623086984031,0.105667396081729,1,0
0.515220173830092,0.376958355607496,1,1
0.586573898342564,0.360802399208617,1,1
0.989803716882352,0.826413382494915,1,1
0.974146782328725,0.80124103932759,1,1
0.370752879638372,0.319357109956825,1,1
0.0555513637597318,0.051804711167345,1,0
0.581398148429485,0.435895115146083,1,0
0.239740836064109,0.231389464859967,1,0
0.435301234284222,0.330092791277167,1,1
0.891840796195525,0.620614304907099,1,1
0.656457832690473,0.461046810004256,1,1
0.85343488449793,0.669635256834465,1,1
0.154972958726725,0.155687939587706,1,0
0.921052204211464,0.800776402650304,1,1
0.222754079751351,0.206049303029174,1,0
0.593895971308006,0.373693837473221,1,0
0.0121675767028512,0.00248535248786556,1,0
0.638067060501235,0.418541891695988,1,1
0.322220912850409,0.230240543193305,1,0
0.450193102189932,0.329187012606486,1,1
0.381994267841912,0.31392451424592,1,0
0.688996515664353,0.539070075580972,1,1
0.716838571478717,0.541450350551932,1,1
0.983479107521494,0.833656020743586,1,1
0.300983915613974,0.263460100835439,1,0
0.741139920369921,0.624547020145122,1,1
0.985325805954011,0.818952843377101,1,1
0.627311402773709,0.477595540090712,1,0
0.492557136478271,0.336033188455091,1,0
0.674968207460177,0.476537433171025,1,1
0.15272258398387,0.151199254147294,1,1
0.138522040509686,0.183753634113754,1,0
0.232314365406129,0.217275962263615,1,1
0.831923621646789,0.586472412250148,1,1
0.630406475711708,0.482319954890283,1,1
0.102285474077889,0.100190397823141,1,0
0.439519396043575,0.273510391901284,1,0
0.429203193680288,0.320909173992247,1,0
0.746806449774393,0.555629203300021,1,0
0.37834747428078,0.307959224379935,1,0
0.155040236719064,0.155823145699772,1,0
0.667328000491827,0.448665853540683,1,1
0.945832156131506,0.763985601509219,1,1
0.910204954052539,0.681750266986763,1,1
0.203216633952105,0.171489811525227,1,1
0.53804365540045,0.383950776826701,1,1
0.614064386257891,0.46290308171466,1,0
0.475784743986128,0.360206741813444,1,1
0.0444525543179245,0.0331721216235876,1,0
0.51044326226545,0.370000751243087,1,0
0.464723907069685,0.31585853231897,1,0
0.883607694389316,0.633507164185864,1,1
0.894307116272668,0.624051577465297,1,1
0.899308615040808,0.704709701548437,1,1
0.120745046538561,0.139616524465361,1,0
0.18441337074131,0.110148679899266,1,0
0.245943831440509,0.177683064902817,1,0
0.531190613655206,0.374232332115504,1,1
0.437794691921677,0.271368056591593,1,1
0.900178640026769,0.697943895011679,1,1
0.734275820047503,0.600896667997355,1,1
0.760898855269638,0.572460855964826,1,1
0.80442956144228,0.533641594700655,1,1
0.640137274022479,0.421262222436101,1,0
0.811677870931899,0.622386909954472,1,1
0.622811022939953,0.401010250141,1,1
0.680660426041357,0.502640291103509,1,0
0.613313179018448,0.46177120220886,1,0
0.402362560398718,0.212914857340319,1,0
0.201832223096879,0.169161225841721,1,1
0.0373304321527171,0.0233940730379019,1,0
0.151317598048324,0.14843010669005,1,0
0.59795380674087,0.378817861146353,1,1
0.037253861939021,0.0232982020838517,1,0
0.129492129558269,0.16057758514409,1,0
0.937067440809476,0.709271227952929,1,1
0.865883419132983,0.639769735271088,1,1
0.389758949597485,0.254144820933741,1,1
0.00362065209257068,0.000220066226990915,1,0
0.77515660540874,0.594096125009277,1,0
0.450151694153993,0.329126459209714,1,0
0.542143167368491,0.364329254374618,1,1
0.40431564995776,0.214986874396995,1,0
0.43248760831593,0.32583938695011,1,1
0.270177360115045,0.188000103986873,1,0
0.52244009837811,0.399052759155921,1,1
0.0572800545914145,0.0550790768694492,1,0
0.243045436744539,0.237812398747165,1,0
0.156446633287508,0.158662964726804,1,0
0.381587149951895,0.313255728394118,1,0
0.91589203034351,0.714657405794863,1,1
0.069248065318492,0.0804998544665201,1,0
0.507419716912121,0.357540738356416,1,0
0.841590817528048,0.625307362435688,1,1
0.854401705299517,0.682506684304008,1,0
0.51423169736888,0.375513315058782,1,0
0.0712646086753238,0.0852565227830673,1,0
0.156477656182831,0.158725895740021,1,0
0.0936681188543759,0.147286656353697,1,0
0.676523755654478,0.478736443784995,1,1
0.640346741623282,0.465429023280764,1,1
0.104911976849496,0.105401870292126,1,0
0.891674623749128,0.620383054239966,1,1
0.487989765820075,0.261394988756127,1,0
0.444076927628691,0.279212052066592,1,0
0.660456647763791,0.466680854153634,1,0
0.979982368476152,0.827738466852016,1,1
0.317946535959578,0.224172610505827,1,0
0.806189624708193,0.535979326997344,1,1
0.246920722331848,0.179097385328673,1,1
0.123353056100191,0.145712900669494,1,1
0.980148782752557,0.828019613121868,1,1
0.83568667011743,0.591790004772919,1,1
0.0381272470891535,0.0244034205499059,1,0
0.451720756423491,0.331424884119063,1,0
0.879630681959679,0.626836935301198,1,1
0.316306754652167,0.22186627218879,1,0
0.911666335342467,0.708078120152753,1,1
0.872039048430434,0.615458474956954,1,0
0.428846443753703,0.320375921925325,1,0
0.276320581834826,0.196646694708157,1,0
0.857336785524025,0.687203895516837,1,1
0.356848976487889,0.252601062631789,1,0
0.584954759405274,0.358813279213105,1,1
0.87295820105469,0.616756578304623,1,1
0.0263018880349657,0.0116132468047855,1,0
0.820873161620266,0.520795978821876,1,0
0.270287549452968,0.188153483465549,1,0
0.138510439371608,0.183722856888594,1,0
0.635523235021732,0.415211285109383,1,0
0.293126341732346,0.223195936822896,1,1
0.973232346925271,0.799737489143853,1,1
0.664432619769681,0.444780986410692,1,1
0.713047688585347,0.485529908382564,1,1
0.318901892831071,0.225521809681536,1,0
0.421078768666118,0.291777393967502,1,0
0.72903299627854,0.592346343625833,1,1
0.951578559524063,0.77155235197869,1,1
0.45015612597309,0.329132939852246,1,1
0.0771716240481669,0.0999758456304806,1,0
0.430095653957934,0.322245121418414,1,1
0.0672065675343982,0.0758233968295234,1,0
0.904392315739219,0.704493244679028,1,1
0.999577383763252,0.931309669898753,1,1
0.304320723537682,0.269334094701475,1,0
0.450556479958517,0.329718640112226,1,0
0.225459093571158,0.204642137735729,1,1
0.269506917182653,0.18706822018145,1,0
0.0382832390215386,0.0246035149373461,1,0
0.443038534465693,0.277907805476094,1,1
0.0185674877438111,0.00578743462483127,1,0
0.84886843716609,0.662488435430601,1,1
0.525279718072715,0.403402492668981,1,1
0.519373668393778,0.383060622386799,1,1
0.993982742775644,0.890442039291148,1,1
0.892810707827477,0.621964923432341,1,1
0.211369266048012,0.185525450479067,1,0
0.20900985948526,0.181406716510233,1,0
0.539183525630644,0.36036225497595,1,1
0.626928999321077,0.477013441577603,1,1
0.877294166090601,0.622898628153915,1,1
0.216598357888108,0.194818473246109,1,0
0.0387181179418261,0.0251656575940612,1,0
0.0366036606891164,0.0224920400473931,1,0
0.508446353870241,0.358988990584111,1,0
0.0714632872863813,0.0857325587699103,1,0
0.195039770785211,0.123208548239749,1,0
0.0183736157731182,0.00566720688136343,1,0
0.353844489942333,0.248365424507052,1,1
0.756234369101329,0.56546373369448,1,0
0.844402626560423,0.625189216671249,1,1
0.531532018709249,0.374713537410065,1,1
0.652888206100666,0.457961801629447,1,1
0.523920752536687,0.40131788547327,1,0
0.608108530240912,0.493308747415926,1,1
0.705610723953245,0.439378787506617,1,1
0.240874940448655,0.233583838626832,1,0
0.928458270685785,0.788859642432512,1,1
0.392591159362621,0.257851761600294,1,1
0.748189409522682,0.557688972089983,1,1
0.060414313478531,0.0612716387318339,1,0
0.967620623434433,0.79617280687407,1,1
0.999391841424606,0.930963961123081,1,1
0.808294347217702,0.617208817151305,1,1
0.291356604469039,0.22050900140694,1,1
0.00521653644124398,0.000456819146008866,1,0
0.757359550276321,0.567147662654796,1,1
0.27683289925526,0.197376563770237,1,0
0.0125467718323017,0.00264267530836472,1,0
0.785326661577164,0.579470544232203,1,1
0.517924971647304,0.380926649250699,1,0
0.929039718631393,0.789848000138223,1,1
0.280114123478262,0.202083192888854,1,0
0.184777352938021,0.110583916496922,1,0
0.268782791732549,0.186064321069322,1,0
0.0427498427526086,0.0306795404209464,1,0
0.45098959997378,0.33035286196607,1,0
0.226000907578072,0.205626894691545,1,0
0.449906132461181,0.328767474417338,1,1
0.146814899742784,0.139727982248998,1,0
0.183652439465547,0.109241558531951,1,0
0.252124570286283,0.186725877946061,1,1
0.00942120865073315,0.00149002326948057,1,0
0.0444145547470672,0.0331154325250725,1,0
0.989754088403922,0.826330512305965,1,1
0.0193041137698392,0.0062557522862152,1,0
0.75893878114628,0.569515338349717,1,1
0.714224201359534,0.537508123232544,1,1
0.406679561959647,0.217508150673844,1,0
0.182765387932687,0.108188821426571,1,0
0.356967593984242,0.252769020997779,1,0
0.174442026195079,0.0985591001131109,1,0
0.610679760952935,0.457814248455549,1,1
0.0534342643217585,0.0479313294828246,1,0
0.448716144199986,0.327030614161596,1,0
0.732980688537493,0.598778788450375,1,1
0.254318274719842,0.189989371211588,1,0
0.166724107763624,0.180193833939781,1,0
0.256336779779525,0.193017202310719,1,0
0.784338147912256,0.578012669260758,1,1
0.0858149225883242,0.12362475289345,1,0
0.537566531800902,0.383270122943586,1,1
0.126555086599309,0.153375992807279,1,0
0.580872271980699,0.435106934765542,1,0
0.83539850840127,0.591381952740582,1,1
0.910170239710686,0.681698265378967,1,1
0.523265351215133,0.400314452204188,1,0
0.315127060083308,0.288801652388934,1,1
0.646308730975433,0.474136183205751,1,1
0.88910741495418,0.616815923141446,1,1
0.392189086510206,0.257323873484325,1,1
0.56817710365983,0.419939519409667,1,1
0.00658866921804646,0.000728744374685139,1,0
0.793810480106016,0.648912916778561,1,1
0.520799122841036,0.396549860149202,1,1
0.531192002428693,0.374234288944585,1,1
0.335610289625457,0.307500022485702,1,0
0.768581007963208,0.512637454955259,1,1
0.975051309261462,0.86105112189544,1,0
0.711282381637252,0.483128811365295,1,1
0.796287097290144,0.652968332872196,1,1
0.112797758291583,0.12184258760316,1,0
0.830953714978175,0.585105719672956,1,1
0.0122162804215874,0.00250528877748234,1,0
0.297963770209087,0.230623474088728,1,1
0.772786749723569,0.518263198229841,1,0
0.388824122456325,0.252927162891456,1,1
0.65849727923156,0.463915968936472,1,0
0.98558623557315,0.819385812373889,1,1
0.010882531852427,0.00198810675250917,1,0
0.5239409485245,0.40134882590577,1,1
0.888965390658446,0.61661888091943,1,1
0.309457155102032,0.278502652266923,1,0
0.647037952406746,0.475206709727388,1,1
0.568958166864565,0.421094880131487,1,1
0.723492472713007,0.572608090009272,1,0
0.908048500010321,0.67852369354281,1,1
0.882058007983509,0.630301200397167,1,1
0.93089618819015,0.793007808695762,1,1
0.80360646025705,0.532550097490706,1,1
0.53065413665438,0.37347680047976,1,0
0.533896831664355,0.378055193639354,1,1
0.383420151430751,0.316272482652507,1,1
0.238972192107459,0.229908106903266,1,0
0.678033680014691,0.480875799509554,1,1
0.367630070874746,0.313999950501492,1,0
0.556877576605703,0.416010934372315,1,0
0.604435665023826,0.487367752322401,1,1
0.434171097891093,0.328381031291192,1,0
0.523673036352723,0.400938479111393,1,1
0.382085984954407,0.31407527936955,1,1
0.852720339976545,0.668514412337463,1,1
0.895390536556904,0.698582565389771,1,1
0.554436911874602,0.470516060375091,1,0
0.907071557596495,0.677064471949879,1,1
0.0631882262222419,0.067027363212296,1,0
0.095350852639293,0.152626156668428,1,0
0.552177498788991,0.466689027954791,1,1
0.985541240235175,0.819310998626208,1,1
0.878773758721794,0.625616219596579,1,1
0.618910206246393,0.396002731882507,1,0
0.435822125058992,0.33088325613762,1,0
0.492177461779614,0.335515343445823,1,0
0.403216252273635,0.21381929788971,1,1
0.876465303708663,0.621722162235681,1,1
0.725666822481045,0.576055039969529,1,1
0.0382182355601767,0.0245200342347176,1,0
0.915832389040499,0.714564334319832,1,1
0.21318805589923,0.188732005330561,1,0
0.225149768806417,0.204080994191483,1,1
0.732107545528971,0.597353080723547,1,0
0.831844452236966,0.586360795115411,1,1
0.217562500463281,0.196556721270001,1,0
0.868083217083029,0.576533865565931,1,1
0.0707060340275103,0.083925272922883,1,0
0.468812064128638,0.321440164484408,1,0
0.380899993252387,0.312128531329493,1,0
0.406239602800687,0.217037790473014,1,0
0.652583010747711,0.45753374933855,1,0
0.949037451775901,0.767437127150645,1,1
0.581701991294401,0.436350838057972,1,0
0.240629243305124,0.233107561502209,1,0
0.524446499334446,0.402123722828003,1,1
0.612275229796259,0.460209554731967,1,0
0.360535613879214,0.257847309579113,1,0
0.340900453317459,0.317270559284024,1,0
0.991303272918517,0.885647797579966,1,1
0.326382147592197,0.236225700414203,1,0
0.728575296305893,0.591602805814419,1,1
0.925448954486862,0.714190666798151,1,1
0.555156645518898,0.47173843946186,1,0
0.661201011888746,0.467733387256206,1,1
0.963242953422642,0.786688944616665,1,1
0.0507482222360075,0.0432336072076427,1,0
0.924404436923983,0.712579419177376,1,1
0.769950498697697,0.514465961543095,1,1
0.680589399347742,0.502535395875575,1,1
0.0180446692893056,0.00546610110459379,1,0
0.325097055475819,0.234369139643019,1,0
0.59200835115342,0.3713221392114,1,0
0.602559113662132,0.484346253199488,1,1
0.682059665620596,0.504708979298255,1,1
0.914212610052871,0.712038953555705,1,1
0.178411014194065,0.103095048813441,1,0
0.132573110183133,0.168309669145141,1,0
0.65950934958571,0.465343086169261,1,1
0.633480902103536,0.412546906994649,1,0
0.15447306285765,0.154685155178023,1,0
0.539832892973406,0.361230784456657,1,0
0.512486357771738,0.372968602133409,1,0
0.77881892792363,0.599723146567043,1,1
0.512288778987604,0.372681076517034,1,0
0.682304971647559,0.505072086588786,1,1
0.87998385004535,0.627340381227644,1,1
0.580313032939472,0.434269533279967,1,0
0.510636618569032,0.3702811174775,1,1
0.333777903269383,0.304151372823368,1,0
0.672389360697406,0.472902982405559,1,0
0.23752453773303,0.22713105266448,1,0
0.338416720488962,0.312664260673001,1,0
0.334150022627719,0.304829930052496,1,1
0.948803902767177,0.767059455803613,1,1
0.752951143610559,0.631478798542155,1,1
0.355995579725101,0.251394327127129,1,1
0.738795393493408,0.620601877810042,1,1
0.63000432881842,0.481704791142383,1,0
0.139108256300691,0.185312190598884,1,1
0.616699598225935,0.393178918578731,1,0
0.789717373982592,0.584186353319194,1,0
0.933491860928852,0.703868804621869,1,0
0.0383448482598977,0.024682767557918,1,0
0.76621894096612,0.55208169863667,1,0
0.189238747082017,0.115988414675885,1,0
0.579249651111209,0.432679456195193,1,1
0.601753518210745,0.483052018997479,1,0
0.0765515079746749,0.0983755802157959,1,0
0.748593217534234,0.624190213827827,1,1
0.462720019231212,0.313140443434227,1,1
0.974722856894085,0.860471118273435,1,1
0.791618558669079,0.587002507765852,1,0
0.115096511617775,0.126859354851206,1,0
0.214888490949917,0.191754748852523,1,0
0.155089329527698,0.155921842749926,1,1
0.485591674863673,0.258832194352126,1,0
0.82676233678978,0.637888901770577,1,1
0.559909883154418,0.420553789806374,1,1
0.457449643916571,0.33988469396115,1,1
0.266013244327903,0.182249649396508,1,0
0.0964430968451829,0.156142849679603,1,0
0.131001217457005,0.164342102889856,1,0
0.335779959926928,0.307811018968906,1,1
0.244763084111378,0.241185605341683,1,1
0.455860153043764,0.337526816807534,1,0
0.596609944282122,0.377117037318802,1,1
0.551871242406809,0.466171488367697,1,0
0.0431699587355031,0.0312854980749296,1,0
0.228483955981926,0.210170118797877,1,0
0.153569180078401,0.152880203784205,1,0
0.881138941287207,0.628988390945652,1,1
0.59528188206719,0.375439970217001,1,0
0.739297847681887,0.621446306595788,1,1
0.756639174456494,0.566069270871001,1,1
0.411122072141935,0.222286162799739,1,1
0.179850353458557,0.104765207116487,1,0
0.372057276305926,0.321608211248769,1,1
0.279958747629303,0.201859068956873,1,0
0.0301880540992201,0.0152985420877133,1,0
0.0818937419562983,0.112585182935564,1,0
0.10732095764084,0.1102979027954,1,0
0.0838804388708447,0.118113950272545,1,0
0.37598991247185,0.304133265840342,1,1
0.981316354733944,0.829993493692433,1,1
0.791943150903086,0.587483990966807,1,1
0.0235611070220332,0.00931904031164538,1,0
0.771459613688921,0.516484660570993,1,1
0.776321424887932,0.595882950215015,1,1
0.43899581593032,0.272859138252018,1,0
0.225107058484004,0.204003574273437,1,0
0.504741164880722,0.353775950656434,1,0
0.301909089809316,0.265082254658877,1,1
0.51425936369387,0.375553722341876,1,0
0.334526219243743,0.305516690688723,1,0
0.0998209284462024,0.167271910160421,1,0
0.683000076667167,0.506101705276715,1,0
0.516400593291739,0.378687630722844,1,1
0.0356363283827466,0.021318945083582,1,0
0.117154077092524,0.131435593490855,1,0
0.10796698274001,0.111629789460056,1,0
0.490259588789383,0.332905625831941,1,1
0.594574088460672,0.374547700390177,1,0
0.604052126517431,0.486749440051478,1,0
0.57532895416252,0.426842028775693,1,1
0.339562245860846,0.314784552063473,1,0
0.0196281769039931,0.00646754908495635,1,0
0.0744430971014388,0.0930312106251455,1,0
0.0581228015836746,0.0567117286834354,1,0
0.924380972805868,0.712543244890911,1,1
0.680560251083837,0.502492351653371,1,1
0.875463310912834,0.620301444189967,1,1
0.648932313550075,0.452428973140693,1,1
0.615452589224973,0.464998398773294,1,1
0.053098620221872,0.0473310651895134,1,0
0.842989350606574,0.623098210679888,1,1
0.777018115590379,0.596952951323358,1,1
0.815260997830735,0.565675483476503,1,0
0.29478871900833,0.225734691682019,1,1
0.914700300581191,0.712798836479756,1,1
0.773274467396014,0.518917572501009,1,0
0.879099878653004,0.626080648067033,1,1
0.741133792383825,0.624536692271726,1,0
0.183445757205136,0.108995816220868,1,0
0.100772105869356,0.0972475894121387,1,0
0.602450046128497,0.484170928757186,1,1
0.0356325160113932,0.0213143839297385,1,0
0.104168314863591,0.103912897178895,1,0
0.978929539051858,0.867914340595204,1,1
0.628331684286421,0.47915036011864,1,0
0.62360408282982,0.402032157630229,1,1
0.765316760532631,0.550782372685978,1,1
0.759019828783371,0.569636982778026,1,1
0.916830672304364,0.793452700358027,1,1
0.818299994787389,0.569900609274591,1,1
0.89464016822646,0.697412183158999,1,1
0.216177723732466,0.194062532767742,1,0
0.0121010815309571,0.00245826207117612,1,0
0.157628462014938,0.16106916163567,1,0
0.15482647416409,0.155393757924489,1,0
0.592123108408341,0.371466110286589,1,1
0.0812679624326713,0.110871149110779,1,0
0.588752970105728,0.363488078478811,1,0
0.84905715065804,0.66278302619949,1,0
0.219678530350479,0.200398766940205,1,1
0.528716095342129,0.408697871516683,1,1
0.634575569264576,0.413973916832042,1,1
0.234564991997896,0.221506228187452,1,0
0.944580753070907,0.76196532454951,1,1
0.0830886571526531,0.11589462288694,1,0
0.141175381110515,0.190860524901902,1,0
0.0792732138963891,0.105495209242717,1,0
0.125749141786288,0.151428714572001,1,0
0.642896808914905,0.469143381492502,1,0
0.616494221890324,0.392917085427072,1,1
0.818083366883962,0.569598910548742,1,0
0.369900533795469,0.317890419724531,1,0
0.84504432824151,0.626139799718893,1,1
0.537613852270742,0.383337602295346,1,1
0.766678717213663,0.552744460142059,1,1
0.438935150286704,0.272783729645007,1,0
0.00358605497192899,0.000215880637501211,1,0
0.827946368151304,0.639717290078162,1,1
0.60416314369791,0.486928373338102,1,0
0.92150177527822,0.801558320896498,1,1
0.769995365579094,0.514525921646645,1,1
0.163141262720108,0.172532438607052,1,0
0.801045165977954,0.529160767381212,1,1
0.341439097761535,0.318273966792977,1,1
0.578960297290741,0.432247289569381,1,1
0.838301505378745,0.620428954651186,1,1
0.965634929796563,0.792908442581511,1,1
0.739819231378097,0.622323155423977,1,1
0.166168185407677,0.178994166140577,1,0
0.646739328101681,0.474768171228043,1,1
0.625556572261545,0.474927241762042,1,1
0.908188379883092,0.678732755323639,1,1
0.750372079959562,0.627160232090416,1,1
0.141260833742514,0.191091648347109,1,0
0.634322123504145,0.413643305358712,1,0
0.114527815938797,0.12560881941662,1,1
0.45260128265964,0.332718217347052,1,1
0.602374312138419,0.484049206162025,1,1
0.0451377485061519,0.0342026370125834,1,0
0.786623737999318,0.581386277691025,1,1
0.0955590788330617,0.153293491339099,1,0
0.528615625186034,0.408542559288147,1,1
0.281827869206771,0.20456345771386,1,0
0.721473519623879,0.569416748363558,1,1
0.66363597457421,0.443715053747405,1,1
0.180485946086375,0.105506997758209,1,1
0.575253986364256,0.426730797376531,1,1
0.262423867119312,0.202292988392893,1,0
0.153867273711944,0.153474292337591,1,1
0.932737520881824,0.796148084413415,1,1
0.70269625702833,0.435756647743138,1,0
0.066985241123466,0.0753248120065985,1,0
0.826770744809701,0.63790187626065,1,1
0.0395925408984339,0.0263151926898413,1,0
0.408418675023043,0.219372419823332,1,1
0.916203793592227,0.715144017377049,1,1
0.222214081800449,0.205051509081666,1,0
0.684303163488567,0.508034717015281,1,1
0.432152993112989,0.325335378826025,1,1
0.465338477254383,0.316694493576554,1,1
0.412977975367256,0.280658845294672,1,1
0.926944874867748,0.71650140655732,1,1
0.433003091469601,0.326616587546581,1,0
0.0589092061949179,0.0582567359045357,1,0
0.887553399157527,0.639177583861944,1,1
0.773379197384704,0.519058143317804,1,1
0.272920228021246,0.191836672416147,1,1
0.844313461451204,0.625057189318846,1,1
0.598869216941252,0.379978616940566,1,0
0.039673407688097,0.0264227987349871,1,0
0.632922283716308,0.411819640628185,1,1
0.113645552685805,0.123681022322663,1,0
0.876753908210465,0.622131673840969,1,1
0.988262896500789,0.823842441508038,1,1
0.920149930806162,0.799208271431924,1,0
0.774278309775351,0.520265734346949,1,1
0.759364859114957,0.570154984287346,1,1
0.806458267275868,0.614407962183761,1,1
0.0249184361377763,0.0104236872424031,1,0
0.320237615103373,0.227414964736603,1,0
0.967106390889942,0.795326795187615,1,1
0.325174005749166,0.234480102836719,1,0
0.686462790610551,0.535112598531872,1,0
0.834830275547635,0.59057771772183,1,1
0.603017637708153,0.485083670981249,1,0
0.623823750198458,0.402315442820287,1,1
0.211959151292757,0.186562417087762,1,0
0.794015452625114,0.649248076091663,1,1
0.694490123532605,0.474408843687785,1,0
0.704253235776747,0.437689817235539,1,0
0.567476603061958,0.41890467818142,1,0
0.522215321555116,0.398709452753114,1,0
0.331414663022524,0.243566632943184,1,0
0.802134387290462,0.530600798659956,1,0
0.153036134134292,0.15182073676208,1,0
0.397639529865595,0.264525884257932,1,0
0.122140849983935,0.142863094231418,1,0
0.43351371749279,0.327387377736734,1,0
0.935991892574263,0.707643986222357,1,1
0.377237019401535,0.30615414837863,1,0
0.961932486824565,0.784549861626025,1,1
0.370414537874492,0.318774497921533,1,0
0.951900539446251,0.772074571384956,1,1
0.802461732443722,0.531033955605312,1,1
0.992137148566908,0.88713842263887,1,1
0.244898705024663,0.241452956721776,1,0
0.314836099725005,0.288268590966719,1,0
0.151082959872181,0.147970142115938,1,0
0.738805027282871,0.62061806304039,1,1
0.896979762396788,0.70106459009057,1,1
0.718992430471328,0.544708991434745,1,1
0.604401191344949,0.487312160367021,1,1
0.711923094048165,0.483999593633956,1,1
0.317703267656877,0.223829702364661,1,1
0.958926349837306,0.781826862000856,1,1
0.534572052012336,0.379012052586025,1,1
0.0340858055767532,0.0195041456467713,1,0
0.725813402119073,0.57628778167568,1,0
0.942240266593295,0.7944218292607,1,1
0.0518464058372236,0.0451249897758511,1,0
0.203378722099428,0.171763485492753,1,0
0.0467447357858615,0.0366813427640574,1,0
0.906632985813798,0.676409904878602,1,1
0.783426792817396,0.576670215749698,1,0
0.754485704983307,0.634055407835279,1,1
0.482369661078898,0.25540876607343,1,0
0.647958899098581,0.476560421663807,1,1
0.938119345668185,0.787488161222856,1,1
0.461394616353619,0.311349110374112,1,1
0.19459041089025,0.122641472086192,1,1
0.0506619812319831,0.0430867905731426,1,0
0.168562539458558,0.184189662793892,1,0
0.351957134016344,0.245722999171926,1,0
0.167417390232577,0.181695535927016,1,1
0.983281094848035,0.833320359643743,1,1
0.596991572840642,0.377599646307627,1,1
0.827777586702694,0.639456496843996,1,1
0.830765303409053,0.584840414429841,1,1
0.896282723441585,0.699975425142795,1,1
0.0454074197769145,0.034612538758657,1,0
0.658990677828775,0.464611434958532,1,0
0.721193947299673,0.568975533778047,1,1
0.957800435823144,0.779991991073354,1,1
0.534229668081126,0.37852670704985,1,0
0.63351956629342,0.412597267719556,1,1
0.809195377638123,0.618585627186136,1,1
0.11208514881443,0.120307948652114,1,0
0.385530806506039,0.319764106472746,1,0
0.686411687124751,0.535032928951618,1,1
0.136786304620833,0.179177474169119,1,1
0.898092932064254,0.702805739930681,1,1
0.638400683041006,0.41897968741572,1,1
0.237745312096248,0.22755347653915,1,1
0.380510418543667,0.311490383781618,1,0
0.667740816803768,0.449221124325982,1,1
0.045842941254619,0.0352796895029811,1,0
0.0772678127867718,0.100225225989164,1,0
0.730092335569977,0.594069041111963,1,1
0.330147192500528,0.241707190764486,1,0
0.188660893721241,0.115281139187691,1,0
0.277203200149026,0.197904951842026,1,0
0.131652211885413,0.165979516980855,1,0
0.181027954909279,0.106141635421454,1,0
0.5403222156797,0.361885944737708,1,0
0.192087348063268,0.119506631736952,1,0
0.297681022438606,0.230185989129267,1,0
0.0727677816927375,0.0888910585423159,1,0
0.10848803886149,0.112709855582912,1,0
0.366923235689371,0.312793668072748,1,1
0.477447875457895,0.362729387691347,1,0
0.00196324442473628,6.47036159811048e-05,1,0
0.0176404283796283,0.00522393856711219,1,0
0.0237500430617311,0.00946909795432985,1,0
0.76683169780534,0.55296506783337,1,1
0.525617959303408,0.40392218258612,1,1
0.686995173561879,0.535942928446131,1,1
0.679187884531658,0.500467818502642,1,1
0.741436719132826,0.625047335655551,1,1
0.173882650796012,0.0979280234941352,1,0
0.968307015553516,0.797302755027213,1,1
0.629366076318637,0.480729262766455,1,1
0.831486122072033,0.585855735532237,1,1
0.192833392776461,0.120436733900636,1,0
0.791500946815913,0.586828097190387,1,1
0.917714536435282,0.794983282713936,1,0
0.131837608521376,0.166447320912268,1,0
0.674094830271984,0.4753049968897,1,0
0.344662545661856,0.324311836423431,1,0
0.261987186730032,0.201620306567133,1,1
0.139769253244266,0.187077460510981,1,0
0.726908336160936,0.578027824108478,1,1
0.570441237347266,0.423293028835893,1,0
0.647456285249636,0.475821384143164,1,1
0.0777673864589477,0.101525424489786,1,0
0.0247886863336318,0.0103154179894815,1,0
0.77034016250944,0.514986824885579,1,1
0.695722680028138,0.476094266031777,1,1
0.240921939590848,0.233675000547235,1,1
0.936545939469789,0.708481993466437,1,1
0.129945634083536,0.16170429733487,1,0
0.327635793710452,0.238043889206589,1,0
0.316140568554279,0.290662321638599,1,1
0.205321056178755,0.175059948058485,1,0
0.11057962740653,0.117097715080024,1,0
0.158632790417972,0.163128201966565,1,1
0.286134599091753,0.212675439564361,1,0
0.0301660225803828,0.0152762202033052,1,0
0.789126734120849,0.583312839003885,1,1
0.573995471128301,0.428584263949033,1,0
0.0910099790610672,0.13904578724235,1,0
0.676936222753295,0.479320379605854,1,0
0.667861357967892,0.449383326556197,1,1
0.260760916031127,0.199737295014676,1,0
0.0498426740868286,0.0417044574097489,1,0
0.550785819498933,0.464339555196564,1,0
0.484504827827284,0.257674859068239,1,0
0.300502394942477,0.262617796644432,1,0
0.723925293468188,0.573293406879751,1,1
0.747819682889934,0.557137931091737,1,1
0.478142288666346,0.363785282017822,1,1
0.403379060694587,0.213992002288781,1,1
0.552895707431923,0.467903847739838,1,0
0.455093984884432,0.336393201681685,1,0
0.892430612638519,0.621435459458318,1,1
0.617069955463508,0.393651305405043,1,1
0.27411607347644,0.193521484179947,1,1
0.0813430325851358,0.1110760750865,1,0
0.347416081998644,0.239423127033929,1,0
0.975151704344672,0.861228445383101,1,1
0.847447202046766,0.629705704930429,1,1
0.0655812611226344,0.0722003551980459,1,0
0.277103224409565,0.197762225308193,1,0
0.484254152236863,0.257408293766725,1,0
0.349077929033546,0.24171914189766,1,0
0.0521889601421557,0.0457232501461249,1,0
0.746814182167808,0.555640709268766,1,0
0.324392221592044,0.23335398287793,1,0
0.364298515681654,0.308334646153693,1,1
0.184486868796581,0.110236497035371,1,1
0.0193814339094279,0.00630596586618602,1,0
0.794414534867073,0.649900880747441,1,1
0.356250050273717,0.251753855841435,1,1
0.762742190726322,0.547082878369211,1,0
0.430648483394779,0.323074058325627,1,0
0.253810134505421,0.189230913779475,1,0
0.737776350618874,0.618891028584154,1,1
0.663535983708814,0.443581353612201,1,1
0.7131767942411,0.485705746080687,1,0
0.854329810382554,0.671040374295084,1,1
0.183447816476463,0.108998263300837,1,0
0.384855956086212,0.318645627373089,1,0
0.0118268141862892,0.00234809332276485,1,0
0.747170058931624,0.556170390510145,1,1
0.31563071879348,0.289725557229015,1,0
0.263387468616775,0.203781326422596,1,0
0.4623867379238,0.31268951731386,1,1
0.676792192653737,0.479116433605321,1,1
0.116012309851582,0.128886171676134,1,0
0.99277256469042,0.888275125503737,1,1
0.42222064909222,0.293362022171199,1,0
0.847769122895495,0.630184210015745,1,1
0.190676254536227,0.11775726478516,1,0
0.553517773024835,0.468957321734749,1,1
0.935620016099199,0.707081793587261,1,1
0.415524147471196,0.284130258679574,1,0
0.602147325505171,0.483684476138485,1,1
0.875396789449663,0.620207181434518,1,1
0.791984225310766,0.587544932671253,1,1
0.461953228587485,0.312103469877962,1,1
0.648423782880858,0.451720166210156,1,0
0.130270191316501,0.162513063871439,1,0
0.109773261297557,0.115396147544967,1,0
0.530893021832377,0.373813133120917,1,0
0.395455735840737,0.26162836652664,1,1
0.650721031688247,0.454926562572738,1,0
0.384263298497684,0.317664988573489,1,0
0.0559422159188488,0.0525362580790007,1,0
0.999243799632045,0.93068817066729,1,1
0.10669126406593,0.109007379008702,1,0
0.892179608742127,0.621085940327709,1,1
0.372343523293674,0.322103268333239,1,1
0.908704719061107,0.679504744801865,1,1
0.347918362332164,0.240115924322867,1,0
0.051772985651805,0.0449972764187797,1,0
0.70392732323131,0.437284804981649,1,1
0.407222324297954,0.218089119195003,1,0
0.0774572856638761,0.100717364809545,1,0
0.920220281415786,0.799330483990071,1,1
0.130898393597093,0.16408421738475,1,0
0.764237477080727,0.549229992884416,1,1
0.112000884051029,0.120127123445477,1,0
0.714626963237532,0.538114512153879,1,1
0.293606564304969,0.223927850063732,1,1
0.455983617419235,0.337709671924933,1,1
0.0392487454932784,0.0258601694523314,1,0
0.970844178269803,0.795817428956972,1,1
0.932755012234138,0.702758050181778,1,1
0.43740819738541,0.27088912901679,1,0
0.849594188770642,0.663621726664133,1,0
0.327169327966068,0.237366550057706,1,0
0.0862625102568537,0.124917703212211,1,1
0.452900955767721,0.33315895719765,1,0
0.260407565024697,0.199196343123451,1,0
0.143017492006371,0.132593256672937,1,0
0.626731877087801,0.476713518708131,1,0
0.444938239663074,0.280296197205664,1,0
0.394243637895915,0.260027007987496,1,0
0.435002039275012,0.329639182755368,1,1
0.956780884772953,0.778332316744623,1,1
0.67044589465607,0.452868166655116,1,1
0.604191955470206,0.486974816435742,1,1
0.950965328793802,0.770558241395615,1,1
0.658983355967909,0.464601110680817,1,1
0.173366280352518,0.0973472633853296,1,0
0.0885185808973316,0.131537230039053,1,0
0.841414988811154,0.625046106006516,1,1
0.95833744342677,0.780866868626883,1,1
0.492366408058334,0.335773000689522,1,1
0.151982044473626,0.149736503134084,1,1
0.731476627056257,0.596323945863134,1,1
0.719464053312095,0.545423829162811,1,1
0.962062370853455,0.784761742143209,1,1
0.690957991634196,0.542143757584259,1,0
0.297553415797395,0.229988684208839,1,0
0.0845664172844454,0.120053733347869,1,0
0.236857273351794,0.225856712057647,1,0
0.367112427073131,0.313116313888849,1,1
0.649775019661996,0.453604788272166,1,1
0.359097344007958,0.255794173710262,1,1
0.802081849767682,0.530531295247374,1,0
0.605415225042856,0.488948707381852,1,1
0.818148913235581,0.569690188840573,1,1
0.233135603226904,0.218814830720912,1,0
0.31007570375774,0.279617117413347,1,1
0.0250927107842767,0.0105699995403775,1,0
0.392872652906434,0.258221661055071,1,0
0.940562453177913,0.791595151323641,1,1
0.698427583981527,0.479803481501729,1,0
0.0147577740191197,0.00365612906294672,1,0
0.98273049502003,0.832387365840502,1,1
0.697728360428659,0.478843261812286,1,1
0.904057735324178,0.703972085802192,1,1
0.469682547263247,0.351026301198161,1,0
0.0906015994066953,0.137800735395796,1,0
0.833897108551006,0.589258168972166,1,1
0.415687811190905,0.284354125201911,1,0
0.172217217343937,0.192263240243846,1,1
0.35154841191718,0.245152622298922,1,0
0.388002936597096,0.251859940622921,1,0
0.341782329437166,0.318914178270017,1,1
0.229405462246238,0.211868825692995,1,0
0.327256699126939,0.237493345319059,1,1
0.361903400349753,0.304293622942935,1,1
0.0691649101320833,0.0803066371916266,1,0
0.555616295211225,0.472519927698935,1,1
0.336806211486861,0.309695433223548,1,0
0.98688505840039,0.821546837343762,1,1
0.913831099315828,0.711444794556689,1,0
0.00875912817122004,0.00128795760890759,1,0
0.162903961162664,0.172030880155168,1,1
0.285070094717216,0.211095953471656,1,1
0.0127754544438846,0.00273988617949038,1,0
0.0992543701861274,0.165378512840812,1,0
0.302642425489603,0.26637158560973,1,1
0.263928098237863,0.20461874886848,1,0
0.376244106834917,0.304544633764058,1,0
0.50148867604731,0.349231264868491,1,1
0.433783260951561,0.327794620028899,1,0
0.425282088641541,0.3150724479937,1,1
0.12441647855385,0.148236102014126,1,0
0.0109070596039001,0.00199707869809565,1,0
0.343701090383653,0.322504988401557,1,0
0.558749158180161,0.418811933400552,1,1
0.854793223299068,0.683132326489828,1,0
0.728587864287553,0.591623216381125,1,1
0.224783241667019,0.203417077564087,1,0
0.887772332582031,0.639492955526692,1,1
0.763283321483552,0.547859414374344,1,1
0.792186726236457,0.58784542755392,1,1
0.337821568235702,0.311565501646687,1,0
0.881293791835689,0.629209486056048,1,1
0.889695655090874,0.617632373222304,1,1
0.240723058085656,0.233289361498525,1,0
0.851856758088892,0.667161038726412,1,1
0.0484097520838719,0.039341011642742,1,0
0.385018793995094,0.318915331214201,1,0
0.526761378847536,0.4056814636852,1,1
0.114856827659729,0.126331545762105,1,0
0.322291569803578,0.230341529059039,1,1
0.30996088077181,0.279410067797171,1,1
0.46582665862712,0.317359323402664,1,0
0.746542335575735,0.555236267185893,1,1
0.580170646129705,0.434056452876726,1,1
0.134034947807955,0.172041917912497,1,0
0.744776362745306,0.552612511308847,1,0
0.471253199002364,0.353377940337464,1,1
0.133123974576887,0.169711287148906,1,0
0.860724794737104,0.632169403420427,1,1
0.715387419382631,0.539260369324915,1,1
0.380389131803561,0.311291841874234,1,1
0.887591050964264,0.639231815418827,1,1
0.136691264752612,0.178928573701222,1,0
0.726442673083947,0.577287483169191,1,1
0.0423482308310685,0.0301058123077243,1,0
0.639917363161489,0.42097283380295,1,0
0.862902951916241,0.635372997906123,1,1
0.974448364110321,0.80173722144017,1,1
0.28436656288781,0.210055300903123,1,0
0.619742945371792,0.397069086306096,1,0
0.96778538547082,0.796443967322876,1,1
0.657901357960392,0.463076687409858,1,1
0.00971601456577298,0.00158473307001501,1,0
0.168820476726928,0.184753794403035,1,1
0.39028200839329,0.254827406323277,1,1
0.459173344743634,0.308358498141366,1,0
0.522444643806198,0.399059703008495,1,1
0.634350124493685,0.413679825218511,1,1
0.314287462568162,0.287264785754949,1,1
0.140897079058746,0.190108771727271,1,0
0.20135128302708,0.168356007729211,1,0
0.183071674911769,0.108551741274802,1,0
0.931752872304755,0.794468057003002,1,1
0.654813465196662,0.460666690773837,1,1
0.462336671572524,0.312621806134575,1,1
0.64469444235203,0.471770636378695,1,0
0.123123359991316,0.145170741028698,1,0
0.0313942871391074,0.0165455442953891,1,0
0.818857467704082,0.518241439435565,1,1
0.776199944357429,0.595696474585574,1,1
0.36836530862352,0.31525716797425,1,1
0.240352525414185,0.232571733501666,1,0
0.165960227640507,0.178546427786889,1,0
0.272430852279662,0.191149321055096,1,0
0.795836246984217,0.652229133071194,1,1
0.936843413883907,0.708932134197516,1,1
0.949408722938417,0.768037699882005,1,1
0.45678181224371,0.338893021639297,1,0
0.989944616673572,0.826648681188713,1,1
0.182118708868626,0.107424566545645,1,0
0.435227378584374,0.329980789913357,1,0
0.411291973834369,0.222469926220098,1,1
0.976925713966461,0.864364813323554,1,1
0.436556888033549,0.269835714670777,1,1
0.597053565698896,0.377678071859372,1,1
0.379103149432873,0.309190629651853,1,0
0.349671484408613,0.242541856036159,1,1
0.657916474589103,0.46309796792155,1,1
0.021623731058604,0.00784948328395674,1,0
0.937980514033533,0.710654121127067,1,1
0.0532658340154737,0.0476296367392495,1,0
0.177225798357512,0.101729841395095,1,0
0.385391764331094,0.319533501402129,1,0
0.918084522321482,0.795624423011824,1,1
0.988644408592897,0.82447864169798,1,1
0.477613216089807,0.362980658222713,1,0
0.188074924384628,0.114566138783198,1,0
0.246313976674156,0.178218293048065,1,0
0.986140434425361,0.820307558908416,1,1
0.337098161033061,0.310232564814072,1,0
0.719373789719508,0.545286980557881,1,1
0.723771960315336,0.573050576364225,1,1
0.116319344383369,0.129569286616252,1,0
0.960214288518596,0.781749647773677,1,1
0.00228282084384246,8.74829591987563e-05,1,0
0.655733293838798,0.461961813898187,1,1
0.183039517891903,0.108513609827903,1,0
0.808080667475023,0.616882531091783,1,1
0.865770654825517,0.639603111238512,1,1
0.884595692531246,0.634924657106199,1,1
0.970896310629361,0.79590289880926,1,1
0.354548182607481,0.249354258407032,1,0
0.554863217576373,0.471239896718808,1,1
0.0886715716369878,0.131992306668409,1,0
0.222566346057826,0.205702139050977,1,0
0.460322490763943,0.309903850671585,1,1
0.827256322661669,0.638651399598426,1,0
0.00986356098838037,0.0016332297226453,1,0
0.251246771931774,0.1854279295765,1,0
0.864242733490164,0.637347546460346,1,1
0.700854239452772,0.433475094791232,1,1
0.336836733117629,0.309751565430338,1,1
0.651413109895698,0.455894756843744,1,1
0.296367090707912,0.228158441757991,1,0
0.0649781552715206,0.0708785071064294,1,0
0.523504515557563,0.40068047232092,1,1
0.137791346114368,0.181820171057309,1,0
0.0477559196141881,0.0382854919023849,1,0
0.389816791170672,0.254220258467892,1,1
0.410344531910592,0.221446154410431,1,1
0.377553810928629,0.306668561113864,1,0
0.918124647924995,0.795693971309433,1,1
0.466974209919879,0.318924861468641,1,1
0.496950463306482,0.342054368141633,1,0
0.530908694937009,0.373835204983194,1,0
0.601767782085523,0.483074919653523,1,0
0.886137999226982,0.637140589708966,1,1
0.575709170331548,0.427406387188789,1,0
0.424126334316189,0.296016166708818,1,1
0.432192451358689,0.32539479180973,1,0
0.854928569634763,0.683348675367176,1,1
0.420926544689165,0.291566471497485,1,1
0.976243677658772,0.863158329782133,1,1
0.39548527451145,0.261667452786345,1,0
0.868373004429679,0.576918851941104,1,1
0.290015610144431,0.218483848592428,1,0
0.180923654461402,0.106019362251952,1,1
0.586958604188863,0.361275820579028,1,1
0.283071701721988,0.208146685549826,1,0
0.877555214929385,0.62388241221612,1,1
0.479116694221718,0.365269507946519,1,0
0.541679925003095,0.363706907177306,1,0
0.270959567178431,0.189090261083575,1,0
0.209896997076083,0.182949938016331,1,0
0.152828067981895,0.151408189975305,1,0
0.174747554176398,0.0989046468143124,1,0
0.0483469388079746,0.0392389853145739,1,0
0.992842858332525,0.88840091927873,1,1
0.558018630601854,0.417717511490821,1,0
0.5112228422707,0.371131789595264,1,0
0.659671807064566,0.465572371093714,1,1
0.370960828225932,0.319715453681909,1,1
0.858999695117106,0.689872312943929,1,1
0.480696052098976,0.253639530152538,1,0
0.339062558281111,0.313858782494971,1,0
0.666461417678369,0.447501347725604,1,1
0.819927207815836,0.519596365769992,1,1
0.547806443736176,0.459329621285586,1,1
0.483854439923735,0.25698353003183,1,0
0.331762963054892,0.300490273517968,1,0
0.0606232110917285,0.0616960953576143,1,0
0.400828321598842,0.211294232195653,1,0
0.153695135241516,0.153131086777245,1,0
0.600627493034741,0.481245898027023,1,1
0.883659157605975,0.633580959980235,1,1
0.403594470128431,0.214220612092531,1,0
0.468350903688564,0.320808087833646,1,0
0.0576514439459569,0.0557956298828499,1,0
0.623414659426061,0.401787955465241,1,0
0.201027941813646,0.16781573079166,1,0
0.790392986938696,0.585186338150603,1,1
0.338998838623245,0.313740827300229,1,0
0.0791670520420581,0.105212842291387,1,0
0.208796160207107,0.181035952505757,1,0
0.314063082405112,0.286854756604411,1,1
0.213342762959281,0.189006024134061,1,0
0.715453175896207,0.539359508645862,1,0
0.962391027800917,0.785298009771938,1,0
0.323936719642846,0.232699105478865,1,0
0.903112488214076,0.702500764488753,1,1
0.728151300200391,0.590914436885999,1,1
0.180347315449885,0.105344980877811,1,0
0.453569284573991,0.334142942815667,1,1
0.803914355763766,0.532958260446324,1,1
0.720831077416862,0.547498473107738,1,0
0.146655512586777,0.139424760208763,1,0
0.0954415985922147,0.152916805284656,1,1
0.937690239366027,0.710214340201171,1,1
0.0365068608300979,0.0223732351309863,1,0
0.616422111410234,0.466464576233022,1,1
0.462349773893136,0.312639525383019,1,0
0.164272704328801,0.174933882640143,1,0
0.382806740675823,0.315261321641665,1,0
0.268790305098605,0.186074723438343,1,0
0.491484511662639,0.334571246057325,1,0
0.0369188266319671,0.0228810308013798,1,0
0.500722874880369,0.34816548801756,1,1
0.245392339216424,0.176887102969638,1,0
0.372813094904766,0.322916205387776,1,0
0.431610297498675,0.324518782733004,1,0
0.572808869752793,0.426814100107603,1,1
0.0494548789871594,0.0410580286502803,1,0
0.599161400808639,0.380349484911345,1,1
0.990894825524828,0.884918119749935,1,1
0.897551023788033,0.701957851411948,1,1
0.281808426119521,0.204535233337252,1,0
0.619651700348002,0.396952173604225,1,1
0.717612625778643,0.542620316206098,1,1
0.303591454562545,0.268044786160383,1,1
0.408678276476054,0.21965138600032,1,1
0.529787748709633,0.372258260464648,1,1
0.0769242345458478,0.0993358867937427,1,0
0.256857664026828,0.19380243313116,1,0
0.0257584352365954,0.0111382961438687,1,0
0.781892233654237,0.574413290465473,1,1
0.0239784801059987,0.00965212882056605,1,0
0.778657336629176,0.59947430827479,1,1
0.138256306017703,0.183049300823614,1,0
0.988773076255007,0.824693260101781,1,1
0.341663906077663,0.318693216902205,1,1
0.212611518474051,0.187712586754278,1,0
0.103121329573716,0.101834558295977,1,1
0.417633896306921,0.287022823499823,1,0
0.242693397748461,0.237123979267302,1,0
0.916752330500896,0.793317107469113,1,1
0.0272149213404634,0.0124335164485641,1,0
0.389686224191296,0.25404998764771,1,0
0.312596047667089,0.284181134351544,1,0
0.679288586606591,0.500616236591756,1,1
0.522369161663235,0.398944400053724,1,1
0.189654698537109,0.116498865871107,1,0
0.646324605156013,0.474159474290837,1,0
0.219040240069338,0.199235915423382,1,0
0.538647179279325,0.359645679485599,1,0
0.865078692657564,0.638581121667007,1,1
0.241679117497031,0.235146112596363,1,0
0.374713765885736,0.302072253245298,1,0
0.963452752924213,0.787031672112242,1,1
0.0909653321963683,0.138909397018079,1,0
0.402055573722783,0.212590090095916,1,1
0.377391108800747,0.306404308045543,1,0
0.450361863419426,0.329433859647507,1,0
0.299790439345797,0.233459819527665,1,1
0.726587653985389,0.577517932218088,1,1
0.644532661131109,0.471533891502009,1,1
0.652361750220436,0.457223545134451,1,1
0.651413048883606,0.455894671444505,1,1
0.974852996168687,0.860700903718365,1,1
0.408780508366789,0.219761292429999,1,0
0.727873032798216,0.579563069988928,1,1
0.839510514624883,0.622219826415125,1,1
0.894321881806238,0.624072184548517,1,1
0.529260326189128,0.371517436766597,1,0
0.103907387333798,0.103392973678336,1,0
0.980670855581477,0.828901931556358,1,1
0.712326445703588,0.484548184744613,1,1
0.0701954843691891,0.0827176441011488,1,0
0.678322148936799,0.499192776129134,1,0
0.728110245077487,0.590847804083445,1,0
0.490111728920685,0.332704850730402,1,1
0.384815794832766,0.318579126959735,1,1
0.449527831734721,0.328214822758141,1,1
0.58421532253344,0.357906706285412,1,0
0.282389117022481,0.205379027263206,1,0
0.980408808586242,0.828459005698926,1,1
0.835730910477601,0.591852663893592,1,0
0.387138147332635,0.322435962037641,1,0
0.382875976490521,0.315375370565136,1,0
0.494645358637278,0.338888489376628,1,1
0.836540422181592,0.592999788387246,1,1
0.913894018419416,0.71154276673073,1,1
0.335572651230901,0.307431054646907,1,0
0.211600968327918,0.185932418167249,1,0
0.734234577937544,0.600829168701297,1,1
0.327814286785977,0.238303328257976,1,0
0.784965354608276,0.578937470304556,1,1
0.489422145201687,0.262931768110558,1,0
0.658505706462478,0.463927843099469,1,1
0.44005033292612,0.274171588957098,1,0
0.431184493707651,0.323878792595754,1,1
0.697737930539754,0.478856397625304,1,1
0.604297563217269,0.48714506963887,1,1
0.396887846031078,0.263526728609848,1,0
0.307497268163852,0.274986138039167,1,0
0.155351973326301,0.156450397244525,1,0
0.673559998967878,0.474551075824678,1,0
0.555786134527046,0.472808849127639,1,0
0.0835246061419517,0.117113963536116,1,0
0.0448240187556334,0.0337288387226158,1,0
0.00640805226125307,0.000689337486729083,1,0
0.186506834733195,0.112663694273634,1,0
0.1064242056559,0.108462350259681,1,0
0.34087824530918,0.317229223359508,1,0
0.952344999937312,0.772795732351036,1,1
0.223454286328183,0.207346732355993,1,1
0.489920327798098,0.332445042022243,1,0
0.654538369103162,0.460279707323524,1,1
0.721105578668164,0.547915540674902,1,1
0.102041301650257,0.0997126264996134,1,0
0.0760875352586917,0.0971867005911024,1,0
0.481682942235264,0.254682065461789,1,1
0.00884453981378441,0.0013131982306943,1,0
0.662141990396894,0.469065630362964,1,1
0.881559193344168,0.629588515826321,1,1
0.591991672018088,0.371301216381663,1,0
0.158639317653098,0.163141626656797,1,0
0.968718109736982,0.797979887581932,1,0
0.751244016454289,0.628618606213932,1,1
0.238447922544778,0.22890044484073,1,0
0.948614254523868,0.768486630743791,1,1
0.646149100829523,0.473902000754919,1,1
0.447574301371779,0.325368349718868,1,0
0.0098828243727066,0.00163961529755554,1,0
0.569787594192827,0.422323519433696,1,1
0.458016178442678,0.340727084609381,1,0
0.271359360883305,0.189648668137322,1,1
0.695292079414067,0.475505114499689,1,1
0.929741399010968,0.791041555436175,1,1
0.18691253830072,0.113154376307407,1,0
0.355565468717636,0.250787228870318,1,0
0.199641460048987,0.129090998279856,1,0
0.213865284312905,0.189932989022236,1,0
0.325489322102045,0.234935066988652,1,0
0.57966243138702,0.433296341096993,1,0
0.82111784477694,0.521106499379733,1,1
0.0170004387474675,0.00485176844960438,1,0
0.219228373221446,0.199578308928331,1,0
0.492113914303442,0.335428708934866,1,0
0.337029929520819,0.310106990146296,1,0
0.641998737229574,0.467833590856029,1,0
0.163727538709125,0.173774716338804,1,0
0.814120625318049,0.564094076760262,1,1
0.511219236482461,0.371126554234823,1,1
0.765778411093211,0.551447053491787,1,1
0.13476478687956,0.173920603576718,1,0
0.225265926949947,0.204291625404618,1,0
0.945144729021417,0.762875481579794,1,0
0.861139510053172,0.632778735218796,1,0
0.135508373944734,0.175845170083529,1,0
0.511846626804343,0.372038038263929,1,0
0.0266496811390627,0.0119224041773625,1,0
0.992965322893774,0.88862009663964,1,1
0.998622210272213,0.929530643481611,1,1
0.419176846487176,0.289147555226746,1,1
0.47551707487947,0.35980156238355,1,1
0.759770471794689,0.570764240436802,1,1
0.156977393488851,0.159741349527437,1,0
0.131422643771594,0.165401169187336,1,0
0.374363114171588,0.301507168090562,1,1
0.297572123113742,0.230017604100814,1,0
0.782676122829829,0.575565628484708,1,1
0.022939716907134,0.00883396988844935,1,0
0.709689134864158,0.480966853355774,1,0
0.955582949172899,0.776384518025055,1,1
0.790252226207882,0.584977925567872,1,1
0.0417956745554285,0.0293253013810291,1,0
0.533126404494509,0.376964893698173,1,1
0.320440804174718,0.227703643472362,1,0
0.481756835817122,0.254760211528067,1,0
0.336503340128918,0.309138699413018,1,0
0.451549663886739,0.331173872471836,1,1
0.290025420509586,0.218498630159438,1,1
0.216612024072468,0.19484305800465,1,0
0.101307400795649,0.0982834792586082,1,0
0.972747916649361,0.798941542246785,1,1
0.755512814360008,0.564385183436438,1,1
0.688821082127115,0.538795592537551,1,1
0.132296904299855,0.167609079205697,1,1
0.195418581139012,0.123687609488513,1,1
0.892056721259779,0.62091485721748,1,1
0.599290122767285,0.380512928650332,1,1
0.773036334261945,0.518598016002261,1,0
0.109958475466137,0.115785878741722,1,0
0.974665977452295,0.802095348568717,1,1
0.0124117540114747,0.00258610483260981,1,1
0.823835253240977,0.524561307663833,1,0
0.561974144072854,0.423660479232572,1,1
0.573523060086645,0.427879085490523,1,0
0.279956804869638,0.201856267384857,1,0
0.564613441035394,0.427649244716376,1,1
0.681639384733194,0.504087173919565,1,1
0.42504105952067,0.31471541384073,1,1
0.926290326505448,0.715489870161524,1,1
0.779256052775424,0.600396544326745,1,1
0.935910084180018,0.707520291372564,1,1
0.451001512311551,0.330370313928813,1,1
0.939165631028912,0.789245713303345,1,1
0.232326058297704,0.217297834765565,1,0
0.910438939321479,0.682100825446381,1,1
0.785212743248962,0.579302442139032,1,1
0.586783367678895,0.361060134964836,1,0
0.354130212109906,0.248766686418692,1,1
0.902049948374007,0.700848709052257,1,1
0.142317706973968,0.131298872718552,1,0
0.569839208871581,0.422400035947242,1,1
0.0524596475445364,0.0461987838522623,1,1
0.0554546517484571,0.0516244896110012,1,0
0.759860967986744,0.570900215888259,1,1
0.755799615406296,0.564813758521219,1,1
0.882865567744807,0.631455861179252,1,1
0.163724026041394,0.173767259972021,1,0
0.43666716793115,0.269972059849869,1,0
0.461442121260389,0.311413226301577,1,0
0.515453208287684,0.377299429798351,1,1
0.9614723510537,0.783799469848785,1,1
0.106506902526631,0.108630976969643,1,0
0.212416578755332,0.187368523896775,1,0
0.396231673961016,0.262656074907889,1,0
0.0413130231785679,0.0286519219705872,1,0
0.270784195252483,0.188845572237574,1,0
0.733507732166316,0.599640191783254,1,1
0.0830689128196972,0.115839549421536,1,0
0.961146491794139,0.78326827405619,1,1
0.790472226443292,0.585303677754228,1,0
0.0427396896164581,0.0306649693001731,1,0
0.619243811306723,0.396429753826891,1,1
0.391271365232441,0.256121008309958,1,0
0.687847248994155,0.537273205625701,1,1
0.0176804028377753,0.0052476410208416,1,0
0.719284158903365,0.545151108295024,1,1
0.851900105750482,0.667228938890301,1,1
0.833129658928834,0.588174059532519,1,1
0.136867293336566,0.179389712514434,1,1
0.958858945738264,0.781716954742319,1,1
0.113590097027284,0.123560346432954,1,0
0.454276464870813,0.335185709713552,1,0
0.967505439990412,0.795983268814474,1,1
0.205206682019262,0.174864967981245,1,0
0.671556381518717,0.471732011057501,1,1
0.00197863116191499,6.57218069837665e-05,1,0
0.265726367875645,0.18185677466467,1,0
0.828508300996156,0.640585945731924,1,1
0.852413294715907,0.668033065248938,1,1
0.188978717315244,0.115669878230201,1,0
0.168275775863637,0.183563498030498,1,0
0.842427438323688,0.626551209588085,1,0
0.458294945750636,0.307179846471238,1,1
0.876133094530925,0.62125094525914,1,0
0.571432295115224,0.424765125288451,1,1
0.457025943672152,0.339255367706286,1,0
0.78095619794609,0.603019237616828,1,1
0.204858721093335,0.174272447422608,1,0
0.562666453422866,0.42470495709072,1,1
0.509291016272653,0.360182730566816,1,0
0.907319940965017,0.677435323792925,1,1
0.966616128627003,0.794520638003886,1,1
0.710580153383958,0.482175324435101,1,1
0.214493367448586,0.191050223916843,1,0
0.427400053714955,0.318218473248823,1,0
0.77584837579434,0.595156972550307,1,1
0.432415805069528,0.325731201729701,1,1
0.437102488374753,0.27051060703839,1,1
0.768588332395193,0.512647225678252,1,1
0.604581417597812,0.487602826700472,1,1
0.594696806993602,0.374702327672513,1,0
0.40179630986785,0.212316002835745,1,0
0.851945801429437,0.667300520750425,1,1
0.396710425280989,0.263291172596435,1,1
0.818928413322037,0.518331243957991,1,1
0.393613642414762,0.25919663338339,1,0
0.418557548374233,0.288293804560155,1,1
0.352496551639934,0.246476777834108,1,0
0.180995384792809,0.106103445359173,1,1
0.45976084907473,0.309148081648562,1,0
0.881823328028,0.629965849708916,1,1
0.64832013533161,0.451575766984051,1,1
0.470010614621737,0.351516847381183,1,1
0.745778925759257,0.554101285091197,1,1
0.160461246857311,0.166910418850671,1,0
0.802419389875382,0.530977916177093,1,0
0.536212940111023,0.38134240585199,1,0
0.0657840197778221,0.0726474913729943,1,0
0.998682795489517,0.9296434339318,1,1
0.823080811524643,0.52360099497083,1,1
0.740048663770147,0.622709204403844,1,1
0.200637136265462,0.16716388538241,1,0
0.22320284578,0.206880363646763,1,0
0.268533030763972,0.185718688721735,1,0
0.191656593074895,0.118971246573823,1,1
0.985902005949108,0.819910939866491,1,1
0.345673036460432,0.32621627617874,1,0
0.269981975208331,0.18772828919947,1,1
0.381044225447667,0.312364958252888,1,0
0.331533017757383,0.243740628935955,1,0
0.0494321559058472,0.0410203073735329,1,0
0.520892294272445,0.396691759094154,1,0
0.860433549255106,0.631741658492513,1,1
0.0284440833054171,0.013581998877087,1,0
0.226589410906039,0.206699188339398,1,0
0.460308764601059,0.309885369161787,1,0
0.687101020555186,0.536108089192083,1,1
0.945876221391047,0.764056789632419,1,1
0.919801171937941,0.798602548081783,1,1
0.521359788699585,0.397404130572053,1,0
0.774448171623396,0.520494032083565,1,0
0.258141734106356,0.195744971546059,1,0
0.860145921568786,0.691714635998843,1,1
0.582448020085814,0.437470789642797,1,1
0.506473938572796,0.356209141920407,1,1
0.15877936403454,0.163429795814664,1,0
0.0983031303278602,0.162223774319683,1,0
0.706327492681165,0.44027189448599,1,1
0.723144076521012,0.572056746484562,1,1
0.217880315554587,0.197131400447588,1,1
0.372783840104175,0.32286552863486,1,1
0.446512879898508,0.282283649076442,1,0
0.419288576752551,0.289301718506284,1,1
0.836298333025765,0.592656617771952,1,1
0.932959657124412,0.70306645189211,1,1
0.0211071074713698,0.00747889178533841,1,0
0.834256651312093,0.589766407171789,1,1
0.791324153024569,0.586565972482167,1,0
0.19595069552665,0.124362116107784,1,0
0.597532512749157,0.378284249802342,1,1
0.249467430371368,0.18281081099623,1,0
0.565837560243134,0.41648832782103,1,1
0.556489881280213,0.474006965925053,1,1
0.485469908055382,0.258702401276162,1,1
0.800938191480696,0.529019444694975,1,1
0.126549272860879,0.153361901434957,1,0
0.845752639110143,0.627189892550098,1,1
0.692069887051435,0.543890006091477,1,1
0.181606872404783,0.106821591202307,1,0
0.900257311523822,0.698065894552669,1,1
0.810755081310878,0.620972541706544,1,1
0.659627720516063,0.465510143807871,1,1
0.933165113332424,0.703376144323909,1,1
0.750516889781891,0.627402319256265,1,1
0.250340638101976,0.184092831593338,1,0
0.467423836859059,0.319539311865988,1,1
0.904377317241417,0.704469878154166,1,1
0.848358516595526,0.631060759317872,1,1
0.554670545245789,0.470912684092893,1,1
0.0259877717428616,0.0113375154943666,1,0
0.0385900401538904,0.0249994392502581,1,0
0.0723246272923442,0.0878116656253072,1,0
0.230221215720498,0.213378292999433,1,0
0.117131764111659,0.13138553222667,1,0
0.189114059264838,0.115835617451119,1,0
0.885050242111522,0.63557733694314,1,1
0.353259975154736,0.247545553847437,1,0
0.242300316738558,0.23635648043401,1,0
0.495062791311787,0.33946070871149,1,0
0.925299449194374,0.713959931954706,1,0
0.974820225109562,0.860643037340106,1,1
0.637535843312515,0.417845274965228,1,1
0.344943704122078,0.324841166975765,1,0
0.0781998997159387,0.102657858086776,1,0
0.935746506966054,0.707272993932133,1,1
0.140176063640637,0.188168055319765,1,1
0.333762281139327,0.304122902507857,1,0
0.969146447742768,0.798685728999033,1,1
0.549317541294833,0.461867193403269,1,1
0.365670216126372,0.310660974757428,1,0
0.792389519320214,0.588146432964836,1,1
0.700987499839106,0.43363995232385,1,1
0.459330634575928,0.308569790735484,1,0
0.719979163354701,0.54620511591854,1,1
0.276710225104662,0.197201673881299,1,1
0.664902226656815,0.445409932135191,1,0
0.513611291683275,0.374607769715204,1,1
0.226985514330411,0.207422486207815,1,0
0.770207505926944,0.514809473337976,1,1
0.00216561505391366,7.87303767724123e-05,1,0
0.331543996453449,0.243756772115957,1,1
0.435896044707905,0.269019398769859,1,0
0.644380817420572,0.471311742878407,1,1
0.487589484245077,0.260966337615333,1,0
0.238080491863034,0.228195550910331,1,1
0.50423572916548,0.35306777987678,1,1
0.25830855075921,0.19599804237769,1,0
0.573683674853268,0.428118773577215,1,1
0.699155745162295,0.480804462567179,1,1
0.198480962689749,0.127594572162605,1,0
0.405088132048582,0.215809163415879,1,0
0.0268433684485092,0.0120963357124748,1,0
0.472138810656219,0.354707372951535,1,0
0.923716147642323,0.711518675277139,1,1
0.188869306328865,0.115535980697977,1,0
0.203075243450561,0.171251262200762,1,0
0.96699917115477,0.795150454710287,1,0
0.613091258290747,0.461437088856311,1,1
0.602006534307983,0.483458317016494,1,0
0.896571676098206,0.700426828158035,1,1
0.0264731915059815,0.0117650129368736,1,0
0.419894834647165,0.290138937841783,1,0
0.558286468669088,0.418118600254015,1,1
0.479706757160841,0.252596600445812,1,0
0.400955920769107,0.211428779874132,1,0
0.512265020134945,0.372646509023764,1,1
0.742126637967851,0.548687396644248,1,1
0.255095823288831,0.191152888000577,1,0
0.807431608880103,0.615891956449557,1,1
0.320837128745553,0.228267244332838,1,0
0.652932294598689,0.458023654576168,1,1
0.730630765681391,0.594945594916607,1,1
0.895146315321604,0.698201535162126,1,1
0.853148099892813,0.669185289719552,1,0
0.426056719132873,0.316221271363832,1,0
0.534659513690983,0.379136083544953,1,0
0.93398278014962,0.704609322240172,1,1
0.0482596373785239,0.0390974033768664,1,0
0.38657671660517,0.321501441914955,1,0
0.806950738550516,0.615158579222971,1,1
0.91926922595858,0.797679108132034,1,1
0.513863863841145,0.374976292597076,1,0
0.310941662590201,0.281181090478872,1,0
0.878510711536486,0.62524173878443,1,1
0.678866043944997,0.499993626611449,1,1
0.228517051622925,0.210231009012546,1,0
0.608384771763652,0.454379700446672,1,1
0.137195842926673,0.180251995326305,1,0
0.856466823999216,0.685809956433268,1,1
0.12308896619516,0.145089647148608,1,0
0.396094349801194,0.262474046176416,1,0
0.396719722586654,0.263303513725073,1,0
0.78613335160441,0.580661623605035,1,1
0.123073024703608,0.145052067897131,1,0
0.175391494685099,0.0996349123056749,1,0
0.803876052098789,0.532907474518258,1,0
0.752475561770822,0.630681336431272,1,1
0.511690297540129,0.371810815701561,1,0
0.177652385395335,0.102220163464499,1,1
0.483226029406205,0.25631644393854,1,0
0.844694075049958,0.625620863595179,1,1
0.550510171589613,0.463874901986956,1,1
0.297299502442718,0.229596335951352,1,0
0.7089055434718,0.479905336688549,1,1
0.811419170906358,0.621990235716406,1,0
0.377922784116974,0.307268251880686,1,0
0.748306209660423,0.557863107762845,1,1
0.389850882790243,0.254264726328251,1,0
0.943615951901381,0.760409566414868,1,1
0.231364851829351,0.2155034944392,1,1
0.0687508596485139,0.0793480159890461,1,0
0.223254607269032,0.206976327273907,1,0
0.367162120565448,0.313201088443486,1,1
0.0677920130899952,0.0771501664603869,1,1
0.33860332101155,0.313009157339998,1,0
0.208915452581523,0.181242875640103,1,0
0.163886981064606,0.174113334280005,1,0
0.571911103927124,0.425477253371927,1,0
0.320747378984999,0.22813955297035,1,0
0.383520617635034,0.31643824785101,1,1
0.135898058706197,0.17685798884151,1,0
0.680244723413184,0.502026519313861,1,1
0.904660675373382,0.70491139418245,1,1
0.892054684695821,0.620912022125617,1,1
0.983639955605299,0.833928732055581,1,1
0.141372405995895,0.19139362795539,1,0
0.188135154596668,0.114639529191379,1,0
0.576409926575885,0.428447503055308,1,1
0.497148225533682,0.342326664470811,1,1
0.0629775918367299,0.0665812441460861,1,0
0.792622974137659,0.588493044931223,1,1
0.614579994125307,0.463680774348097,1,1
0.156791436852032,0.159363112010634,1,1
0.378558658589835,0.308303110945783,1,1
0.509975383759884,0.369322767727579,1,1
0.543888167853148,0.366678367738608,1,0
0.0906713969384604,0.138013134648743,1,0
0.933032183031463,0.703175765330667,1,1
0.451797186816703,0.331537046674486,1,0
0.113043759725572,0.122374621863104,1,1
0.324038236598165,0.232844977217354,1,0
0.527067048826554,0.406152419333374,1,1
0.150082641557494,0.146017211974934,1,0
0.514626521151477,0.376090169832113,1,1
0.925570830890688,0.71437878894412,1,1
0.317057046504298,0.222920071286647,1,1
0.183298876629477,0.108821345474659,1,0
0.62070168210265,0.398298561134272,1,0
0.91635293131092,0.715376855591795,1,1
0.421899065184641,0.292915314609857,1,1
0.768387965994969,0.512379972362078,1,1
0.583662409294788,0.357229566524503,1,1
0.517135972653602,0.379766937585236,1,1
0.440799465996566,0.275105872222877,1,0
0.483826291705846,0.256953630882862,1,1
0.11957173974564,0.136916337298151,1,0
0.539624566715016,0.360952033983472,1,0
0.622965252869799,0.401208883236151,1,1
0.280106337216157,0.202071958533237,1,1
0.491500778354023,0.334593393071684,1,1
0.744766888594385,0.55259845205215,1,0
0.791043733339204,0.586150326123336,1,1
0.737558424632933,0.618525463821816,1,0
0.859097355518089,0.690029186193013,1,1
0.212667359687683,0.187811203002971,1,0
0.796009533619862,0.652513198788045,1,1
0.249310525912346,0.182580922782751,1,0
0.543256953799362,0.36582775819974,1,1
0.836030106255952,0.592276512081917,1,1
0.20599924464231,0.176218326212841,1,1
0.658681825979912,0.46417603434039,1,0
0.815681239616545,0.566258810152912,1,1
0.724411152319514,0.574063191134869,1,0
0.086231332171486,0.124827420864336,1,0
0.0924311131548321,0.143422131648868,1,1
0.34493297649732,0.324820962403738,1,1
0.778936415234476,0.599904100500653,1,1
0.402944893695865,0.213531600276458,1,1
0.0683620854186698,0.0784531546710277,1,0
0.791202763509541,0.586386027266606,1,0
0.45909745164634,0.308256574335114,1,1
0.904492254368865,0.704648951396803,1,1
0.746569279073337,0.555276346030137,1,1
0.802270809856028,0.530781297286842,1,1
0.542943088246254,0.365405167887184,1,0
0.771404562547764,0.516410950800678,1,0
0.930152186421697,0.791740721244972,1,1
0.788486941538565,0.582367368716624,1,1
0.549391838906083,0.461992140987405,1,1
0.162857434500144,0.171932627422198,1,0
0.549552040234218,0.462261611846475,1,0
0.890474740715718,0.618714539204359,1,1
0.355410604674363,0.250568819210847,1,0
0.153687218844546,0.153115312494607,1,0
0.0712512573339271,0.0852245803551335,1,1
0.0658996221191935,0.0729030427736925,1,0
0.468038805627042,0.320380672314465,1,0
0.228363536014311,0.209948641456421,1,0
0.110735269757448,0.117427580360189,1,0
0.287235961292317,0.214315810802326,1,1
0.408398601985942,0.219350856840149,1,1
0.703627965628961,0.436912957798836,1,1
0.259644045518541,0.198029961280256,1,0
0.916375388556638,0.715411919790614,1,1
0.958688204148907,0.781438582803675,1,1
0.905432823319373,0.70611522272115,1,1
0.254627933672895,0.190452316525527,1,1
0.994320666950131,0.891047589119916,1,1
0.988076382901639,0.823531505380373,1,1
0.539566337971339,0.360874140385626,1,0
0.897347916559763,0.701640194636205,1,1
0.889928871352201,0.617956216080283,1,1
0.759480533365079,0.570328701237059,1,1
0.797086691380966,0.654280351517761,1,1
0.715533617442751,0.539480800586609,1,1
0.544581852179897,0.367614300007951,1,0
0.662418751202543,0.469457830568919,1,1
0.742819278820749,0.54971207528464,1,1
0.273523180221977,0.19268524355705,1,0
0.144327734442486,0.135033868828144,1,0
0.913343912585773,0.710686417935564,1,1
0.990583878897561,0.884362825435827,1,1
0.585756996075008,0.359798143610804,1,0
0.917030649791761,0.793798871110996,1,1
0.0176173617238772,0.00521028583626203,1,0
0.237440514152283,0.226970387252746,1,1
0.364429548845505,0.308556493504172,1,1
0.050104469155334,0.0421437072913707,1,0
0.622558877045939,0.400685616772542,1,0
0.831975503975856,0.586545564406636,1,1
0.903278334608129,0.702758800819214,1,1
0.658526253602815,0.463956795131693,1,1
0.96022098347366,0.781760549084085,1,1
0.977519455256258,0.865415794021565,1,1
0.967765864821879,0.796411838409742,1,1
0.00226234415983151,8.59205704998074e-05,1,0
0.338577684901958,0.312961762451664,1,1
0.268014762506987,0.185002507046577,1,0
0.05569943578125,0.0520812498902032,1,0
0.139802067223981,0.187165312115786,1,0
0.846131566059521,0.627752024742194,1,1
0.729471060472999,0.593058420268685,1,1
0.551747600301451,0.465962628172965,1,0
0.871913800553243,0.615281695414998,1,1
0.362615604717247,0.305492464912066,1,1
0.29584761482888,0.227359304899095,1,0
0.808953206451634,0.618215429324774,1,0
0.714169808635462,0.537426257012654,1,1
0.370797009059523,0.319433138405422,1,1
0.9372605940874,0.709563655532911,1,1
0.635286165348428,0.414901569779283,1,1
0.139543974756359,0.186474887879107,1,0
0.304754724265432,0.270102853021524,1,0
0.658259900585569,0.463581559367801,1,1
0.734873545361557,0.614030515242201,1,1
0.28191768550302,0.2046938639782,1,1
0.905376143225136,0.706026819863147,1,1
0.0717546465267239,0.0864330553292066,1,0
0.989916841256129,0.826602294371302,1,1
0.196715934634871,0.125335346442075,1,0
0.828532573854292,0.640623480852654,1,1
0.913527394581429,0.710971986730228,1,1
0.93593504681703,0.707558033903702,1,1
0.844036297552644,0.624646879973037,1,1
0.904616858918632,0.704843112292763,1,1
0.836737187331664,0.618115604011756,1,1
0.18864022324958,0.11525587921004,1,0
0.611143971857747,0.458510532023504,1,1
0.397327831554708,0.264111338172222,1,0
0.662246544834898,0.469213776126561,1,1
0.291314941228162,0.220445941482209,1,0
0.423333356918057,0.294910294836603,1,0
0.736738470746988,0.617150981662871,1,1
0.733772266255809,0.600072781294474,1,1
0.155027632132422,0.155797810257264,1,0
0.82495033225348,0.635095859821091,1,1
0.513540014749804,0.374503803775241,1,0
0.34106700629593,0.317580651363115,1,0
0.192515323112095,0.120039752050643,1,1
0.95776650812094,0.779936733492953,1,1
0.887968427927696,0.639775495176126,1,1
0.637300127333168,0.417536352411694,1,0
0.273363268390326,0.192460007486796,1,0
0.252382566651924,0.18710822264258,1,0
0.494662107217281,0.338911439140411,1,0
0.978864811290146,0.867799569729464,1,1
0.754161578750304,0.633510745835173,1,1
0.0693755303734214,0.080796479707119,1,0
0.489524939977646,0.263042228378231,1,1
0.312454494163678,0.283923819983872,1,0
0.645508821716701,0.472963272477787,1,1
0.145506368003739,0.137248347028096,1,0
0.703252109472413,0.436446311862538,1,1
0.896483152654132,0.700288521013618,1,1
0.0884751491226733,0.131408183826247,1,0
0.821022946814313,0.520986056040704,1,1
0.500816583268972,0.348295815915105,1,1
0.830195295189802,0.643197301550776,1,1
0.276012332857005,0.19620820162079,1,0
0.839975399330123,0.622909134209475,1,1
0.799383839462551,0.658056966058034,1,1
0.587498201837775,0.361940375758613,1,1
0.772276458653719,0.517578979031162,1,1
0.632241114889801,0.485131381277448,1,1
0.390344485990109,0.25490900003219,1,0
0.702545549043201,0.43556975343892,1,0
0.840302453044394,0.623394301768907,1,1
0.819541235026117,0.519107290999905,1,1
0.199073148271397,0.128357087462742,1,0
0.927679249194937,0.787536414840556,1,1
0.39314205106332,0.258575914728296,1,0
0.0916761988211201,0.141088950197754,1,0
0.00829371636961584,0.00115472392663444,1,0
0.768644314086632,0.512721907800696,1,1
0.267517822145771,0.184317097177018,1,0
0.110924831133377,0.117829959590158,1,0
0.60817437620786,0.493415584102003,1,1
0.628220350863992,0.47898057487727,1,1
0.048610053697139,0.0396672422124266,1,0
0.184964184811959,0.110807656529774,1,0
0.931240968048653,0.793595336620177,1,1
0.112608468422008,0.121433994099623,1,0
0.0240389648835566,0.00970088446955395,1,0
0.860033349791022,0.691533591250826,1,1
0.219824657581534,0.200665460790006,1,0
0.849289180249665,0.663145325222442,1,0
0.644239237847158,0.471104657927574,1,1
0.7714606395636,0.51648603419802,1,1
0.628194221409713,0.478940731402804,1,1
0.17354247099692,0.0975452302861822,1,0
0.186906533176745,0.11314710557909,1,0
0.468061419004118,0.320411631559223,1,0
0.688813673697326,0.538784002857862,1,0
0.902973940820547,0.7022852383269,1,1
0.248080794688566,0.180784193810347,1,1
0.0228452962704118,0.00876139772422242,1,0
0.965235300718532,0.79225228632256,1,1
0.627235278089551,0.477479634007954,1,1
0.792760811628386,0.588697741137011,1,1
0.888565686098264,0.640636425894066,1,1
0.632859647687008,0.411738134663314,1,0
0.433852832528167,0.32789977400489,1,1
0.77836823629824,0.599029244599738,1,1
0.663815670269911,0.443955379719039,1,1
0.745606773777901,0.553845502523023,1,0
0.318035505298075,0.224298086188633,1,0
0.159290906079589,0.164484540959544,1,0
0.691196050308712,0.542517396094943,1,1
0.4760216241374,0.3605655051797,1,1
0.387644989664406,0.251395454918179,1,1
0.632875915590789,0.411759302713675,1,1
0.17050554002111,0.188460401043026,1,1
0.480988578508809,0.253948327517526,1,1
0.68837813454234,0.538102868467958,1,1
0.607961632148969,0.493070443371593,1,1
0.0493784505623506,0.0409312231354497,1,0
0.243918330661815,0.239523665317337,1,0
0.176554012331191,0.100960075801006,1,0
0.199131040212362,0.128431752694755,1,0
0.568894996716238,0.421001378883476,1,1
0.917034898741164,0.793806227068081,1,1
0.206634829975596,0.177307403676751,1,0
0.0826770339199653,0.114749177641149,1,0
0.871042200077588,0.580470956760753,1,1
0.705310225921644,0.439004631213358,1,0
0.63065424811272,0.482699167550295,1,0
0.00711429539349206,0.000849656909798383,1,0
0.609261949587875,0.455690907264351,1,1
0.796813710081845,0.653832280515473,1,1
0.526192314720985,0.404805415903957,1,0
0.158705604220951,0.16327799080625,1,1
0.672099737197513,0.472495675784922,1,1
0.151692722257155,0.149166950831499,1,0
0.439773797831094,0.273827109073527,1,1
0.525333590206125,0.403485241979752,1,1
0.447618351039236,0.325432397510927,1,0
0.644666448422091,0.471729666807551,1,1
0.526448835240637,0.405200200107877,1,0
0.164753479710388,0.175959335743583,1,0
0.879794840392816,0.627070920251921,1,1
0.370738679710338,0.319332647510896,1,0
0.932184284718836,0.79520392321744,1,1
0.00781298329904012,0.00102473978629348,1,0
0.124797557185666,0.149145565509403,1,0
0.71031042063498,0.481809331125691,1,1
0.0552651589372128,0.0512722826948341,1,0
0.793707566320317,0.590104685449657,1,1
0.565187978412031,0.428520019185527,1,1
0.493847303940497,0.337795854524923,1,0
0.363885997831481,0.307636748548762,1,0
0.494152150976858,0.338213019293774,1,0
0.27032053468756,0.188199409853975,1,1
0.193460194261753,0.121220961278743,1,0
0.52340525924521,0.400528548909618,1,1
0.101255051521353,0.098181932097185,1,1
0.393372309250089,0.258878892528712,1,0
0.677103700465714,0.479557581895491,1,0
0.45029447383906,0.329335277816354,1,0
0.523703539277373,0.400985188227768,1,0
0.628683601219221,0.47968723689912,1,0
0.579835703329481,0.433555420574086,1,1
0.113019134098749,0.122321311117963,1,0
0.556623434762497,0.474234509603588,1,1
0.642094952742167,0.467973828582835,1,1
0.314224298667859,0.287149331318312,1,0
0.698008648390426,0.479228056145905,1,1
0.810618952780731,0.620764032417608,1,0
0.00377802987805154,0.000239613113709003,1,0
0.575497319893572,0.427091889608041,1,0
0.108444909889231,0.112620258719728,1,1
0.0259169382993102,0.0112757956345319,1,0
0.736189075293916,0.616230889836697,1,1
0.587862293104787,0.362389126626259,1,1
0.853246647121718,0.669339893977991,1,1
0.104809086766632,0.105195230600597,1,0
0.744430879406673,0.552099943661002,1,1
0.898411681291201,0.703304705087698,1,1
0.419383897994451,0.28943327340789,1,1
0.445199163122822,0.280625039689404,1,0
0.0572605008235989,0.0550414784537622,1,0
0.813680038578246,0.563483687803202,1,1
0.299516672466264,0.233033625926029,1,0
0.272947327673812,0.191874771206498,1,0
0.412626170629516,0.280180877646921,1,0
0.000714564330454914,8.57161138664728e-06,1,0
0.412348638921776,0.279804105969958,1,0
0.0359428863617148,0.0216873109327168,1,0
0.373049640875623,0.323326109229359,1,1
0.160390322703179,0.166762902060162,1,0
0.580770784289394,0.434954907743923,1,1
0.190173233996116,0.117136776508519,1,0
0.891243288707871,0.619782996279338,1,1
0.871352198082372,0.580884201627621,1,1
0.224668873831553,0.203210136403112,1,0
0.944897604242753,0.762476599203171,1,1
0.555831910521482,0.472886735872923,1,1
0.693258439053731,0.472727599161881,1,1
0.549120561492781,0.461536010837633,1,1
0.132279202256967,0.167564228199963,1,1
0.0186655489149438,0.00584872684317375,1,0
0.631884899393632,0.484584872582618,1,1
0.260211810576146,0.198896974600043,1,1
0.956733634485885,0.778255443308103,1,1
0.66185414897916,0.468657901593829,1,0
0.365899178475562,0.31105013379836,1,0
0.89584922213651,0.699298480534701,1,1
0.78308790211429,0.576171417628384,1,1
0.459514658477816,0.308817087943601,1,0
0.592354779055286,0.371756842494477,1,1
0.842246909189017,0.626282703072419,1,1
0.948605814711912,0.768472956368202,1,1
0.584800159541029,0.358623640090251,1,0
0.238128136150958,0.228286892307609,1,0
0.750428796673252,0.627255043218292,1,1
0.251566992607848,0.185900896419753,1,0
0.435677930503992,0.330664342648406,1,0
0.852223421830826,0.667735493074924,1,1
0.272499545569288,0.191245729600674,1,0
0.192909914262116,0.120532337947747,1,0
0.222061195480373,0.204769449673643,1,0
0.715479203177209,0.539398751792189,1,0
0.568098102439481,0.419822747973928,1,0
0.00287424445213424,0.000138684271624806,1,0
0.570120037606634,0.422816473762183,1,1
0.122162007041633,0.142912591586478,1,1
0.904496330460786,0.704655302408336,1,1
0.175954610324293,0.100275719260974,1,0
0.956386102866372,0.77769014646621,1,1
0.30389802717069,0.268586413264945,1,1
0.857411168222901,0.687323144565075,1,1
0.542782514177523,0.365189064507731,1,0
0.48076856288122,0.253716056630353,1,0
0.532755110036352,0.37644000415733,1,1
0.0458281721372149,0.0352569612081005,1,0
0.270322562724656,0.188202233737235,1,1
0.804376036065763,0.533570581852863,1,1
0.634919668841759,0.414422994540164,1,1
0.761296125327617,0.573058782811407,1,0
0.873587679129247,0.61764636825851,1,1
0.677034594950194,0.479459699155374,1,0
0.903830172213644,0.703617732514025,1,1
0.353959477780798,0.248526871947917,1,1
0.733595234196431,0.599783265568147,1,0
0.145286181406784,0.136833280916762,1,0
0.375182462407575,0.302828397120769,1,0
0.605933685179592,0.489786509103437,1,0
0.932033234612359,0.794946236175213,1,1
0.315597231205652,0.289664082253504,1,0
0.298308377423418,0.231157233415655,1,0
0.394237579795522,0.260019016697518,1,0
0.524612522686403,0.40237836270383,1,1
0.525041112770277,0.403036089364042,1,1
0.357794942699162,0.253942071312662,1,0
0.288063682624004,0.21555276848208,1,0
0.743978246386652,0.551428765988574,1,1
0.917146742754732,0.793999868310363,1,1
0.279679324551416,0.201456324375788,1,1
0.352018144708875,0.245808197216156,1,0
0.0972270119426987,0.158691506913283,1,1
0.668610827726951,0.450392482682462,1,1
0.179730582981427,0.104625717807344,1,0
0.990255349261204,0.883776320396577,1,1
0.587009994165809,0.361339084900262,1,0
0.659538832821583,0.465384693241703,1,1
0.619214355633783,0.396392040644342,1,1
0.570114010143232,0.42280753354896,1,1
0.704108968680048,0.437510513063704,1,1
0.65454394231995,0.460287545670775,1,1
0.607328129676155,0.492043409471031,1,1
0.112304432973012,0.120779151736003,1,0
0.0533704438327116,0.0478169020033148,1,0
0.171720186773596,0.191155072174668,1,0
0.730318496077221,0.59443714733272,1,0
0.0431844998495471,0.0313065776694462,1,0
0.476858287630499,0.361834090855613,1,0
0.312073414131694,0.283231676202038,1,0
0.462168148369275,0.312393944363423,1,0
0.951330623845715,0.771150345370486,1,1
0.711525615021422,0.483459293748845,1,1
0.321296558292322,0.228921456670258,1,1
0.360373418578317,0.257615364588714,1,0
0.513463796926954,0.374392646920614,1,1
0.113000433250844,0.122280834379224,1,0
0.843506692861205,0.623863235641401,1,1
0.419003348272888,0.288908247150033,1,0
0.0391766517590143,0.025765254626521,1,0
0.325475446888642,0.234915037424,1,1
0.424240288035997,0.296175254566113,1,1
0.954188230851932,0.774119832398296,1,1
0.64054606777566,0.465718824444335,1,0
0.579052370317531,0.432384782523752,1,1
0.715950781871561,0.540110031131672,1,1
0.0641418175985323,0.069065686235177,1,0
0.60155948684682,0.482740555488256,1,1
0.258541385723436,0.196351540273514,1,0
0.333107413091047,0.302930646829914,1,0
0.616735491875833,0.393224688146891,1,1
0.683873747119894,0.50739730954678,1,1
0.110664094790158,0.117276675988119,1,0
0.307769514608908,0.275473278232924,1,0
0.216165493708519,0.194040575627608,1,0
0.847295363726757,0.629480074612678,1,1
0.976101045633034,0.862906128348682,1,1
0.476679756524387,0.361563207242625,1,1
0.912575545325864,0.709491165034294,1,1
0.793678194704796,0.59006101191553,1,0
0.00186290721369831,5.82588966318964e-05,1,0
0.844972346275651,0.626033133470539,1,0
0.442399263580424,0.277106384465201,1,0
0.462842563756538,0.313306326589272,1,0
0.622502256150412,0.400612736447166,1,0
0.626774875471957,0.476778933010204,1,0
0.832461212091348,0.587230616067146,1,1
0.173705415913209,0.0977284933368294,1,0
0.693063973822446,0.472462427666634,1,1
0.456442941133199,0.33839038141525,1,1
0.0181920978686395,0.00555578427080733,1,0
0.475427447689309,0.359665941748057,1,1
0.844597444641116,0.625477733570384,1,1
0.216366763899726,0.194402083515053,1,0
0.963384357483517,0.786919933436483,1,1
0.873434858377765,0.617430291662118,1,1
0.608866903762493,0.455100158314565,1,1
0.654967580064054,0.460883558460239,1,1
0.561953515286926,0.42362937658837,1,1
0.157311573785357,0.160422202123602,1,0
0.0724371761120216,0.0880851765866758,1,0
0.922568163037578,0.709751238550272,1,1
0.206618741196807,0.177279794115087,1,0
0.0517281383726266,0.0449193542605469,1,0
0.254744684638101,0.190627007409775,1,1
0.541834993154794,0.363915175669638,1,1
0.449880242110516,0.32872963692337,1,0
0.946305680140008,0.764750760696843,1,0
0.277471619122817,0.198288404580658,1,1
0.398756474843536,0.266014045275246,1,0
0.1636354518022,0.173579295628667,1,1
0.343590564151563,0.32229760162942,1,1
0.352893958079963,0.247032849511202,1,0
0.336354996869267,0.308866199685467,1,1
0.0204092481260899,0.00699252161844898,1,0
0.155009376299276,0.155761119361276,1,0
0.759089143792919,0.569741028006607,1,0
0.170854282176056,0.189232121428102,1,1
0.605836296431336,0.48962907979085,1,0
0.119848188237128,0.137550167160187,1,0
0.161871469881365,0.169857114700275,1,0
0.172200104879488,0.192225033443701,1,0
0.459803418272033,0.309205332260309,1,0
0.956842178176189,0.778432043161393,1,1
0.135060445589877,0.174684564973892,1,0
0.483081834699802,0.256163497045057,1,0
0.839724935083676,0.622537710935653,1,1
0.641110296548125,0.466539648132028,1,0
0.79812584566243,0.655987421587595,1,1
0.524637018110978,0.402415939614477,1,0
0.820289761313818,0.520055975177251,1,0
0.1682071759593,0.183413864233231,1,0
0.396223789141591,0.262645621553188,1,1
0.588221865602834,0.362832580871769,1,0
0.419887022687692,0.290128142126509,1,0
0.12505789131288,0.149768465184225,1,0
0.806018108690286,0.535751293149909,1,1
0.988085902911195,0.823547374731581,1,1
0.231118759517045,0.215045295641611,1,0
0.861606131295021,0.633464682137902,1,1
0.48693388561361,0.260265033922115,1,0
0.47684307930844,0.361811011455391,1,0
0.647231484780722,0.475491025775168,1,0
0.605445982545207,0.488998389723529,1,1
0.0888972569288078,0.132665050605576,1,1
0.694954483601583,0.475043468039784,1,0
0.861527622579986,0.633349246022443,1,1
0.306153724634293,0.272588401502898,1,0
0.677884478491296,0.480664189054362,1,1
0.610433963390971,0.457445783715746,1,1
0.21702288448633,0.195582898931106,1,1
0.176891926707312,0.101346909365297,1,0
0.168858513464744,0.184837057090661,1,1
0.72845658238052,0.591410030215403,1,1
0.0856792543622877,0.123234175294788,1,0
0.591855863511144,0.371130875878171,1,1
0.146691783680248,0.139493734279828,1,0
0.590436622754951,0.365569979533353,1,1
0.194590085477426,0.122641061900775,1,0
0.39228630167217,0.257451459301133,1,0
0.0305627115851638,0.0156806323564381,1,0
0.929741564464606,0.791041836978365,1,1
0.768230217879055,0.512169613319351,1,1
0.526673872892219,0.405546690724024,1,1
0.674111786348255,0.475328908686019,1,1
0.189376059117557,0.116156798622123,1,0
0.603140409051911,0.4852812122566,1,0
0.632654197043569,0.411470845907857,1,1
0.681366476088559,0.503683610947636,1,0
0.213979626529319,0.190136137135351,1,0
0.353565943110227,0.247974551260058,1,0
0.116933599411463,0.130941349543367,1,0
0.984097909155185,0.834705417715437,1,1
0.716307744060287,0.54064874671671,1,0
0.980268225695487,0.828221433758248,1,1
0.874095032975807,0.618363998016505,1,1
0.0199050711667382,0.00665131131868918,1,0
0.796705686238892,0.653655012762462,1,0
0.332283044292552,0.301433126487075,1,0
0.00666095386345811,0.00074482227698341,1,0
0.989311995763382,0.825592484436155,1,1
0.0750154489407969,0.0944672410533101,1,0
0.881588545408723,0.629630441610876,1,1
0.202082095338363,0.169580334929059,1,0
0.936422046851008,0.708294560303683,1,1
0.425290350318996,0.315084689526053,1,1
0.410263827309559,0.221359057034008,1,1
0.549177227346633,0.461631271089764,1,1
0.695345594846272,0.475578314933786,1,1
0.30076504159253,0.263077066380285,1,1
0.59919104786604,0.380387125927524,1,1
0.660068718595851,0.466132791088385,1,0
0.132620280071832,0.168429460567932,1,1
0.00406019251398537,0.000276740715006545,1,0
0.470535300330062,0.352302101184893,1,0
0.784442942141097,0.578167134368925,1,1
0.112031162586758,0.120192083022963,1,0
0.861400234912467,0.633161962605821,1,1
0.0490221519619793,0.0403426618650532,1,0
0.366539396943626,0.312139582864183,1,1
0.627346367911212,0.477648782097941,1,1
0.797054335601428,0.654227234783102,1,1
0.466152799347302,0.317803866580249,1,1
0.469710914350095,0.351068703856429,1,1
0.761034751761691,0.572665357177445,1,1
0.983861711981236,0.834304784000168,1,1
0.940165687530234,0.790927441238521,1,1
0.733991536985617,0.600431470392746,1,1
0.247032446747213,0.179259494667645,1,0
0.645870921050193,0.473494040498863,1,0
0.69937138794314,0.481101100337949,1,1
0.790988593238494,0.586068613165639,1,1
0.569020189800615,0.42118669343481,1,1
0.0548884393285418,0.0505756614402849,1,1
0.780612808278453,0.602489054102734,1,1
0.556015081791371,0.473198461539364,1,1
0.793794442240574,0.648886696230529,1,0
0.440857507820312,0.275178325567495,1,0
0.262010243132895,0.201655795658224,1,0
0.683102811300011,0.506253969046651,1,0
0.933818052742928,0.704360798962657,1,1
0.364892269142692,0.309340546249408,1,0
0.132037610620007,0.166952716371918,1,0
0.21535194899221,0.192582770074493,1,0
0.731466074136207,0.596306739808154,1,1
0.143043056196043,0.132640662651912,1,0
0.738255411622318,0.619695019701173,1,1
0.0778147920227135,0.101649238266283,1,0
0.236231541383773,0.224664947202776,1,0
0.180535030465743,0.105564392251395,1,1
0.123432585846424,0.145900852976884,1,1
0.371780072525965,0.321129157048145,1,0
0.864510529049014,0.637742586601669,1,0
0.873388929130725,0.617365358685094,1,1
0.235130968388435,0.222576452199585,1,0
0.833173682890927,0.588236221373375,1,1
0.616268160103605,0.466231606448007,1,1
0.395994552512852,0.262341800421212,1,1
0.765837486411056,0.551532138592246,1,1
0.903661247819109,0.703354747064102,1,1
0.169019500216937,0.185189665928338,1,0
0.518870014544556,0.382318049463291,1,1
0.560156469282353,0.420924297880072,1,1
0.830400831105053,0.643515820606661,1,0
0.719091092653121,0.544858494719026,1,0
0.770557727968664,0.515277759131463,1,0
0.992447202772228,0.887692991085159,1,1
0.206832910835964,0.177647501585,1,1
0.656751307324849,0.461459131350609,1,1
0.844487164768951,0.625314405817729,1,0
0.550595869954109,0.464019336791973,1,1
0.0515082630658953,0.0445382979813936,1,0
0.825213945875483,0.635501815581027,1,1
0.180056456607252,0.105005460313558,1,0
0.925612320853754,0.714442836368467,1,1
0.481575026869026,0.2545679612359,1,1
0.293214805219691,0.223330675108244,1,0
0.830471102640018,0.643624738507922,1,1
0.684408867103774,0.508191680351657,1,0
0.709400490465145,0.48057569573645,1,1
0.882983538227069,0.631624625557802,1,1
0.0173688782189512,0.00506434573576721,1,1
0.386272845141662,0.320996203433176,1,0
0.694320283705829,0.474176835597693,1,0
0.243678466538625,0.239052811940216,1,1
0.212071030997063,0.186759417845444,1,0
0.35915703344207,0.255879217382567,1,0
0.696923204738084,0.477738760557138,1,1
0.772139053366915,0.517394817619765,1,1
0.47342523943736,0.356642936847231,1,0
0.176156396971558,0.100505845696559,1,0
0.690813615578101,0.541917218775952,1,0
0.12426163773019,0.147867361193333,1,0
0.273240313518029,0.192286914928005,1,0
0.391381193312714,0.256264812477806,1,0
0.815592633665861,0.566135793531661,1,1
0.854860816004738,0.683240368029354,1,1
0.644120226163685,0.470930617675276,1,1
0.223361734405436,0.20717500716895,1,1
0.339601470265899,0.314857280701996,1,0
0.231110141035229,0.21502925774475,1,1
0.847032628274256,0.629089747703862,1,1
0.384411669469316,0.317910348265658,1,1
0.601925339545461,0.483327914325427,1,1
0.135148811879291,0.174913222246624,1,0
0.453636786901022,0.334242407684081,1,1
0.479074500835936,0.365205175900391,1,0
0.470715176137405,0.352571508124043,1,0
0.356416033155581,0.251988503191374,1,0
0.0252050809877521,0.0106648806799784,1,0
0.116611094052612,0.130220067508117,1,0
0.464700008415822,0.315826046795744,1,1
0.932521836341199,0.795779927292539,1,1
0.78506418523655,0.579083261085022,1,1
0.370287639302448,0.318556120426485,1,0
0.141883008719903,0.130498013488947,1,0
0.145252407990443,0.136769671422988,1,0
0.938914992132871,0.78882451118133,1,1
0.760970946599043,0.572569336662068,1,1
0.0267275436168843,0.0119921734212381,1,0
0.628775419140204,0.479827361759979,1,0
0.631541152634832,0.484057785541816,1,1
0.932650915144719,0.796000244771367,1,1
0.669233593774669,0.4512318940803,1,0
0.491259850153465,0.33426544556939,1,0
0.73939611860176,0.621611528662249,1,1
0.571336668544561,0.424622972197252,1,1
0.772405820462649,0.517752389886709,1,1
0.583724507506947,0.357305584774591,1,1
0.933363891757981,0.703675835969079,1,0
0.1761797280698,0.100532470526387,1,0
0.158232303700022,0.162305569891133,1,1
0.891369978658776,0.619959212715819,1,1
0.173917867646693,0.0979676946839102,1,0
0.131558392211971,0.165743036404514,1,0
0.345211720260895,0.325346156615896,1,1
0.88637373649238,0.637479628907848,1,1
0.940304166578925,0.791160453243374,1,0
0.257395220111033,0.194614468014041,1,0
0.095883934440718,0.154337513448147,1,0
0.776426024547094,0.596043536669372,1,0
0.924863087198262,0.713286697964199,1,1
0.00210363739308139,7.42884967540107e-05,1,0
0.305899693374009,0.272136228354864,1,0
0.0685536910890272,0.078893548938932,1,1
0.753615963083081,0.632594421369589,1,1
0.629103276122205,0.480327876759643,1,1
0.394320172877438,0.260127976485433,1,1
0.655047861028989,0.460996548615853,1,1
0.0441115424278801,0.0326651227133279,1,0
0.330243890951941,0.241848801139786,1,0
0.205448788699557,0.175277829305931,1,0
0.209518137049775,0.182290091848864,1,1
0.677073319538089,0.479514548376931,1,1
0.206412780373056,0.176926539671615,1,0
0.740573931456149,0.623593484367029,1,1
0.193213746715465,0.120912312979742,1,1
0.257381813840197,0.1945941957936,1,0
0.0675158435579934,0.0765228616974396,1,0
0.0397804765832432,0.0265656086172315,1,0
0.869156019803651,0.577959741039492,1,1
0.858565126803718,0.689174476109837,1,1
0.563505187994264,0.42597206737394,1,1
0.737658104138357,0.618692660009923,1,1
0.143581993405075,0.133642034629083,1,0
0.55983212363066,0.420436986039965,1,1
0.612727213160264,0.460889261596722,1,1
0.602955407656349,0.484983557079156,1,1
0.537798847706806,0.383601464202214,1,0
0.0799622114704057,0.107336986863107,1,1
0.658542801734034,0.463980113000493,1,0
0.501808369107099,0.349676668339121,1,0
0.942639467056726,0.795095119829767,1,1
0.162389166133578,0.170945323849773,1,0
0.677201099650529,0.479695557443258,1,0
0.798121139538663,0.655979685592299,1,1
0.098990395397326,0.164500008348566,1,0
0.55068151663752,0.464163706956624,1,1
0.224376930675019,0.202682361793659,1,1
0.839412987005456,0.6220752657634,1,0
0.107679762830471,0.111036651627668,1,0
0.55880350160156,0.418893403877395,1,1
0.262657990856389,0.202654104307955,1,1
0.111161948800257,0.118334254746184,1,1
0.0775826311094263,0.101043600815434,1,0
0.197798814801884,0.126719034296123,1,0
0.378914914039282,0.308883662163819,1,0
0.706210918695841,0.440126579417387,1,1
0.1337007336097,0.171185019524065,1,0
0.137558130011654,0.181205219416884,1,0
0.560416271806396,0.421314840741372,1,1
0.0977044839676096,0.160253969954838,1,1
0.284631538936146,0.210446947200352,1,0
0.978314683448653,0.866824426793233,1,1
0.41156469511765,0.222765056701863,1,0
0.37536428877239,0.30312199042348,1,0
0.447398136803716,0.3251122711442,1,1
0.265421300907967,0.181439453273356,1,1
0.594219728715103,0.374101380649154,1,0
0.363538018721839,0.307048652404786,1,1
0.561547055999526,0.423016778505852,1,0
0.376497978765249,0.304955757377834,1,0
0.946128012420941,0.764463625638259,1,1
0.00101136711391991,1.71710740859691e-05,1,0
0.452195202089129,0.332121445763909,1,1
0.829010143482621,0.641362209782622,1,1
0.586004020220408,0.360101674154799,1,1
0.360770917497491,0.302392186647549,1,0
0.1112767464083,0.118578789929899,1,0
0.606562095161969,0.490802944865039,1,0
0.300197911265633,0.262085871957294,1,0
0.2214285217708,0.203604296134375,1,0
0.874126608875224,0.618408674513536,1,1
0.936201603188969,0.707961119482189,1,1
0.232040361306495,0.216763730527928,1,1
0.547993568596494,0.459643479117488,1,1
0.756163759701537,0.565358144230466,1,1
0.267350569844572,0.184086698904983,1,1
0.753099265403151,0.631727274084488,1,1
0.225195657340392,0.204164191540867,1,0
0.436279191928939,0.269492536054286,1,1
0.00781457568094668,0.00102515753795639,1,0
0.178362807853641,0.103039344140484,1,0
0.181858919745032,0.10711830664271,1,0
0.24512342682776,0.176499633088615,1,0
0.317248386719599,0.22318921177964,1,1
0.199872395862772,0.12938982375565,1,1
0.275542789389536,0.19554120304488,1,0
0.66648898989378,0.447538375701897,1,1
0.070875676334635,0.0843284734870265,1,0
0.818027250421027,0.569520769906445,1,1
0.744170797369823,0.551714236408389,1,0
0.0477745787525486,0.0383154154744209,1,0
0.792397081917081,0.58815765960398,1,1
0.834503175288094,0.590115012222959,1,1
0.890517235224413,0.61877359219375,1,1
0.0568431100881489,0.0542419719521888,1,0
0.838218603008028,0.620306248232114,1,1
0.598268567275517,0.379216782581704,1,0
0.457250761028023,0.339589218574239,1,0
0.432581380623557,0.325980699778921,1,0
0.626847344933087,0.476889192406997,1,1
0.18920515444322,0.115947239058853,1,0
0.318427038760468,0.224850692816201,1,1
0.936669529747429,0.70866899393286,1,1
0.895199770132351,0.698284925652951,1,1
0.761616671099158,0.545469493884647,1,1
0.397271408951584,0.264036333151376,1,0
0.40991264055343,0.22098025153424,1,0
0.816121918710495,0.566870828218202,1,1
0.974706096666817,0.860441527159596,1,1
0.467016376518073,0.318982460296847,1,0
0.294858501776178,0.225841576749407,1,0
0.56357536797306,0.42607817667999,1,1
0.580032551098834,0.433849845024602,1,1
0.502877070492501,0.351167667283524,1,1
0.409464439775792,0.22049727363399,1,1
0.236443488237556,0.225068266669994,1,0
0.78665497573718,0.581432453650033,1,1
0.861801466598774,0.633751941102229,1,1
0.39145259077375,0.256358318891269,1,1
0.141338936608998,0.191303015235594,1,0
0.495777736907932,0.340441881960028,1,0
0.328363172756528,0.239102017421539,1,0
0.347254075956402,0.239199884924596,1,0
0.829785135904705,0.642561913279582,1,1
0.783527469180502,0.576818438381231,1,1
0.0869728851954228,0.126983578352979,1,0
0.56804771985597,0.419748286127876,1,1
0.165649312320328,0.177878065001608,1,0
0.187129152617605,0.113416799160964,1,1
0.607969122924375,0.493082593818296,1,1
0.969396681198904,0.799098223297364,1,1
0.34097328039909,0.317406131746706,1,0
0.539401234175257,0.360653323887309,1,1
0.278432024038837,0.199663440604974,1,0
0.640634282379099,0.465847108832997,1,1
0.595106609356475,0.375218916307359,1,0
0.561589717256664,0.423081054911082,1,0
0.57037279428128,0.423191459269142,1,0
0.369143832532175,0.316591140502046,1,0
0.741860495897463,0.548293925751858,1,1
0.170439480409607,0.188314397468327,1,0
0.167640425668543,0.182179972300694,1,1
0.532899290669439,0.376643785224552,1,1
0.0397163622619082,0.0264800458709755,1,0
0.658684213070303,0.464179398733077,1,0
0.327173434992254,0.237372509520726,1,0
0.276146214379946,0.196398591836057,1,1
0.498233429474597,0.34382279655312,1,1
0.76952375606181,0.513895837308007,1,1
0.695928416596158,0.476375885377725,1,0
0.788359491290626,0.582179117363382,1,1
0.806123110901489,0.535890889851474,1,1
0.312658129703855,0.284294023146397,1,0
0.938243563128137,0.78769671945331,1,1
0.0615807319690136,0.063660420056872,1,0
0.877771909602205,0.624190560773316,1,1
0.485967343446084,0.259232830279814,1,1
0.28047592977782,0.202605567058244,1,0
0.524475997845681,0.402168960558727,1,0
0.429403002958153,0.321208032698199,1,0
0.242192407651171,0.2361460033444,1,0
0.587401047323083,0.361820677574349,1,1
0.0150549954296127,0.00380488085921954,1,0
0.865466153723071,0.639153279399517,1,0
0.495387871655196,0.339906665211258,1,1
0.983603941923058,0.833867668463346,1,1
0.197848301647594,0.126782449334878,1,0
0.362005138824692,0.304464733358691,1,0
0.724994467392223,0.574988065165217,1,1
0.588093261701841,0.36267394486323,1,1
0.0304149317348488,0.0155293578779604,1,0
0.00856458009149896,0.00123137960565014,1,0
0.54593435147571,0.369442548560243,1,0
0.43755783513807,0.271074503567612,1,1
0.845830385902923,0.62730520816747,1,1
0.154244664566978,0.15422806957772,1,0
0.586544903065703,0.360766730022106,1,1
0.874182350938981,0.618487547469726,1,1
0.414497195984351,0.282727560799583,1,1
0.587606789873505,0.362074183918325,1,1
0.51370787564177,0.37474867200366,1,1
0.794020807282217,0.649256832879791,1,1
0.0262411748700878,0.0115596945126016,1,0
0.830789599660619,0.584874622978414,1,1
0.798596064855433,0.656760604769928,1,1
0.774035374145008,0.519939311006793,1,1
0.958457417701558,0.781062394328313,1,1
0.124719532576996,0.148959129382648,1,0
0.342255743171025,0.319798266775459,1,0
0.392033264107713,0.257119437103816,1,0
0.103844640798009,0.10326813958768,1,0
0.0807068800363056,0.109345502263776,1,0
0.635884808126088,0.415683878185868,1,1
0.243775369814519,0.239242977340669,1,0
0.299862299514696,0.233571754202896,1,1
0.835844244008053,0.592013197144684,1,1
0.400883298749849,0.211352197917771,1,1
0.984245842542159,0.834956388842343,1,1
0.363757610581071,0.30741970437091,1,0
0.59285013737872,0.372378867847866,1,0
0.643759556332384,0.470403377863989,1,1
0.253971208587321,0.189471171068649,1,1
0.26901977777647,0.186392571893917,1,1
0.18450873189626,0.110262626313263,1,0
0.968918472739461,0.798310019081305,1,1
0.811490304707404,0.622099295178235,1,1
0.580025432446238,0.433839195941658,1,0
0.139671614407821,0.186816177788468,1,0
0.50856014840775,0.35914969803039,1,0
0.00273513086660249,0.000125584496212485,1,0
0.722515524649548,0.57106272307063,1,1
0.77289548990662,0.518409059944066,1,1
0.903754853915783,0.703500469153106,1,1
0.233144448834326,0.218831435536163,1,0
0.804766310090508,0.534088472109783,1,1
0.734844632121762,0.601828006490795,1,1
0.755416440762067,0.564241206099207,1,1
0.662777061897874,0.469965839303065,1,0
0.232601637962985,0.217813647591966,1,0
0.263014240845494,0.203204207372141,1,1
0.434455005090935,0.328810632530349,1,0
0.310436575539375,0.280268343189477,1,0
0.444716644554209,0.280017071728297,1,0
0.163320313631277,0.172911362273299,1,1
0.821064311886347,0.521038554375144,1,1
0.308666426664981,0.277081204360255,1,0
0.90607042493289,0.675570747905388,1,1
0.988973456568515,0.825027551240203,1,0
0.631278721811502,0.483655578055338,1,1
0.51384678786186,0.374951371673593,1,1
0.516882129888571,0.379394202232252,1,1
0.0572957274411305,0.0551092222385567,1,0
0.251672904390048,0.18605746099672,1,0
0.283863532628909,0.209312803515239,1,1
0.205253135301294,0.174944146407753,1,0
0.261460589422418,0.200810602797053,1,0
0.813843826125412,0.563710560518553,1,1
0.199249872386981,0.128585082665023,1,0
0.857984625486723,0.688242848607008,1,1
0.887155404475084,0.638604475261553,1,1
0.985045931362165,0.818487674314193,1,1
0.0794531340879803,0.105974621060358,1,0
0.889824928360968,0.61781187091185,1,1
0.559882353484102,0.420512435213769,1,1
0.625789445990156,0.475280906541506,1,0
0.28574692451993,0.212099535730453,1,0
0.918930618411815,0.797091575310614,1,1
0.819492213193273,0.519045190818312,1,1
0.144081131360885,0.134572816491027,1,0
0.927712132080921,0.787592246485228,1,1
0.797049005419215,0.654218484717883,1,1
0.859881616380264,0.691289601888488,1,1
0.58635533734996,0.360533574975667,1,1
0.593262831952928,0.372897488720176,1,1
0.178857465009256,0.103611658810622,1,0
0.909512201295278,0.680712907986695,1,1
0.960861709071275,0.782804186161633,1,1
0.101738846120827,0.0991223960948849,1,1
0.923091957781244,0.710557400130092,1,1
0.989119876267958,0.825271863618167,1,1
0.674363343590466,0.475683730370383,1,1
0.95958609255686,0.780727102420152,1,1
0.786022042233755,0.580497202380505,1,1
0.649817424084781,0.453663994847586,1,1
0.977960383264748,0.866196693309459,1,1
0.297019165609938,0.229163547042292,1,0
0.400629717064896,0.211084897705151,1,0
0.748769337997814,0.624483953068572,1,0
0.57756990354908,0.430173668027684,1,1
0.656722179794712,0.461418199976612,1,1
0.145091801203467,0.136467383926114,1,1
0.707849712507579,0.47847687676189,1,1
0.830318257182302,0.643387846303883,1,1
0.850079716278829,0.664380438706118,1,0
0.160322180021738,0.166621231949874,1,0
0.812042200293349,0.62294576396272,1,0
0.671079113786883,0.471061739818905,1,0
0.318787242009728,0.225359680742182,1,0
0.508764044773733,0.359437742614182,1,0
0.46684509317493,0.318748522620542,1,0
0.37477978283534,0.30217870060439,1,1
0.610153685775405,0.457025812392718,1,1
0.739572535446213,0.62190819190984,1,1
0.857877811821265,0.688071495500664,1,1
0.389748890067299,0.254131702340783,1,0
0.885810513000821,0.636669746089541,1,1
0.955605779475168,0.776421616437031,1,0
0.302145858662076,0.265498193324667,1,0
0.460949947962649,0.310749275053387,1,0
0.403983880870334,0.21463419581448,1,0
0.254124198492854,0.189699511182694,1,1
0.285513434449124,0.21175305499419,1,1
0.701399404140018,0.434149720729082,1,1
0.484506367691268,0.257676496966739,1,0
0.398534394216219,0.265717823802079,1,0
0.0116827371128648,0.00229123172943454,1,0
0.782925023549804,0.575931760717864,1,1
0.437793582110084,0.271366680754749,1,0
0.0189591437286173,0.00603416587313303,1,0
0.200449670696498,0.166851651731531,1,0
0.114999876465978,0.12664642178355,1,0
0.574709475470183,0.425923329361764,1,1
0.0980599073320421,0.161422014695722,1,0
0.304602126803975,0.269832427743186,1,0
0.676308532938865,0.478431891084925,1,0
0.117322567585632,0.131813925571093,1,0
0.109865081462195,0.115589275170768,1,0
0.0572373986362716,0.0549970736017726,1,0
0.985453522730557,0.819165160552485,1,1
0.423566206165403,0.295234807538026,1,1
0.283325850134994,0.208520611286526,1,1
0.491771964843269,0.334962720013991,1,1
0.397475731116223,0.264307998049172,1,0
0.753117422936639,0.631757736861289,1,1
0.870250905642988,0.579416783260737,1,1
0.885726425718104,0.636548877603212,1,1
0.753413254037189,0.632254154252786,1,0
0.25272380019743,0.187614523577625,1,0
0.695667603815566,0.476018889931918,1,0
0.211713124716904,0.18612957260704,1,0
0.683276646929934,0.506511664298036,1,0
0.152518676240819,0.150795775944685,1,0
0.899220000993122,0.704570830194569,1,1
0.518464951183496,0.381721358262261,1,1
0.625860305232903,0.475388546426,1,0
0.135944330041586,0.176978444550299,1,0
0.936223548879899,0.707994310790482,1,1
0.677064623187586,0.479502230656874,1,0
0.59293681643829,0.372487764878108,1,1
0.938032007885426,0.710732151154349,1,1
0.755795806274173,0.564808065359259,1,0
0.887051761325997,0.638455272286944,1,1
0.424932945319785,0.314555331056465,1,0
0.789868793260872,0.5844103969055,1,1
0.548065700320187,0.459764491700121,1,1
0.571868553288661,0.425413944038815,1,1
0.818677012614502,0.518013050480362,1,0
0.834620606487335,0.590281105753637,1,1
0.367877401206795,0.314422591859721,1,0
0.24122382915356,0.234260984885561,1,1
0.197682272188176,0.126569753151109,1,0
0.0301925383223894,0.0153030874069869,1,0
0.562544701993427,0.424521179149493,1,0
0.696534600134982,0.477206134521706,1,1
0.562399100396602,0.424301452744863,1,1
0.847178452323951,0.629306372915645,1,1
0.494383265787254,0.338529457527581,1,0
0.825700825801368,0.636251934640375,1,1
0.72095710633536,0.547689937306732,1,1
0.0913720116929485,0.140154220315764,1,0
0.215838651510569,0.193454240582763,1,0
0.617862283194007,0.394662863610083,1,0
0.110410438055121,0.116739664853881,1,1
0.968832121799755,0.798167733119182,1,1
0.848382369979966,0.631096247018473,1,1
0.554211076777775,0.470132834089522,1,1
0.422035096326028,0.293104231967064,1,1
0.685101168793414,0.509220304951743,1,0
0.486654002481621,0.25996592613697,1,1
0.850109681902492,0.664427278842887,1,0
0.223000690344415,0.206505789113587,1,0
0.958039443627709,0.780381315250643,1,1
0.674409893791908,0.475749403980716,1,1
0.248989388798815,0.182110860418759,1,1
0.768528057465859,0.512566822262343,1,1
0.563270427821334,0.425617215465857,1,0
0.612303329537143,0.460251797388067,1,1
0.888956510782094,0.616606562167476,1,1
0.45298081269774,0.333276454839175,1,1
0.717090259279385,0.541830632465333,1,1
0.361831646813562,0.304172972078814,1,0
0.91796672217507,0.79542026172101,1,1
0.854711333427363,0.683001443517377,1,1
0.939218601554056,0.789334745392053,1,1
0.230073811202491,0.213105139588276,1,0
0.0178084602978457,0.00532393263035934,1,0
0.213965128496751,0.190110372939314,1,0
0.375327067153582,0.303061877449955,1,0
0.594759782003611,0.374781689565651,1,1
0.0947477368183303,0.150701472731196,1,1
0.474229621907132,0.357855888818244,1,0
0.395389969215183,0.261541353076122,1,1
0.271470070698808,0.18980344630295,1,0
0.411121822801806,0.222285893172553,1,1
0.00474536731889441,0.000378024089774207,1,0
0.244390525072565,0.240451936766887,1,0
0.357178796256812,0.253068214456695,1,1
0.130192978631703,0.162320474129232,1,0
0.34808230219458,0.240342263890965,1,1
0.811865683434948,0.622674968977188,1,1
0.0727845183085662,0.0889319531952153,1,0
0.677628177011109,0.48030078892459,1,1
0.93904275598467,0.789039206049089,1,1
0.556422140975658,0.473891573271886,1,1
0.156569599022349,0.158912478251381,1,0
0.720706808279845,0.547309715158198,1,1
0.645142580970711,0.472426736719768,1,1
0.371432705552627,0.320529353243579,1,1
0.483382764940533,0.256482744624359,1,0
0.922433150996674,0.709543518502258,1,1
0.846409987993639,0.628165219795535,1,1
0.993886805988284,0.890270161003242,1,1
0.600073649978334,0.480358786413495,1,1
0.0779729879099077,0.102062960045073,1,0
0.062768348630022,0.0661395464368912,1,0
0.85185981704051,0.667165830182214,1,0
0.177179477083263,0.101676670354444,1,0
0.315912796146494,0.290243640748801,1,0
0.733171711314404,0.599090925708841,1,1
0.233443633919717,0.219393431417232,1,0
0.497076751166227,0.34222823980906,1,1
0.708843284970071,0.479821046544377,1,0
0.959104393204056,0.782117211743068,1,1
0.373260797258285,0.323692235804402,1,1
0.914652220246552,0.71272390328942,1,0
0.578441711530622,0.431473292114656,1,0
0.659985889945132,0.466015813184051,1,1
0.957222542352003,0.779051051227101,1,1
0.692363868948493,0.544352178421571,1,1
0.184901573631,0.110732651479426,1,1
0.475167721537146,0.359273077872222,1,1
0.273025971970089,0.191985356867133,1,0
0.592356973660724,0.371759597131151,1,0
0.385638410797543,0.319942628091759,1,1
0.755259801874468,0.564007234618355,1,1
0.0687357084788206,0.0793130467453046,1,0
0.208845139733208,0.181120897508306,1,1
0.231705318670708,0.216138212970598,1,0
0.718605423047815,0.544122755252832,1,1
0.505622389185849,0.355012339262521,1,0
0.507975802741486,0.358324831987515,1,1
0.334308790079406,0.305119671579138,1,1
0.63754129418193,0.417852420068644,1,0
0.876085847951445,0.621183943587992,1,1
0.701744691907074,0.434577275942467,1,1
0.493094094672695,0.336766236912843,1,1
0.197415243110477,0.126228043426215,1,0
0.623334624556372,0.401684797857417,1,0
0.114686322397595,0.12595674514245,1,0
0.481440423771558,0.254425674591195,1,1
0.293046939762496,0.223075034711881,1,0
0.911892445429902,0.70842939660945,1,1
0.649204948698589,0.452809209873369,1,1
0.855710178346335,0.684598734025325,1,1
0.212749524234477,0.187956353658753,1,0
0.0671446539214533,0.075683757558344,1,0
0.836916480247929,0.618380527393576,1,1
0.550670714915644,0.464145497817792,1,0
0.720641647183998,0.547210752062002,1,1
0.444515457364306,0.279763772889709,1,0
0.55420940352816,0.470129995285215,1,1
0.503001641860837,0.351341669470728,1,1
0.552999097788345,0.468078858209677,1,1
0.477791730135367,0.363252046253684,1,1
0.10542922478036,0.106443758898758,1,0
0.633166042213737,0.412136911389645,1,0
0.63446194519591,0.413825681722202,1,1
0.381517718073251,0.313141741563266,1,0
0.668155210613052,0.449778862331822,1,0
0.507597882993031,0.357791863070369,1,0
0.974530053681556,0.801871648912144,1,0
0.826858386528877,0.638037124830218,1,1
0.979192278692059,0.868380290582922,1,1
0.955976554633463,0.777024236685344,1,1
0.374970041082804,0.302485582595548,1,1
0.0928268004829662,0.144652708432691,1,0
0.0182891456460808,0.00561521828089149,1,0
0.908922403150723,0.679830340313317,1,1
0.800144858429843,0.527971971212727,1,1
0.791557724741144,0.58691229185122,1,1
0.0301785445476571,0.015288905205513,1,0
0.930746155207436,0.792752210401243,1,1
0.155264045107255,0.156273347523355,1,0
0.102234003119659,0.100089589798735,1,0
0.274355842612658,0.193860178454571,1,0
0.131702152352457,0.166105464986686,1,1
0.97900286769572,0.868044371128958,1,1
0.276176487566437,0.196441655523253,1,1
0.15264074143922,0.151037245154381,1,1
0.62323054905191,0.401550673885225,1,1
0.441945194899869,0.27653784482885,1,1
0.564160153643217,0.426962862907052,1,1
0.48582025470534,0.259075928954647,1,0
0.367165083868698,0.313206144049697,1,0
0.791910027670923,0.587434848647296,1,0
0.956283843519275,0.777523849957273,1,1
0.276323580649145,0.196650963012168,1,0
0.395159367205613,0.261236366209866,1,1
0.44630733740227,0.282023822611984,1,0
0.529142574817651,0.409357475239504,1,1
0.440340791939595,0.274533647046256,1,0
0.974878928443056,0.860746695707395,1,1
0.547273215175881,0.371256831695038,1,1
0.0214831529463996,0.00774775443179452,1,0
0.911297101379578,0.707504678892531,1,1
0.861782358052982,0.633723837312203,1,1
0.161900933278462,0.169918954171834,1,0
0.587452677589158,0.361884285628604,1,1
0.792024538329085,0.587604747782952,1,1
0.172843503721459,0.193664154686922,1,0
0.512881235658146,0.373543578581404,1,0
0.8771071636633,0.622633104581052,1,1
0.668103459986413,0.449709191584086,1,1
0.707714004639762,0.478293428633954,1,1
0.161387761381967,0.168843488620009,1,0
0.00283026423910016,0.000134472591481063,1,0
0.00566063555520846,0.000537910716050952,1,0
0.69021265166863,0.540974761864854,1,1
0.120335857614882,0.13867184416906,1,0
0.457331882134535,0.339709722679025,1,1
0.630638377184577,0.482674872820086,1,1
0.954436170552017,0.774522184826072,1,1
0.297765638179938,0.230316868324531,1,0
0.966310117102004,0.794017658632001,1,1
0.385947601216915,0.320455869766025,1,1
0.652525605407717,0.457453257738879,1,1
0.737775257533666,0.618889194694718,1,1
0.936961938681976,0.709111526723705,1,1
0.907323120877856,0.677440072259174,1,1
0.200302503937842,0.166606742346172,1,0
0.564193978184155,0.427014062041466,1,1
0.495829701720616,0.340513252352232,1,0
0.149297551159685,0.144493559746552,1,0
0.731435460818155,0.596256827593425,1,1
0.234309363949401,0.221023697947274,1,0
0.191093762485045,0.118273515956671,1,0
0.138716000085232,0.184268580745856,1,0
0.290273778868365,0.218873005591461,1,0
0.312506040063722,0.284017506048895,1,1
0.000248109691441289,1.03339715998962e-06,1,0
0.345894093923686,0.326633639367736,1,0
0.960366472254376,0.78199746539308,1,1
0.589268495179664,0.364124913512316,1,1
0.888486607900678,0.640522403666128,1,0
0.256810057007033,0.193730599563096,1,0
0.000189502811240527,6.02852575274319e-07,1,0
0.259669033626505,0.198068079868025,1,0
0.284769374807943,0.210650818929055,1,0
0.570046838630084,0.422707908041794,1,0
0.611670560666175,0.459301018541762,1,1
0.172889427370333,0.193767079540471,1,0
0.048722967246092,0.0398517378353085,1,1
0.136000321909632,0.177124260038322,1,0
0.339721929883889,0.315080685590962,1,0
0.656286745410787,0.46080652354022,1,1
0.284594733039266,0.210392524645029,1,0
0.679873346289425,0.501478509855084,1,1
0.500617826661624,0.348019417887053,1,1
0.494170155597741,0.338237665581816,1,1
0.458065697946158,0.340800765623103,1,1
0.0528431107875342,0.0468766489832562,1,0
0.477142321672741,0.362265262169315,1,1
0.920664845284973,0.800102993130716,1,1
0.78667638365474,0.581464100122216,1,1
0.110046351771531,0.115971019558663,1,0
0.313789234325707,0.286354727275182,1,0
0.875773148766017,0.620740587384606,1,1
0.241842676115402,0.235464494985642,1,0
0.291626510078806,0.22091773889864,1,1
0.410048833047559,0.221127116247689,1,0
0.666637544967216,0.447737903396016,1,0
0.147630909440246,0.141285538783805,1,0
0.509315162590335,0.360216885077811,1,0
0.126664693557982,0.153641779927085,1,0
0.819767711666014,0.519394236706518,1,0
0.579131163140334,0.432502461466814,1,1
0.94192705179597,0.79389376158086,1,1
0.301814448899417,0.264916087461826,1,1
0.316467429822065,0.222091733420079,1,0
0.717434217046151,0.542350543447338,1,1
0.19984697067405,0.12935690723976,1,0
0.854096524315823,0.670673951411607,1,1
0.397675965686361,0.264574363639679,1,0
0.218662685487633,0.198549670712334,1,1
0.314607237383481,0.28784964380182,1,0
0.955540037494032,0.77631479050408,1,1
0.657713053618641,0.462811641987284,1,1
0.642671546083207,0.468814675390491,1,1
0.984191362201991,0.834863957770411,1,1
0.213071637533621,0.188525934945672,1,1
0.50438985654718,0.353283654024863,1,0
0.287958601836014,0.215395537113608,1,0
0.433184882892697,0.32689089763635,1,1
0.84909052111928,0.662835125895979,1,1
0.473728837763881,0.357100499763069,1,1
0.365398482060558,0.310199434274682,1,0
0.357358689157991,0.253323193980321,1,0
0.194124878261437,0.122055365997297,1,0
0.0396553541408189,0.0263987566000749,1,0
0.155152648575482,0.156049186623983,1,0
0.340999431216519,0.317454820301374,1,0
0.434672420558886,0.329139810025349,1,1
0.521493380693298,0.39760781644539,1,0
0.400653724171144,0.211110196324713,1,0
0.789299408912217,0.583568145125067,1,1
0.361481719322039,0.30358492502599,1,0
0.528434709129156,0.408262963841545,1,1
0.418913631073409,0.288784538048699,1,0
0.0426641442452446,0.0305566601787372,1,0
0.826148411362975,0.636941904553961,1,0
0.00481696785868502,0.000389517795278447,1,0
0.240597530403079,0.233046122335243,1,0
0.426355398110394,0.31666478861153,1,1
0.940826651114233,0.792039921742458,1,1
0.193951812444188,0.121837833903364,1,0
0.404973589387613,0.215687136335533,1,1
0.208075756555291,0.179788860885992,1,0
0.0455324334130995,0.0348033884414937,1,0
0.513632787430772,0.37463912666808,1,0
0.198645585523332,0.127806317315829,1,0
0.489390651712062,0.262897930767603,1,1
0.53687832173176,0.382289401494078,1,0
0.465631325942337,0.317093225915866,1,0
0.698677304342229,0.480146646981552,1,1
0.402385388139812,0.212939017158312,1,0
0.342556764742223,0.320361053596596,1,0
0.245975325652982,0.177728574045795,1,0
0.273788597306544,0.19305937469067,1,0
0.340599681864834,0.316710959966291,1,1
0.508434179334272,0.358971799106505,1,0
0.762398079622644,0.546589356890439,1,0
0.969188474948011,0.798755000793702,1,0
0.239145886824682,0.230242441505362,1,0
0.559446336947791,0.419857729878087,1,1
0.425292678666137,0.315088139538703,1,0
0.228912677961242,0.210959575405249,1,1
0.336705967401495,0.309511110521745,1,1
0.387704542145306,0.251472702778535,1,1
0.880391517584809,0.627921768145204,1,1
0.295452405534776,0.226752272835076,1,0
0.538323303303205,0.384349996969678,1,1
0.879341221334267,0.626424455925483,1,1
0.112892544996852,0.12204744823324,1,0
0.879302442380302,0.62636920649805,1,1
0.851856077828623,0.667159973188193,1,1
0.768024245953939,0.554686306629551,1,0
0.8964851141689,0.700291585494583,1,1
0.317972203736997,0.224208806811051,1,0
0.173977492576623,0.0980348794799349,1,0
0.205616188074179,0.17556357791376,1,0
0.786356166754928,0.580990826130354,1,1
0.444131358550991,0.279280502823513,1,0
0.439842444519955,0.273912602077154,1,0
0.164852665609001,0.176171263750832,1,0
0.999733256594415,0.931600147045967,1,1
0.35873217326546,0.25527419741015,1,1
0.12849385091558,0.158111284239576,1,0
0.926354265692711,0.715588650033029,1,0
0.291859206014677,0.221270430903947,1,1
0.164971737152621,0.176425849383147,1,0
0.159208477973578,0.164314353702129,1,0
0.318471076289143,0.224912889503837,1,0
0.99316597336818,0.888979263379445,1,1
0.829314548777494,0.641833301477326,1,1
0.972312608390248,0.79822664370377,1,1
0.946355801098736,0.764831772693688,1,1
0.311563697935278,0.282307215054903,1,1
0.630373884752894,0.482270085911899,1,1
0.688326821119502,0.53802264839848,1,1
0.658627921241741,0.46410006362806,1,0
0.948757591207418,0.766984576573546,1,1
0.82042552373249,0.520228133609657,1,1
0.495420181622804,0.339951005140089,1,1
0.891748244676455,0.62048550206125,1,0
0.849449297952105,0.663395396264401,1,1
0.652986914350022,0.45810028789544,1,1
0.438431203782022,0.272157716930063,1,0
0.286540075578606,0.213278624158942,1,0
0.985466597657562,0.819186897946457,1,1
0.356723178147008,0.252422997424304,1,1
0.526936644643508,0.405951467964785,1,1
0.944327469695464,0.761556746937067,1,1
0.401800666250034,0.21232060683356,1,1
0.383495320876848,0.316396505125998,1,0
0.699550358162184,0.481347360873369,1,0
0.19178087633662,0.119125594812092,1,0
0.00826155987606236,0.00114578706726106,1,0
0.825775496899125,0.636367016949023,1,1
0.674579904694385,0.47598929601388,1,1
0.190606101188368,0.117670630540331,1,0
0.0541948521911598,0.0493055580626465,1,0
0.69841757275816,0.479789726645793,1,0
0.312452313584263,0.283919857062624,1,0
0.579361328341625,0.43284631033567,1,0
0.437655665765332,0.271195732585744,1,0
0.919222492492416,0.797598005967432,1,1
0.60069577842382,0.481355330018784,1,1
0.480262647092791,0.253182363571939,1,0
0.258462573889181,0.196231849831003,1,0
0.58679490061292,0.361074328017558,1,0
0.714703611808676,0.538229951180199,1,1
0.133903227519981,0.171703942238141,1,0
0.594962994559687,0.375037837874019,1,1
0.0690759185292036,0.0801001157423703,1,0
0.845116856269496,0.626247284337694,1,1
0.777762310757057,0.598096971607842,1,0
0.808796901361041,0.617976550530497,1,1
0.902691113985631,0.701845371801853,1,1
0.250359131339495,0.184120031317956,1,0
0.76653858170055,0.552542414493175,1,0
0.272614330599713,0.191406880477445,1,1
0.86943281335531,0.578327916600362,1,1
0.642822765144607,0.4690353232663,1,1
0.00731809567908615,0.00089903370322689,1,0
0.996497286482726,0.925579038347328,1,1
0.734241960869265,0.600841251768926,1,1
0.37122322224509,0.320167906265648,1,0
0.731595594015386,0.596517933238597,1,0
0.581694382513393,0.43633942301623,1,1
0.330813798144686,0.242684246118559,1,0
0.178579441798088,0.103289792936604,1,0
0.182392035412064,0.1077472573784,1,0
0.633239724616277,0.412232838848543,1,1
0.26057835809433,0.199457721948316,1,1
0.620039724130444,0.397449469453874,1,0
0.135965879228637,0.17703455639949,1,1
0.905317136071142,0.705934793414258,1,1
0.669583077605085,0.451703297274681,1,0
0.304989607718406,0.270519365936984,1,1
0.222070759574313,0.204787088743117,1,1
0.231932483302983,0.216562225905122,1,0
0.523615238904173,0.400849981362978,1,1
0.686261034925857,0.534798098912,1,1
0.608928911536425,0.455192858983714,1,0
0.778375452604584,0.59904035193525,1,1
0.0560810356291419,0.0527973173460384,1,0
0.822695595759336,0.523111001386212,1,1
0.419782629168864,0.289983895074569,1,1
0.579386270447828,0.432883580103276,1,0
0.865987317193851,0.639923277471743,1,1
0.256523195874585,0.193298040640701,1,0
0.54303921639673,0.36553456941464,1,0
0.0975399681464186,0.159714749723697,1,0
0.282928688977957,0.2079364200311,1,0
0.273242436592924,0.192289903074977,1,1
0.934211025902848,0.704953747726202,1,1
0.0242290274012535,0.00985488971703671,1,0
0.392608827462478,0.25787497074842,1,0
0.868139059669685,0.576608043196021,1,1
0.287846253349848,0.215227494612941,1,0
0.285449331005971,0.211657980125846,1,0
0.773225239981767,0.518851504996469,1,1
0.787129877342068,0.582134684135644,1,1
0.764026923578559,0.548927400112461,1,1
0.514313125684947,0.37563224914247,1,1
0.996150527854465,0.924934989076123,1,1
0.331771176554859,0.300505152257776,1,0
0.336492834678537,0.309119397431817,1,1
0.535673879836198,0.380576056524427,1,1
0.318191239987516,0.224517807223961,1,0
0.894392708472559,0.624171036435165,1,1
0.895865031135125,0.699323161710914,1,1
0.811426084956867,0.622000835639064,1,1
0.640999352328147,0.466378192609935,1,1
0.668523569982388,0.450274932483994,1,1
0.798809474606118,0.657111665463898,1,0
0.121648382611981,0.141713379334737,1,0
0.948437913204795,0.768200943806796,1,1
0.195660025053436,0.1239934357718,1,0
0.407409047157678,0.21828916500645,1,1
0.860537479597266,0.631894281765021,1,1
0.364442121841708,0.308577784568827,1,1
0.681838375710801,0.50438153320501,1,1
0.989115132325509,0.825263947423313,1,1
0.414343374103109,0.282517756650903,1,0
0.0729594842248052,0.0893600322253861,1,0
0.00508398202155125,0.000433898170133299,1,0
0.789924500558078,0.584492833563306,1,1
0.947960167185703,0.767427224190549,1,1
0.881828209797793,0.62997282470418,1,1
0.345578541809284,0.326037948819392,1,0
0.0988067004328484,0.163890054510266,1,0
0.0981746572187969,0.161800028428905,1,0
0.741250057196333,0.624732655099562,1,1
0.101372875484219,0.0984105609847727,1,0
0.734909140949324,0.614090001140369,1,1
0.338171080092466,0.312210529550842,1,1
0.687765826281902,0.53714601560642,1,0
0.0476459450114712,0.0381093636316064,1,0
0.847266021177941,0.629436476522134,1,1
0.323153973160585,0.231575896331338,1,0
0.774327584176336,0.520331954975394,1,0
0.209669209675514,0.182553066421806,1,0
0.799276433821958,0.657880144165318,1,0
0.351769759644395,0.245461433587595,1,1
0.244708078911608,0.241077215044374,1,0
0.677532791049917,0.480165579883766,1,0
0.786388383345814,0.581038432871342,1,1
0.037124062201645,0.0231361339343486,1,0
0.704046874463367,0.437433349795216,1,1
0.0545781041498559,0.0500053760837911,1,0
0.618519534845124,0.395502956266629,1,1
0.726928044703552,0.578059168474401,1,1
0.952346774904517,0.772798613005334,1,1
0.640926918906306,0.466272796373324,1,0
0.555460492268924,0.472254961845328,1,1
0.249619161516325,0.183033257101174,1,0
0.12572034170373,0.151359359664197,1,0
0.82868474163902,0.640858815493121,1,1
0.379531353891533,0.309889497908623,1,0
0.483979466103762,0.257116354358866,1,0
0.571258374404854,0.424506602238134,1,1
0.619701472361836,0.397015944598595,1,1
0.841334238657238,0.624926141071204,1,1
0.815929350204484,0.566603347129015,1,1
0.0259543741514315,0.0113083939205654,1,1
0.745580295943032,0.553806167125623,1,1
0.943752835558533,0.760630196835119,1,1
0.0515434407382585,0.0445991537963444,1,0
0.991634488256365,0.886239723679815,1,1
0.113246705927417,0.122814411873383,1,0
0.933661243982317,0.704124263226202,1,1
0.299640991091117,0.233227113867598,1,0
0.067573445595401,0.0766534903862685,1,0
0.884083205813574,0.634189188463395,1,1
0.756353549901885,0.565641979311622,1,0
0.139295407429887,0.185811150418774,1,0
0.291879315226685,0.22130092319066,1,0
0.688880172220187,0.53888803699988,1,1
0.174071407269468,0.098140748353524,1,0
0.420708873079437,0.291264996885655,1,0
0.0596616298050715,0.05975441960416,1,0
0.555194549593131,0.471802858826703,1,0
0.80336679865015,0.532232497305914,1,0
0.222915231995426,0.206347545098278,1,0
0.0121058018558544,0.00246018025655518,1,0
0.479919112284913,0.252820287330614,1,1
0.301229782090882,0.263890705000065,1,1
0.920712932161416,0.800186575030778,1,1
0.896795732117724,0.700776949538211,1,1
0.791362474029428,0.586622784451461,1,0
0.624848830607284,0.473853204132896,1,1
0.324414192434057,0.233385593729074,1,1
0.627226821152689,0.477466758495251,1,1
0.509094200723657,0.359904399074789,1,0
0.301133177613342,0.263721472491266,1,0
0.800056723766866,0.527855667099774,1,1
0.54699491618558,0.370879345173389,1,1
0.306156410332011,0.272593184023575,1,1
0.321047069964312,0.228566077469038,1,0
0.618043929994663,0.39489495346735,1,0
0.775725312518644,0.594968182678099,1,1
0.859528080416778,0.690721278319839,1,1
0.790157401266805,0.58483754717363,1,1
0.0296883387218435,0.0147962479041012,1,0
0.544254967106991,0.367173111740331,1,1
0.791056936582604,0.586169893056704,1,1
0.571464767818905,0.42481340279772,1,0
0.323943679975773,0.232709105460641,1,0
0.676942454806715,0.479329205146165,1,1
0.830954952270414,0.585107462122125,1,1
0.116271743917816,0.12946326304045,1,0
0.833202198552371,0.588276487244295,1,1
0.48883478455816,0.262301052463381,1,0
0.203311290998887,0.17164960651195,1,0
0.234279643900376,0.220967631741221,1,0
0.709788791308406,0.481101940140629,1,0
0.993530421506882,0.889631815502689,1,1
0.217153627268457,0.195818622964422,1,1
0.480145433247231,0.253058794282543,1,0
0.875555756652572,0.620432454257035,1,1
0.0639821820264952,0.068722333930574,1,0
0.393206159390427,0.258660251780744,1,1
0.503241578730539,0.351676936472999,1,1
0.312315412982781,0.283671113287294,1,0
0.729847588263784,0.593670810861098,1,1
0.944507514949796,0.761847171082752,1,1
0.520570323164475,0.396201508757217,1,1
0.165110326720446,0.17672239778539,1,0
0.54280837837513,0.365223868676699,1,1
0.00449503068114243,0.00033919163019867,1,0
0.0678717183707636,0.0773316890424902,1,1
0.36136240507134,0.303384549582259,1,0
0.84339189725986,0.623693439995158,1,1
0.0514752326784577,0.0444811946949131,1,0
0.91969520017536,0.798418542131227,1,1
0.0112888645337293,0.00213934255212359,1,0
0.868114102092601,0.576574890597553,1,1
0.591232940574722,0.366556727938866,1,0
0.533984411036067,0.378179234652536,1,0
0.265273127145381,0.181236929496184,1,1
0.727784607777415,0.579422263113805,1,1
0.298852317664908,0.232000993532019,1,0
0.684940469523549,0.508981444655953,1,1
0.320706070540227,0.228080793436298,1,1
0.0907770639699397,0.138334998795363,1,0
0.0101765874038936,0.00173853781061936,1,0
0.421899576024428,0.292916023940119,1,0
0.725008697501509,0.575010636987962,1,1
0.583770784970415,0.357362241130066,1,0
0.944618810569508,0.762026725500902,1,1
0.833582106525228,0.588813072192693,1,1
0.736446490880769,0.616661907286622,1,1
0.726459562666282,0.577314327015742,1,1
0.855216437845818,0.683808941841214,1,1
0.690284472723349,0.541087351511976,1,0
0.256481572633224,0.193235316969813,1,0
0.503385853700142,0.35187861079627,1,0
0.741327254275946,0.624862786753137,1,1
0.469193084904127,0.350295064163277,1,0
0.495470648295904,0.340020267841541,1,0
0.385208510850046,0.319229697790923,1,0
0.59002539122172,0.365060927267359,1,1
0.575118111114469,0.426529233172357,1,1
0.59840838921768,0.379394057558029,1,1
0.922976740278959,0.710380032016576,1,1
0.137831748315239,0.18192681073015,1,0
0.250787573387772,0.184750743375955,1,0
0.377248219701444,0.3061723282974,1,0
0.331991619963619,0.300904622691865,1,1
0.150149970517754,0.146148251676226,1,0
0.949145687693432,0.76761218662403,1,1
0.308763099163741,0.277254791927284,1,0
0.480149492458576,0.253063073083922,1,1
0.279883624701303,0.201750751500264,1,0
0.549343872403933,0.461911472953875,1,1
0.921678300060609,0.801865446643824,1,1
0.790493262262247,0.585334830034127,1,1
0.638828059341065,0.419540845728186,1,0
0.198210251722888,0.12724675347127,1,0
0.768495492375049,0.512523384859356,1,1
0.517260876064354,0.379950409309012,1,0
0.326831272169544,0.236876273771458,1,1
0.756106199402034,0.565272075716573,1,0
0.125347135810875,0.150462060779286,1,0
0.229229423343296,0.211543786830226,1,0
0.371119558446048,0.319989117949669,1,0
0.807783115287222,0.61642831665557,1,1
0.435366229126262,0.330191370967786,1,0
0.926003513942045,0.715046856329949,1,1
0.931364378933854,0.793805689892607,1,1
0.857491611133187,0.687452120883068,1,0
0.0444726356547157,0.0332020992489608,1,0
0.062792904028957,0.0661913050273165,1,0
0.404050297170608,0.214704774774064,1,0
0.081351275072412,0.111098586898329,1,0
0.619180128664738,0.396348220849092,1,1
0.767229742261462,0.553539279373957,1,0
0.875751425557276,0.620709793313941,1,1
0.555828143786744,0.472880326622839,1,1
0.700989484960689,0.433642408371204,1,1
0.269485567186721,0.187038582741449,1,1
0.701518435963448,0.434297089026238,1,0
0.937047402563362,0.709240894171501,1,1
0.0345908074847932,0.0200863583730883,1,0
0.175823749958211,0.100126621289183,1,1
0.607853301106823,0.492894741244239,1,0
0.532757877222445,0.37644391470546,1,1
0.210369793890064,0.183775062418739,1,0
0.81182884189941,0.622618457704538,1,1
0.125986913142188,0.15200191054754,1,0
0.382881685188488,0.315384775157063,1,1
0.380674744584447,0.311759480403007,1,0
0.423361041958781,0.294948869025772,1,1
0.0983272043157379,0.162303239772461,1,0
0.8523467788933,0.667928812920955,1,1
0.126629217461693,0.15355572836646,1,0
0.0895237846060073,0.13454162651861,1,0
0.856044572320735,0.68513389283742,1,1
0.131401084083238,0.165346906009229,1,0
0.421907990204248,0.292927707633656,1,1
0.59495197293218,0.375023942928951,1,1
0.866085914038799,0.573883916550925,1,1
0.807425099984004,0.615882026789756,1,1
0.907514257481912,0.677725521247267,1,1
0.577316195001342,0.42979582712812,1,0
0.341213444764649,0.317853418926054,1,1
0.653943069991018,0.459442844241355,1,0
0.275749897073385,0.195835264853898,1,0
0.0127831051376992,0.00274316877221329,1,0
0.134082538449077,0.17216411050264,1,0
0.128311386606938,0.157662559536292,1,0
0.797899824196458,0.655615935698313,1,1
0.818165035694106,0.569712641713861,1,0
0.250694058715369,0.184612987873408,1,1
0.767041948904658,0.553268335035573,1,1
0.298254255303271,0.231073363262512,1,1
0.473830432877765,0.357253682568455,1,1
0.0867799118463114,0.126420707260378,1,0
0.475275560863585,0.359436170445302,1,0
0.806147618785129,0.535923474827736,1,1
0.849893535100568,0.664089450496641,1,1
0.242104759950129,0.235975115170511,1,0
0.207099498046973,0.178105736902084,1,0
0.144903246309341,0.136112920433432,1,0
0.721645117207384,0.569687644398584,1,0
0.330102180189505,0.241641286478048,1,1
0.500937603615883,0.348464164866296,1,0
0.596380501842113,0.376827032044964,1,1
0.193732591108535,0.121562565962706,1,0
0.353686570270392,0.248143784576546,1,0
0.264542596156565,0.205572676642015,1,1
0.806733880577516,0.614827991217726,1,1
0.252125370349927,0.186727063017577,1,0
0.191756106620009,0.119094825146945,1,0
0.101505217803734,0.098667678743032,1,1
0.158519570666315,0.162895428610202,1,0
0.970835539614266,0.795803266515241,1,1
0.344477856200707,0.323964360720069,1,0
0.00196687520864069,6.49431603568271e-05,1,0
0.925068829531141,0.71360408460106,1,1
0.777395656240171,0.597533191998378,1,1
0.905560741527786,0.674810916563114,1,1
0.0520084996244625,0.0454075904480872,1,0
0.0918510612652255,0.141627687356802,1,0
0.476475603445333,0.361253571960711,1,1
0.638297306216223,0.41884400685007,1,1
0.123174394083622,0.145291111239943,1,0
0.459071141509771,0.308221243970519,1,0
0.862725809205554,0.635112157119335,1,1
0.675848092633612,0.477780666600177,1,0
0.649758653025329,0.453581937620672,1,1
0.946732935515908,0.765441483880138,1,1
0.7817236889784,0.574165676119079,1,0
0.859542067610102,0.69074375886674,1,1
0.0934709051545862,0.146667099383562,1,0
0.545979219549079,0.369503276948164,1,0
0.462787278487114,0.313231483903885,1,1
0.51366470898022,0.37468569469613,1,1
0.486905831634052,0.26023504521184,1,0
0.461960758513354,0.312113644653242,1,0
0.871881533563284,0.615236156691057,1,0
0.959256931466441,0.780191577967823,1,1
0.0543880036203198,0.0496576361465847,1,0
0.842712987151791,0.622689727827787,1,1
0.319909953223818,0.226949828288549,1,1
0.542885554902714,0.365327731162587,1,1
0.966274672071997,0.793959409291409,1,0
0.314884865379269,0.288357898991824,1,0
0.102852873281061,0.101305035580319,1,0
0.740483921561547,0.623441909566989,1,1
0.770017799045223,0.514555903042628,1,1
0.55430532616778,0.47029274969698,1,0
0.194667715712782,0.12273893485841,1,0
0.981703406948527,0.830648357279245,1,1
0.347410142714475,0.239414940942916,1,0
0.702382078516811,0.435367077518128,1,1
0.890024617948391,0.618089193869993,1,1
0.0853067008782911,0.122164803132289,1,0
0.316870203623852,0.222657413470739,1,0
0.865756669026291,0.639582446901148,1,0
0.905432428387113,0.706114606733718,1,1
0.707375667919103,0.477836222622898,1,0
0.494796655689502,0.339095832556882,1,1
0.666769380566145,0.44791501202673,1,1
0.997711684977379,0.927836358483199,1,1
0.365496643263376,0.310366121554917,1,1
0.160955620634484,0.16794048997447,1,0
0.819301129196415,0.518803163707402,1,1
0.907582888134595,0.677828030939517,1,1
0.0206147014562276,0.00713401315444134,1,0
0.389130029018118,0.253325299274845,1,1
0.547068264242221,0.370978816310298,1,1
0.892711000423429,0.621826011466906,1,1
0.286875221577661,0.213777830280203,1,0
0.724845062443772,0.574751105534621,1,1
0.714101867649781,0.486966597190084,1,1
0.80870543526977,0.617836785644254,1,1
0.876382405390729,0.621604559670297,1,1
0.674848068772866,0.476367808925079,1,1
0.981148859411067,0.829710184108788,1,1
0.546587065484408,0.370326480772102,1,0
0.554708188784887,0.470976604637136,1,0
0.959614266559337,0.780772948291406,1,1
0.983168471991763,0.833129477209726,1,1
0.232666747828619,0.217935605479621,1,1
0.776236873075141,0.595753157996622,1,1
0.888082138134776,0.6399393606014,1,1
0.877767995267094,0.624184993756297,1,0
0.580433302268543,0.434449555835642,1,1
0.695197249817098,0.475375416823862,1,1
0.872022938951617,0.615435736012629,1,0
0.238488968203219,0.228979255995972,1,0
0.861923758570092,0.633931816110882,1,1
0.335652906211775,0.307578121600554,1,0
0.88971437012665,0.617658357688944,1,1
0.315136001133904,0.288818040869299,1,0
0.673457327421692,0.474406414089035,1,1
0.541916125951898,0.364024167030519,1,1
0.0771420450431386,0.0998992211108023,1,0
0.10630975287185,0.108229186333845,1,0
0.321539488304571,0.22926775926649,1,1
0.146170412180113,0.138503919979981,1,1
0.982377293110029,0.831789138807275,1,1
0.142682252476239,0.131972375919946,1,0
0.707673572299869,0.47823877952447,1,0
0.39216458755096,0.257291725877958,1,0
0.23432641904567,0.221055875215603,1,1
0.896668957834548,0.70057883482188,1,1
0.275539984138764,0.195537221526659,1,0
0.256413511601489,0.193132775099863,1,0
0.112632374413473,0.12148555875032,1,0
0.675662695744481,0.477518575456167,1,0
0.662007729225916,0.468875426700239,1,1
0.755672938264086,0.564624441153747,1,1
0.0719590269286414,0.0869261350549762,1,0
0.263313368723696,0.20366668125378,1,0
0.745070836750647,0.553049587989362,1,1
0.999248268217054,0.93069649469894,1,1
0.881446750483747,0.62942791805969,1,1
0.293773946395733,0.224183240781752,1,0
0.0864545805046353,0.125474600646719,1,1
0.138306748199632,0.183182894592796,1,0
0.99171312596944,0.886380288836137,1,1
0.817486740086888,0.568768398486662,1,1
0.321370217590942,0.229026432129132,1,0
0.34505276832893,0.325046615834228,1,0
0.486221480582452,0.259504033339924,1,0
0.0130375797365562,0.00285347296029757,1,0
0.659758983240779,0.465695430774055,1,0
0.612900647657461,0.461150211032095,1,1
0.0148667799424691,0.00371033935220153,1,0
0.498722999781916,0.344498817556653,1,1
0.227037456958809,0.207517428846826,1,0
0.332263297938208,0.301397301436294,1,0
0.999834222607932,0.931788326647105,1,1
0.919570819682049,0.798202598899416,1,1
0.0354669838459768,0.0211168104046861,1,0
0.0951946132489456,0.152126388074482,1,0
0.917908595751513,0.795319531552684,1,1
0.781598990640776,0.573982512180652,1,1
0.940211278891968,0.791004151830858,1,1
0.518267179181844,0.381430193360517,1,0
0.936000563557955,0.707657097442518,1,1
0.426178726197736,0.316402405713134,1,1
0.189622212256342,0.116458958705525,1,0
0.848366089665533,0.631072025990031,1,1
0.647226653113509,0.475483926596967,1,1
0.0372673026254123,0.0233150164649872,1,0
0.437277930081789,0.270727802631242,1,1
0.539539558223264,0.360838319475161,1,1
0.678113735451332,0.480989360224571,1,0
0.834572114402071,0.590212516193422,1,1
0.0784881181838483,0.103415977117091,1,0
0.562993222445644,0.425198395863824,1,0
0.00579623971971188,0.000563991402553868,1,0
0.747544845170029,0.556728489124745,1,0
0.685952684695864,0.534317616818758,1,1
0.349895070219277,0.242852125860038,1,0
0.0762703023514132,0.0976541586056455,1,0
0.130377823748171,0.162781719380301,1,0
0.949643507499639,0.768417611476661,1,1
0.609253231732794,0.455677866506195,1,1
0.528920183168808,0.409013452447738,1,1
0.106122471407799,0.107848196516567,1,0
0.14207128776905,0.130844585560761,1,0
0.769062293251677,0.513279682937383,1,1
0.503572570705968,0.352139698410289,1,0
0.0460798490654337,0.0356452694662726,1,0
0.700991393047937,0.433644769116104,1,1
0.929709917600771,0.790987986385466,1,0
0.747567307161143,0.556761946430572,1,0
0.455365976685408,0.336795419850423,1,1
0.0662095876680892,0.0735904693657036,1,0
0.304998095740847,0.270534423541195,1,0
0.522087793504781,0.398514742147978,1,1
0.852842739302869,0.668706342991621,1,1
0.938952231764723,0.788887085785401,1,0
0.419664749955189,0.28982105711188,1,0
0.761677142486943,0.545556116481123,1,1
0.374234143409274,0.301299461136243,1,1
0.507946069319189,0.358282885455106,1,1
0.233596572710763,0.219680993402506,1,0
0.384000927305089,0.317231339623608,1,0
0.872447941682084,0.61603577896101,1,1
0.524944734303123,0.402888137387017,1,0
0.84382737909372,0.624337689211928,1,1
0.0955231411352436,0.153178212302802,1,0
0.97428109395831,0.801461998654202,1,1
0.0138252108848529,0.00320865730572646,1,0
0.728058724390664,0.590764190900166,1,1
0.144936695785025,0.136175768318966,1,0
0.0497354187104333,0.0415251646790437,1,0
0.0139069199237256,0.00324669666108384,1,0
0.782053767853286,0.574650655594478,1,1
0.449789770084667,0.328597433537012,1,1
0.148571354404313,0.143091318958002,1,1
0.17284434062898,0.193666030133515,1,0
0.875559952752323,0.620438401114642,1,0
0.393257932232416,0.258728371049215,1,0
0.636780393539,0.416855607953059,1,1
0.751888684369332,0.629697946925661,1,1
0.587380829788744,0.361795771265045,1,1
0.974216896505997,0.801356382064446,1,1
0.681207681760014,0.50344886860682,1,1
0.643499585453355,0.470023526455564,1,1
0.786273915320414,0.580869291305107,1,1
0.132136499878813,0.167202887710213,1,1
0.0962377974028913,0.155478791349073,1,0
0.637077568944024,0.417244778667589,1,0
0.830742162240247,0.584807833140748,1,1
0.616520007530457,0.392949954609267,1,1
0.690373984705944,0.541227690586107,1,1
0.806914214938968,0.615102894771731,1,1
0.541375939044515,0.36329880355533,1,1
0.833625419703615,0.58887426359307,1,1
0.991370559200371,0.885768031158142,1,1
0.129187481169606,0.159822911365739,1,0
0.763854794692217,0.548680090454476,1,1
0.118059307214756,0.133474602778383,1,0
0.0384747523040173,0.0248502905891151,1,0
0.0512966870291867,0.0441731572252492,1,0
0.594653858330489,0.37464820805143,1,1
0.719202582706279,0.54502746082723,1,1
0.0563329019081272,0.0532726197300528,1,0
0.212531566969407,0.187571436528405,1,0
0.123101171742543,0.145118422861318,1,0
0.173851352838065,0.0978927736137139,1,0
0.584666231928912,0.358459398999519,1,0
0.247828751714864,0.180417037301511,1,1
0.880257703003638,0.627730901465862,1,1
0.130666419342596,0.163503162329467,1,1
0.306318123151284,0.272881229303005,1,0
0.920677365696948,0.800124754985237,1,1
0.683090717016689,0.506236042829304,1,0
0.362039755298108,0.304522964572193,1,0
0.27458145637622,0.194179147481114,1,1
0.616881141089479,0.393410439186661,1,1
0.486500238159939,0.259801673222037,1,0
0.556697954285169,0.474361497052143,1,1
0.00183704218265257,5.66523675386377e-05,1,0
0.506653720945214,0.356462072963256,1,1
0.685826959684083,0.534121769688531,1,1
0.164399583768757,0.175204214643656,1,1
0.58791406798882,0.362452962941224,1,1
0.061344711263018,0.0631733721352515,1,0
0.625950683665625,0.475525854939125,1,1
0.681789199847597,0.504308781351427,1,1
0.989771790659349,0.826360071253548,1,1
0.944927312980691,0.762524546353159,1,1
0.473047600355168,0.356074194060297,1,0
0.0399289133847285,0.0267642322310965,1,0
0.629244642698538,0.480543771158029,1,1
0.97561339964924,0.862044152841569,1,1
0.396311692671913,0.262762172043122,1,0
0.700126415929933,0.432575251326121,1,1
0.445663534065064,0.281210764406956,1,1
0.91835157509146,0.796087353391492,1,1
0.504374631997001,0.353262327253619,1,0
0.704660209628676,0.43819582777326,1,1
0.347927026979877,0.240127884288345,1,0
0.594460164113282,0.374404182483077,1,0
0.955286293053262,0.775902543188821,1,1
0.54885729288568,0.461093562226057,1,1
0.144281110394295,0.134946639457833,1,0
0.807600326865408,0.61614937244729,1,1
0.431220915627399,0.323933510637693,1,0
0.280176395514044,0.202173052910536,1,0
0.980559587072596,0.828713845106994,1,1
0.711285111062638,0.483132519221997,1,1
0.909042695955421,0.68001029871161,1,1
0.790345559081925,0.585116111563097,1,0
0.152922600807204,0.151595557006466,1,0
0.602995843277305,0.485048607557522,1,1
0.521987271508993,0.398361298067375,1,1
0.741348506809246,0.624898614675185,1,1
0.257087160224177,0.1941489035481,1,1
0.706672719238301,0.440702376652702,1,0
0.603590885662792,0.486006381620191,1,1
0.815920724348416,0.566591367138139,1,1
0.598383043007731,0.379361918978566,1,1
0.265617022558242,0.181707138815057,1,0
0.00112535249653889,2.12596917793637e-05,1,0
0.821403346280531,0.521468938351853,1,1
0.371498096091487,0.320642221237044,1,1
0.198331661487398,0.127402686171302,1,0
0.57540007678785,0.426947568404512,1,1
0.729756682440705,0.593522931293968,1,1
0.274977878414017,0.194740237522381,1,0
0.376180259720617,0.304441282530756,1,0
0.219579263683701,0.200217698512093,1,0
0.296825886584343,0.228865397286393,1,0
0.432968687072664,0.326564686761002,1,1
0.814863601953371,0.565124145150715,1,1
0.199241258879342,0.128573965522125,1,0
0.148064392165537,0.142116459029631,1,1
0.355808933421446,0.251130787217212,1,1
0.833922022744595,0.589293379818335,1,1
0.635909377569876,0.4157160013593,1,0
0.35612788976798,0.251581229309105,1,1
0.297941199516596,0.23058853605341,1,0
0.381267079482802,0.312730438913601,1,1
0.901463300173205,0.699937411537737,1,1
0.520978743956414,0.396823443603096,1,1
0.202998748101502,0.171122271019117,1,1
0.112244438412875,0.120650142463443,1,0
0.935381099810718,0.706720724380131,1,1
0.323983177676013,0.232765856281271,1,0
0.840460678499934,0.623629088977906,1,1
0.733167530785898,0.599084093722518,1,1
0.945029167587048,0.762688941693031,1,1
0.431196784193053,0.323897256545003,1,0
0.0476703075137561,0.0381483460392337,1,0
0.395909123237355,0.262228620821508,1,1
0.320047801647995,0.227145454689835,1,0
0.913840065297979,0.71145875519477,1,1
0.0335894200639569,0.018940211208511,1,0
0.553082712618477,0.468220418271097,1,0
0.559723211516965,0.420273414766593,1,1
0.430214497115932,0.322423230257922,1,0
0.312784568268168,0.284524005948173,1,1
0.330543692649956,0.242288110357642,1,0
0.230102932572444,0.213159090155966,1,1
0.370440983299454,0.31882001680448,1,0
0.4149896788652,0.283399802748431,1,1
0.15768134921083,0.16117726299312,1,1
0.699466382750312,0.481231804026654,1,1
0.768366766706607,0.512351700339539,1,1
0.458117713027654,0.340878168432999,1,0
0.786439846915625,0.581114485089392,1,1
0.963311037682708,0.786800158568283,1,1
0.176722167737878,0.101152482272864,1,0
0.385786578332703,0.320188527961245,1,1
0.424806061757601,0.314367508753829,1,0
0.530685172720954,0.373520488407578,1,0
0.846539961594083,0.628358155051711,1,1
0.499830249287526,0.346030207057861,1,0
0.446044564299063,0.281691825118722,1,0
0.802216436533671,0.530709353089872,1,0
0.991163440384718,0.885397957506977,1,1
0.226308491787619,0.206186986472613,1,0
0.838324623681453,0.620463174945593,1,0
0.438698356471021,0.272489489929091,1,0
0.110311273099205,0.116530059942921,1,0
0.35974293340947,0.256714739978956,1,1
0.206586794620879,0.177224977746178,1,1
0.376677882361553,0.305247263564758,1,0
0.169167316206644,0.18551372278189,1,0
0.407382234623302,0.218260433719378,1,0
0.967005474267973,0.795160820675043,1,1
0.911477807189683,0.707785296227971,1,1
0.336991403007234,0.310036096393183,1,1
0.675605550363986,0.477437804897441,1,0
0.55242293797063,0.467104000424044,1,0
0.931724399142215,0.794419501912575,1,1
0.573439223454057,0.427754001348913,1,0
0.339231294305135,0.314171246726032,1,0
0.754283119762914,0.633714956031491,1,1
0.737806296685995,0.618941270716198,1,0
0.84549821761152,0.626812603532514,1,1
0.264946948704046,0.180791507559114,1,1
0.769766211279854,0.514219716472908,1,1
0.561104576765191,0.422350396609007,1,1
0.780873152174387,0.60289099601903,1,1
0.402918869198034,0.213504018970419,1,0
0.781775849172767,0.574242300616562,1,1
0.789473655016391,0.583825831114986,1,1
0.696325541818346,0.476919719634201,1,0
0.723745939238086,0.573009372432361,1,0
0.948374470221305,0.768098174128238,1,0
0.480597863552781,0.253535922256956,1,0
0.55497829849457,0.471435391183478,1,1
0.109295944934995,0.114394797703767,1,0
0.765067254524833,0.550423302776933,1,0
0.733910376371405,0.600298693132372,1,1
0.24951555657234,0.182881351975886,1,0
0.589921789986498,0.364932738063548,1,0
0.0171729536566071,0.00495073639030642,1,0
0.710882078279553,0.482585163247399,1,1
0.258836203838585,0.196799600038211,1,0
0.886726079306984,0.637986539255333,1,1
0.832565398376844,0.587377614400022,1,1
0.325634610141946,0.235144848822133,1,1
0.00586953185950123,0.000578344666661466,1,0
0.905762447361396,0.675111566649282,1,1
0.488193477672761,0.261613273546722,1,1
0.70615032962364,0.440051061703185,1,1
0.274528022985613,0.194103580537707,1,0
0.408558907033644,0.219523090293039,1,1
0.766615273179926,0.552652982743754,1,0
0.0084222515382455,0.00119079286060222,1,0
0.715146741058845,0.538897582823858,1,1
0.507108006965739,0.357101595891564,1,0
0.132211539240409,0.167392848252232,1,0
0.70207792101586,0.434990098962091,1,1
0.565733113999852,0.416334585371105,1,1
0.459014351266812,0.308144990531486,1,0
0.785071729255271,0.579094390457714,1,1
0.711203850316138,0.483022134607029,1,1
0.60765744091141,0.492577155053514,1,0
0.791904723866046,0.587426980002443,1,1
0.960859148937745,0.782800014738095,1,1
0.622275233429967,0.400320587757735,1,1
0.604738694891586,0.487856552090637,1,1
0.498768714677711,0.3445619766624,1,0
0.504592053409561,0.353566955376935,1,1
0.984339959461498,0.835116079189845,1,1
0.444890290995091,0.280235788349205,1,1
0.940625109840682,0.791700620901586,1,0
0.236915210328047,0.225967217892453,1,0
0.902512251538021,0.701567267049866,1,1
0.555227231424741,0.471858406329581,1,0
0.320757754239964,0.228154312525487,1,1
0.95253750556228,0.773108187524873,1,1
0.614532615132452,0.463609285261235,1,1
0.128881606346738,0.159066987784726,1,0
0.546018071036494,0.369555865992481,1,1
0.477113441144734,0.362221409025548,1,1
0.305989921084766,0.272296789811247,1,1
0.599506392117918,0.380787614081278,1,0
0.44414066570809,0.279292208075573,1,1
0.713028269297591,0.485503462699435,1,1
0.0546362599963454,0.050111999587486,1,0
0.824774061799866,0.634824481846769,1,1
0.554042472079182,0.469846825560709,1,0
0.622287921060412,0.400336912275193,1,0
0.502527404997123,0.350679482264408,1,0
0.509344827938404,0.360258848369957,1,0
0.349002490718853,0.241614678608345,1,0
0.296224224392123,0.227938523282676,1,0
0.551500367421588,0.465545134840484,1,0
0.824200555833123,0.525026609650514,1,1
0.251161346790531,0.185301858191953,1,1
0.611938895993911,0.459704090819456,1,0
0.320769842191999,0.228171509118972,1,0
0.877079247274638,0.622593471131797,1,0
0.736259120791262,0.616348159310148,1,1
0.95506251464285,0.775539071206999,1,1
0.241578191316776,0.234949757662443,1,0
0.052703558082941,0.046629384012643,1,0
0.46468107175596,0.31580030731454,1,1
0.465978401271957,0.317566116147334,1,1
0.857556625742789,0.687556369426225,1,0
0.16011562973945,0.166192177244331,1,0
0.209332066756483,0.181966456769578,1,0
0.785896648173244,0.580312003769661,1,1
0.295204639920729,0.226372124572484,1,0
0.610708597019481,0.457857485106458,1,1
0.419490195089059,0.289580011588157,1,1
0.0523011742215472,0.0459200852006635,1,0
0.837674130402421,0.619500658694843,1,1
0.9776205022415,0.865594720745252,1,1
0.0908064155485792,0.138424470889939,1,0
0.903747844929661,0.703489557331425,1,1
0.436325173190489,0.269549344905208,1,0
0.75830809025171,0.568569177996756,1,1
0.661430533102364,0.468058170085226,1,1
0.337568330176296,0.311098564791253,1,0
0.782954200382449,0.575974687376745,1,1
0.625503949464526,0.474847341878429,1,0
0.287465867441673,0.214659028564216,1,1
0.638024488947596,0.418486043697269,1,0
0.632430465959447,0.485422010594281,1,1
0.919073794285224,0.797339979642517,1,1
0.604138566767491,0.486888758338523,1,0
0.668616161655624,0.450399668838774,1,1
0.633221878467842,0.412209603841387,1,1
0.164898347293861,0.176268913554306,1,0
0.285789485811253,0.21216272382906,1,0
0.879653698616249,0.626869739703138,1,1
0.728892578594718,0.592118184154755,1,1
0.501315719925852,0.348990416880816,1,1
0.593184382842128,0.372798876298523,1,0
0.0334222508992319,0.0187521555410867,1,0
0.175430731501548,0.0996794959276344,1,0
0.473189933401881,0.356288501244014,1,1
0.610922188397411,0.458177806494099,1,1
0.729921394350239,0.593790887258902,1,1
0.815012522861911,0.565330723260669,1,1
0.448058656171901,0.326072943319056,1,0
0.0256855795897127,0.0110753777134915,1,0
0.889438709795785,0.617275678625837,1,1
0.712652565618717,0.484991961573828,1,1
0.401356202650707,0.211851137294813,1,0
0.546653196041393,0.370416096423405,1,1
0.724704591476019,0.574528359943559,1,1
0.101457438726062,0.0985748137401043,1,0
0.252037364136367,0.186596728861136,1,0
0.450645289270117,0.329848634786157,1,1
0.647499483969048,0.475884880507783,1,1
0.395774414824535,0.262050204161446,1,0
0.890732774694308,0.619073162526865,1,1
0.255776131029572,0.192173807836795,1,0
0.689904810275721,0.540492309722455,1,1
0.264141705489705,0.204950094687459,1,0
0.03667276810624,0.022577049802168,1,0
0.709004027069474,0.480038686152356,1,0
0.62162418107286,0.399483359126344,1,0
0.490293384634243,0.332951524841064,1,0
0.121731320861213,0.141906681802038,1,0
0.803901236150944,0.532940865187931,1,0
0.301495220966637,0.264355982461377,1,1
0.980798828953073,0.829118282018132,1,1
0.476004469944739,0.360539518550596,1,1
0.0646724969971202,0.0702132482431219,1,0
0.540823332808568,0.362557511942611,1,0
0.111091952064936,0.118185275643811,1,1
0.537338456520019,0.382944969155338,1,1
0.673745076880486,0.474811901851462,1,1
0.823154022601364,0.523694145234837,1,0
0.655833211059846,0.460169852523996,1,0
0.0282681568115293,0.0134145092729598,1,0
0.53836694428826,0.384412316740223,1,0
0.151514097634363,0.148815856827988,1,0
0.288065296433194,0.21555518365646,1,0
0.858166848329685,0.688535224210858,1,1
0.731892921339868,0.597002892752165,1,1
0.353275643059146,0.247567512780564,1,1
0.512991199947808,0.373703774957947,1,1
0.467928012911322,0.320229011199664,1,0
0.568749684384228,0.420786334352079,1,1
0.283976872461185,0.209479983948237,1,0
0.217855026743139,0.197085642027486,1,1
0.385326327335364,0.319425001225582,1,0
0.766843849354021,0.552982593022272,1,1
0.634328591944448,0.413651741579271,1,1
0.597604137041158,0.378374942659533,1,1
0.0338547599947771,0.0192406298633349,1,0
0.873250919137004,0.617170266087237,1,1
0.14426080681427,0.134908662107877,1,0
0.757558971857724,0.56744637513344,1,1
0.672276613671618,0.472744401863919,1,0
0.706248762726036,0.440173751188314,1,0
0.62223995676998,0.40027520085427,1,1
0.772232183906604,0.51751963494195,1,0
0.192202471815618,0.119649922534843,1,0
0.848217511126794,0.630850999831754,1,1
0.394280214739969,0.26007525941178,1,0
0.537994784531675,0.383881030977389,1,1
0.457747404810921,0.340327310146447,1,1
0.0198884045124431,0.00664017760351134,1,0
0.0756531521388787,0.0960801919911006,1,0
0.211842139980263,0.186356491676299,1,0
0.955923176910494,0.776937467556273,1,1
0.293134816644437,0.223208843157258,1,0
0.825591589788466,0.636083599996605,1,1
0.845456130601093,0.626750202426407,1,0
0.359912782744351,0.256957208236856,1,0
0.0708744263189516,0.0843254989549922,1,0
0.0900755933064638,0.136205319476188,1,0
0.464395315329155,0.315412022851673,1,0
0.945575434930419,0.763570930295884,1,1
0.475487366983635,0.35975660663325,1,1
0.802184291977323,0.530666823233476,1,0
0.184369402761394,0.110096162691989,1,0
0.706177508228033,0.440084936087654,1,0
0.104514319959382,0.104604357052816,1,0
0.666555035960361,0.447627078184149,1,0
0.83812987261943,0.620174929024684,1,1
0.0478624415225593,0.0384564777007558,1,0
0.788152287254376,0.58187313002706,1,1
0.0326053319502967,0.017846664463779,1,0
0.119213555450867,0.136097283752946,1,1
0.373912193855143,0.324823005532862,1,1
0.620096138268034,0.397521796397459,1,0
0.177059167714882,0.101538635148013,1,0
0.0594497866607525,0.0593308277405111,1,0
0.768097364584257,0.554791927861793,1,1
0.462438976100521,0.312760173548611,1,0
0.100932055370883,0.0975565449080957,1,0
0.600441687915096,0.480948195634435,1,1
0.146394183952865,0.138928314917192,1,0
0.739831641764757,0.622344034404781,1,1
0.432302108781045,0.325559933429777,1,1
0.177284009732756,0.101796680496006,1,0
0.0843467755743155,0.119430919594928,1,0
0.440450442607118,0.274670389070635,1,0
0.602596274641709,0.484405996171836,1,0
0.123463403632255,0.145973717083493,1,0
0.859268945903107,0.69030485739005,1,1
0.18790431021811,0.114358373283488,1,0
0.263309525188836,0.203660735530023,1,0
0.740216892544011,0.622992346629142,1,1
0.5284265687573,0.408250385611216,1,1
0.526287064640234,0.404951213296497,1,0
0.648036115314732,0.476674010303982,1,1
0.809246879912195,0.618664371037691,1,1
0.244162653170088,0.240003746757208,1,1
0.63224190480354,0.485132593511748,1,1
0.78621395484593,0.58078070164285,1,0
0.647513028311795,0.475904789760233,1,1
0.492211540156616,0.335561807232124,1,0
0.643340744004213,0.469791513862801,1,1
0.526753455803319,0.40566926002665,1,0
0.374168003259503,0.301192970422593,1,1
0.868600159700871,0.577220720603815,1,1
0.590311092828759,0.365414551863198,1,1
0.622648526300895,0.400801023538668,1,1
0.922772825989116,0.710066176570916,1,0
0.0343542354183076,0.0198125502576511,1,0
0.870150831538988,0.579283531387985,1,1
0.509703616923428,0.360766568973233,1,0
0.592457311989028,0.37188555123452,1,1
0.160266653867461,0.16650583638721,1,0
0.595969722107643,0.376308102945379,1,1
0.18570807821841,0.111700746646642,1,1
0.439083235938487,0.272967821397791,1,0
0.33241242771915,0.301667914535443,1,0
0.739702943451519,0.622127532010232,1,1
0.241884601057994,0.235546140551807,1,0
0.963209474094973,0.786634259847581,1,1
0.171715665382733,0.191145006084772,1,0
0.77218984685968,0.517462891250303,1,1
0.513433355333057,0.374348255198608,1,0
0.924850897488784,0.71326789582917,1,1
0.00557092864127895,0.000520996730056774,1,0
0.904936421251397,0.705341181925277,1,1
0.913026496236442,0.710192531051471,1,1
0.45304527401973,0.333371315234418,1,0
0.179258374003902,0.104076670440138,1,1
0.373881891924072,0.324770360202457,1,0
0.02856967273738,0.0137022011156224,1,0
0.634941322072278,0.414451261894573,1,1
0.325264568240788,0.234610728649429,1,0
0.677999323297729,0.480827067726316,1,0
0.87241077471315,0.615983292860998,1,1
0.781607425544396,0.573994900920535,1,1
0.752801786992777,0.63122830105886,1,1
0.236309564294179,0.224813377066957,1,0
0.864433845484823,0.637629453900602,1,1
0.133797735559701,0.171433504389487,1,0
0.0776072540676194,0.101107748863496,1,0
0.781112612182804,0.573268371374903,1,1
0.177609511445522,0.102170830568566,1,0
0.228435777301274,0.210081494181538,1,0
0.149115276067685,0.14414095517776,1,0
0.375434510713327,0.303235415201414,1,1
0.748064521008945,0.557502807642772,1,1
0.983888067190303,0.834349482500467,1,1
0.938697768999634,0.788459555648956,1,1
0.540509373953797,0.36213669022665,1,0
0.815657560095414,0.566225933234382,1,1
0.673513465974863,0.474485509225855,1,1
0.902832738659773,0.702065616397031,1,1
0.751948790950835,0.629798628062631,1,0
0.748635309175378,0.624260409305185,1,1
0.862755899762284,0.635156461373291,1,1
0.489838657663743,0.263379483683352,1,0
0.0922529099103833,0.142869641244538,1,0
0.278696872447728,0.200043466538377,1,1
0.339043058355514,0.31382268268527,1,0
0.471358430325559,0.353535777271885,1,0
0.735411992772012,0.614930654505613,1,1
0.817275122144141,0.568473969197869,1,1
0.903214403662191,0.702659326618948,1,1
0.581429262849279,0.435941771595017,1,0
0.171376208735287,0.190390021869415,1,0
0.550416795996716,0.463717553684221,1,0
0.372209087968745,0.321870718348151,1,0
0.261330054960384,0.200610143058894,1,0
0.573480108214652,0.427814999071672,1,1
0.648891046903516,0.452371433602276,1,1
0.704561742712425,0.438073372222004,1,1
0.482929384440578,0.256001843152458,1,0
0.521863603060783,0.398172562094738,1,1
0.395770166238209,0.262044578042644,1,0
0.657982417382632,0.463190804946517,1,1
0.957933464113403,0.780208671297662,1,1
0.669289223726842,0.451306914378804,1,1
0.893526536630699,0.62296266883359,1,1
0.72719281270633,0.5784803365543,1,1
0.23589815398663,0.224031267136117,1,1
0.941057925387922,0.792429368559057,1,1
0.432312357600645,0.325575370063141,1,0
0.134017900212997,0.171998157468437,1,0
0.669504534631911,0.45159733271156,1,1
0.812531019575266,0.56189339114742,1,1
0.869113562647851,0.577903277235814,1,1
0.795046265288935,0.65093491369157,1,1
0.924655874265565,0.712967114074969,1,1
0.801669195835416,0.529985541696379,1,1
0.225969591767757,0.205569913268213,1,0
0.422818425985078,0.294193289797449,1,0
0.787522254668199,0.580943227232807,1,0
0.000967943737746557,1.57282366600527e-05,1,0
0.611698279088761,0.45934264679398,1,0
0.401234457055109,0.211722632834628,1,1
0.870841836682307,0.58020393926131,1,0
0.0875954202542646,0.128807931948333,1,0
0.0419363991447829,0.0295231083751602,1,0
0.591410576146006,0.366777024512225,1,0
0.467235854034884,0.319282346692819,1,1
0.895621432691592,0.698942901589228,1,1
0.205976897928631,0.176180096102854,1,0
0.892058492110452,0.62091732241629,1,1
0.691256491000182,0.542612279623817,1,0
0.36522555214972,0.309905891364389,1,0
0.82875965271328,0.640974684869694,1,1
0.768694478894869,0.512788834557395,1,1
0.669325869163669,0.451356336336291,1,1
0.753889179011786,0.633053186073558,1,0
0.599374136464592,0.380619623346577,1,0
0.960993137911572,0.783018348265676,1,1
0.517605129314191,0.380456315302285,1,0
0.114739552007843,0.126073693427627,1,0
0.233315770978094,0.219153162650242,1,0
0.907975648696997,0.678414824117231,1,1
0.207754324729317,0.179233820487136,1,0
0.84278951946932,0.622802834075517,1,1
0.19172370795608,0.119054584579685,1,0
0.521044084011524,0.396922987363457,1,1
0.194722161329522,0.122807600908068,1,0
0.658900601719103,0.464484430034926,1,1
0.817260053614649,0.568453006886477,1,1
0.824413388830472,0.52529779950571,1,1
0.790897030697197,0.585932937819168,1,0
0.0285321879800859,0.0136662688360552,1,0
0.588845948417132,0.36360289463469,1,1
0.338706155971238,0.31319931006399,1,0
0.9747362888308,0.860494833472395,1,1
0.491048516515681,0.333977914080551,1,1
0.735484263739416,0.615051522311483,1,1
0.688921342016825,0.538952450448666,1,1
0.756055075818188,0.565195637360696,1,1
0.262027635173071,0.201682568062696,1,0
0.517099488202624,0.379713353614337,1,1
0.225426081880457,0.20458221477345,1,0
0.735348400533168,0.614824311049944,1,0
0.203191367903919,0.171447171310173,1,1
0.409403764900746,0.220431931435765,1,0
0.346870946479874,0.238672352049963,1,1
0.0194887514767379,0.00637599314296297,1,0
0.64258336193933,0.468686027453091,1,0
0.694887402467369,0.474951764432083,1,1
0.844921691105615,0.625958075714106,1,1
0.251417756845761,0.185680399821793,1,0
0.39422272673072,0.25999942441738,1,0
0.946328358485816,0.764787415850435,1,1
0.199206905732736,0.128529631938511,1,1
0.774147705689911,0.520090233887206,1,0
0.0343366898539071,0.0197923178989597,1,0
0.529726745109995,0.372172536374221,1,1
0.523336000406162,0.400422557208251,1,0
0.744075518753186,0.551572969902702,1,1
0.117078791787763,0.131266722043071,1,0
0.794341191498716,0.649780883649576,1,1
0.894511230314879,0.697211171861632,1,0
0.982513285708235,0.83201944746051,1,1
0.504052016846287,0.352810554611264,1,1
0.47638718644756,0.361119512661634,1,1
0.18835805341672,0.11491133541704,1,0
0.883463510334965,0.633300434028201,1,1
0.173898201407394,0.097945540005701,1,0
0.731744177252001,0.59676025718464,1,0
0.702962804040518,0.436087293197121,1,1
0.740208738602765,0.62297862142221,1,1
0.0189669148803833,0.00603911356800839,1,0
0.540335485847103,0.361903720597739,1,0
0.100591779251486,0.0968998614659169,1,0
0.730210446905955,0.594261268753036,1,1
0.189383767514568,0.116166254948825,1,0
0.706324528971646,0.440268199782668,1,1
0.805939425954899,0.535646699173069,1,1
0.593748822773861,0.373508681517099,1,1
0.765439662676576,0.550959287065211,1,1
0.428621651591995,0.320040141498795,1,0
0.925440394192742,0.714177454499709,1,1
0.253578048339617,0.188885003259595,1,0
0.241981523992502,0.235734944609599,1,1
0.118327844346237,0.13408249472407,1,0
0.126184512214846,0.152479086942277,1,0
0.131720943605988,0.166152868199545,1,0
0.304990628861933,0.27052117740567,1,0
0.711758051901927,0.483775212452287,1,1
0.913825025722518,0.711435337640661,1,1
0.108869873491498,0.113504639268949,1,0
0.415791572060839,0.284496099601896,1,0
0.108650303281889,0.113047265619337,1,0
0.00283729774116304,0.00013514177880204,1,0
0.185247291834268,0.1111471215303,1,0
0.529679955197659,0.372106792473466,1,1
0.317950570142416,0.22417829925493,1,0
0.764351015455103,0.549393196900331,1,0
0.945332913520637,0.763179298821875,1,1
0.202328828270753,0.169994687286623,1,0
0.0777672847136068,0.10152515883261,1,0
0.135032118956728,0.174611298420325,1,0
0.917079893977155,0.793884126774677,1,1
0.654542085359741,0.460284933976161,1,1
0.26559911561016,0.181682639552253,1,0
0.256938926435265,0.193925079607602,1,0
0.977309351839974,0.865043817232041,1,1
0.0976776819815671,0.160166061286187,1,0
0.157250891321667,0.160298461236221,1,0
0.0592576870925932,0.0589480168735506,1,0
0.200169223303385,0.166385096943139,1,0
0.943056004415961,0.795797954807975,1,1
0.364241808442395,0.308238661981683,1,1
0.16015843611832,0.166281050969892,1,1
0.0427101283986089,0.0306225646709201,1,0
0.633842202523699,0.413017626399124,1,1
0.158950681839838,0.163782657016906,1,0
0.207023766514059,0.177975502358425,1,0
0.508012086362845,0.358376022563072,1,1
0.807236385727055,0.615594168171754,1,1
0.81814594007369,0.569686048327631,1,1
0.982919868559024,0.832708201166257,1,1
0.152188722055455,0.150144027861564,1,0
0.785447441141698,0.579648797652965,1,1
0.319557062366135,0.226449410304345,1,0
0.560023791378514,0.42072492237478,1,0
0.578818009128147,0.432034853189261,1,1
0.817088499524844,0.568214379775501,1,1
0.504055908715405,0.352816002849767,1,0
0.332543165400852,0.301905252951483,1,1
0.990757602699164,0.884673043171396,1,1
0.270311988401435,0.188187510050789,1,0
0.463000106369228,0.313519649656629,1,0
0.184070694565737,0.109739704572662,1,0
0.849999318527924,0.664254774804013,1,1
0.739695088251627,0.622114318840764,1,1
0.711497988403231,0.483421751640052,1,1
0.529575336125638,0.371959814577146,1,1
0.449833507547302,0.328661342134732,1,0
0.366774623160831,0.3125403418201,1,0
0.380013728636351,0.3106777219139,1,0
0.687722000689372,0.537077562096572,1,0
0.789509165506393,0.583878353216181,1,0
0.578330667275017,0.431307646966133,1,0
0.59454035294943,0.374505198707247,1,1
0.0940900325656125,0.14861650509435,1,1
0.46054167983294,0.310199051146032,1,0
0.243052575655894,0.23782636935768,1,0
0.970120314635396,0.794631144788443,1,1
0.339667740950472,0.314980176774393,1,1
0.67544148363055,0.477205947270337,1,1
0.930223950802444,0.791862896895973,1,1
0.313453161251587,0.2857416751511,1,0
0.267205445873275,0.183886900251387,1,0
0.672988858783039,0.473746632928893,1,1
0.53263656866915,0.376272502251132,1,0
0.599779739528123,0.381134936608726,1,1
0.013313658619867,0.00297560061732986,1,0
0.564464332145657,0.427423398573107,1,1
0.32724423470698,0.237475254563835,1,0
0.534747219799164,0.379260481510009,1,1
0.993430844573386,0.889453497120305,1,1
0.964938196782068,0.791764643471048,1,1
0.893103022465588,0.622372264457668,1,1
0.545378153811266,0.368690156229313,1,0
0.170547182653744,0.18855246779469,1,0
0.00703903302109454,0.000831774901401077,1,0
0.84027861740434,0.62335893642779,1,1
0.0323330936206415,0.0175498870589518,1,0
0.309394100852662,0.278389169761665,1,0
0.853496643937092,0.669732177630757,1,1
0.262406703106691,0.202266527035588,1,0
0.512576110716708,0.373099251315365,1,1
0.856176007367225,0.685344296643593,1,1
0.952954447699606,0.773785141293948,1,1
0.173750770876656,0.0977795343580319,1,0
0.398705173030001,0.265945601872141,1,0
0.99267072435335,0.888092893235196,1,1
0.670578533471036,0.453047372283064,1,0
0.641397854608214,0.466958257297271,1,1
0.208621420172693,0.180733063876885,1,0
0.0173494986378093,0.00505305080415756,1,0
0.901977143787859,0.700735582409572,1,1
0.408474530303517,0.219432426608788,1,0
0.104813874849578,0.105204842267109,1,0
0.763449287847004,0.548097690562256,1,1
0.134932086947057,0.174352689586509,1,0
0.0486004768174166,0.0396516137176213,1,0
0.675479481689642,0.477259640773833,1,0
0.232096106524042,0.216867893378886,1,1
0.446921200351985,0.282800162236158,1,1
0.511908786744148,0.37212840621825,1,1
0.301963171112332,0.265177232108933,1,0
0.894184928116132,0.623881062210853,1,1
0.266694661398133,0.183184543310545,1,0
0.157509278615989,0.160825683871138,1,0
0.319149435003026,0.225872060507264,1,0
0.265155895943371,0.18107677811862,1,0
0.865640018870808,0.639410106638979,1,0
0.948641784168338,0.768531235746527,1,1
0.465388663335995,0.316762807346127,1,1
0.52118710048782,0.397140912561766,1,1
0.163731592434234,0.173783321411072,1,0
0.379199124387953,0.309347200828266,1,0
0.397575856757201,0.264441175191021,1,0
0.676507574518172,0.478713543164148,1,0
0.629889755579452,0.48152960041075,1,1
0.50738129624647,0.357486596064969,1,0
0.486975385346451,0.260309398834717,1,0
0.75677709102876,0.566275650480419,1,1
0.0720576703687302,0.087164619942162,1,0
0.820599901721919,0.520449301708518,1,1
0.99724451827032,0.926967665086319,1,1
0.993903389860768,0.890299871126997,1,1
0.0723770374825656,0.087938977545956,1,0
0.0527059554853535,0.0466336263046002,1,0
0.728891777938956,0.592116883325003,1,1
0.761062252500403,0.57270674557625,1,1
0.645038329501971,0.472274065966764,1,1
0.109818171240359,0.115490587564907,1,0
0.412668831089709,0.280238815140501,1,0
0.285406091067703,0.211593860971789,1,1
0.974975443168928,0.860917135012686,1,1
0.479702866633597,0.252592503234521,1,1
0.849009529588608,0.662708681259661,1,1
0.623283936760532,0.401619472786759,1,1
0.892424451655614,0.621426879205754,1,1
0.0972544266084788,0.158781010599125,1,0
0.486225802276566,0.259508646472343,1,0
0.189802515982074,0.116680535776545,1,1
0.394786101070143,0.26074307341297,1,0
0.0693764837553709,0.0807987003873562,1,0
0.293145923056729,0.223225757534275,1,0
0.399946262443492,0.267603849631678,1,1
0.9257186156496,0.714606935125981,1,1
0.408413928236398,0.219367320604883,1,0
0.00494233138526745,0.000410056338763544,1,0
0.114442545303793,0.125421847257708,1,0
0.522069946127688,0.398487496457116,1,1
0.830943290395605,0.585091039084816,1,0
0.436265137375567,0.269475173153219,1,1
0.968316048838059,0.797317631086421,1,1
0.0718289386569786,0.0866121272166157,1,0
0.173263230582001,0.0972315703946073,1,0
0.163808421671132,0.173946451474436,1,0
0.808879090219575,0.618102152811737,1,1
0.689494519606909,0.53984963262489,1,1
0.995324806687034,0.923402245094862,1,1
0.799515433438726,0.65827364159274,1,1
0.45299602811937,0.333298844427445,1,1
0.0390579047898721,0.0256092990296022,1,0
0.00159093043940728,4.24895556218036e-05,1,0
0.658062018251294,0.463302882776241,1,1
0.693473486518119,0.473020923074044,1,1
0.830412387134792,0.643533731329834,1,1
0.61931746275018,0.39652406033239,1,0
0.436831573447044,0.270175387484782,1,0
0.226736802026215,0.20696818178773,1,0
0.99691377279645,0.926352892054721,1,1
0.344911042045507,0.324779652678665,1,1
0.517597548622574,0.380445171282581,1,0
0.676304680301984,0.478426440261791,1,1
0.92843733563623,0.788824068126077,1,0
0.926228337435112,0.7153941095419,1,1
0.499905321946725,0.346134159784609,1,1
0.162090321598947,0.1703167219528,1,0
0.631057954900267,0.483317355099276,1,1
0.821974907983321,0.522194904159497,1,1
0.792084575407438,0.587693834440375,1,1
0.303892078870267,0.268575899099683,1,1
0.382613309758402,0.314942801232393,1,0
0.938970390940821,0.78891759996398,1,1
0.285174829800123,0.211251095761654,1,1
0.825499881662435,0.63594229333662,1,1
0.0936207973624237,0.147137874381398,1,0
0.291537154567825,0.220782379508998,1,0
0.0672409979801805,0.0759011065585937,1,1
0.398626038285285,0.265840042926917,1,0
0.538803100036511,0.359853920965139,1,1
0.110114743144514,0.116115211196576,1,0
0.402489325305176,0.213049036741045,1,1
0.786015167397386,0.580487047943067,1,0
0.7684627736691,0.512479744408331,1,1
0.347143346793123,0.23904736155869,1,1
0.109310663898673,0.114425611038164,1,0
0.0717771965714089,0.0864873898041816,1,0
0.452044022609924,0.33189941088256,1,0
0.662294078689898,0.469281135753302,1,1
0.00703781906912693,0.000831488030262479,1,0
0.722719406594123,0.571385057475095,1,1
0.869157482076123,0.577961685765895,1,1
0.271578746866261,0.189955442726211,1,0
0.673768664170794,0.474845148023044,1,1
0.984227961272159,0.834926051005268,1,1
0.154241985936897,0.154222712940452,1,0
0.811315965083712,0.621832021728259,1,1
0.652956566943119,0.458057708687544,1,1
0.313695451931996,0.286183586804148,1,1
0.449972278114642,0.328864152975205,1,0
0.465519391917816,0.316940790919467,1,0
0.694720550158407,0.474723706521923,1,0
0.910180332418767,0.681713383912705,1,1
0.176576164171896,0.100985411864327,1,0
0.865325102606846,0.638944961750922,1,1
0.844592262817347,0.625470058658591,1,1
0.746863607042814,0.555714257366824,1,1
0.865975200969358,0.639905370974282,1,1
0.731969955501697,0.597128572442162,1,1
0.249498206428037,0.182855919433144,1,0
0.33560863630706,0.307496992815827,1,0
0.269576208948191,0.187164425159986,1,0
0.80623745412597,0.614071551015542,1,1
0.486378371750747,0.259671530915646,1,1
0.41742607505977,0.286737240359115,1,0
0.137829782114775,0.18192162031455,1,0
0.0628431090474058,0.0662971916468412,1,0
0.916159284221409,0.715074535374656,1,1
0.903331885722814,0.702842129802659,1,1
0.548854209857011,0.46108838215212,1,1
0.973998707787418,0.800997473605522,1,1
0.761577124328387,0.573481899804579,1,1
0.931732416911021,0.794433174409105,1,1
0.108706621182767,0.113164490045558,1,0
0.820190888796937,0.519930614245699,1,1
0.684108762673839,0.50774610711349,1,0
0.680992248442153,0.503130485497684,1,0
0.789217247249388,0.583446659075206,1,1
0.0468238974949013,0.0368056868843338,1,0
0.111382517465905,0.118804320694401,1,0
0.848507768392629,0.631282824012756,1,1
0.497185690088752,0.342378261152677,1,1
0.148651071072795,0.143244912811384,1,0
0.769887542361166,0.514381832581307,1,1
0.614532570302327,0.463609217620686,1,0
0.512831952632045,0.373471794034921,1,0
0.487896217176905,0.261294778446883,1,0
0.0456544187657685,0.034990120857546,1,0
0.533289607202883,0.377195724914647,1,0
0.439588645481069,0.273596585744193,1,0
0.437844534319438,0.27142984996097,1,1
0.733044243337494,0.598882629974648,1,1
0.721316613931579,0.569169102368644,1,1
0.808202900489662,0.617069168682252,1,1
0.999900096146217,0.931911111434065,1,1
0.660489813240049,0.466727725001114,1,1
0.334449647425332,0.305376843407291,1,1
0.574423071133015,0.42922305259315,1,0
0.72153140765286,0.569508127283834,1,0
0.949408999591301,0.768038147486646,1,0
0.575964498325652,0.427785582173134,1,1
0.539049126862526,0.360182627058375,1,1
0.459349199663958,0.308594734602347,1,0
0.547685975175627,0.371817055558416,1,1
0.541083746964699,0.362906749240279,1,1
0.508828908532389,0.359529399913642,1,1
0.899769574889468,0.705432314730431,1,1
0.0122392230169337,0.00251470765087601,1,0
0.835845958045222,0.592015625189555,1,1
0.423198544316677,0.294722493460381,1,0
0.490382279886901,0.333072270884333,1,1
0.215525983490163,0.192894163481313,1,0
0.198356130137508,0.127434124056977,1,0
0.730374974244993,0.594529090832076,1,0
0.0335855309856957,0.0189358255597409,1,0
0.309706477321874,0.278951598883108,1,1
0.073799163830531,0.0914287303173281,1,0
0.871796600833312,0.615116298340454,1,1
0.6135846046281,0.462180012156545,1,0
0.57004217537676,0.422700992168006,1,1
0.310337862716442,0.28009013171006,1,0
0.947490063797628,0.766666262504963,1,0
0.164943021175396,0.176364435230274,1,0
0.125700515654574,0.151311624803679,1,0
0.483610143759507,0.256724095636815,1,0
0.435759087274061,0.330787544433849,1,1
0.317150228818779,0.223051121902726,1,1
0.885303875071597,0.635941669840985,1,1
0.965093589254326,0.792019673632462,1,1
0.261730488932751,0.201225400740302,1,0
0.221958115687681,0.204579387710296,1,0
0.554104793862671,0.469952533482016,1,0
0.296739523831302,0.228732237941077,1,1
0.889476068513072,0.617327534052445,1,0
0.484003735230984,0.257142141180018,1,0
0.871838528757931,0.615175466201274,1,1
0.702204757132866,0.435147282195218,1,1
0.255671597673841,0.192016760594518,1,0
0.986492446534425,0.820893296438868,1,1
0.434904908652709,0.329491990413972,1,0
0.29932060207182,0.232728627613928,1,0
0.712481746509608,0.484759489342806,1,1
0.284741970897624,0.210610278204495,1,0
0.866486510638795,0.574414924178925,1,1
0.431465722620952,0.324301413473027,1,0
0.208158542362712,0.179931952298042,1,0
0.207813763262095,0.179336392785418,1,0
0.53078386532256,0.373659430056822,1,1
0.617295928656038,0.393939671186556,1,0
0.942503408397869,0.794865611577167,1,1
0.562619768593395,0.424634483879334,1,1
0.799186525294925,0.657732146037354,1,1
0.432952338390138,0.326540025385942,1,1
0.0729692430909492,0.0893839389435897,1,0
0.640373002128858,0.465467198385862,1,1
0.0883518689966419,0.131042234038606,1,0
0.058514122045032,0.057477939748795,1,1
0.0571607710957113,0.0548499156382053,1,0
0.853689582744962,0.670035007018774,1,1
0.895742038094809,0.699131155159569,1,1
0.804564896055171,0.533821166056923,1,0
0.447498210682696,0.325257729438,1,1
0.464383001524564,0.315395296281038,1,1
0.0831034663352052,0.115935939178175,1,0
0.709872653064338,0.481215631530026,1,1
0.916925870117822,0.793617482985771,1,1
0.140256403976461,0.188383809943931,1,0
0.87355767511135,0.617603941940272,1,1
0.94912153389731,0.767573118833731,1,1
0.867614435658614,0.575911355220423,1,0
0.505605022390828,0.354987952206985,1,0
0.146280438653158,0.13871250984484,1,0
0.806353929480924,0.614248990969436,1,1
0.6901348796618,0.54085285647111,1,1
0.0217072520367116,0.00791023715017549,1,0
0.415306930985973,0.28383327644672,1,0
0.773536248957347,0.519268976955625,1,1
0.36255663557659,0.30539311362594,1,0
0.417049546260482,0.286220185283842,1,0
0.164256030955704,0.174898373516668,1,0
0.60834317724314,0.454317571805151,1,0
0.369748811233912,0.317629694189669,1,1
0.167216556659909,0.181259874176906,1,0
0.32406301419522,0.232880587580246,1,0
0.3606889599574,0.30225481135756,1,1
0.421074961291335,0.29177211751591,1,0
0.885249105778662,0.635862987257062,1,1
0.791787142097098,0.587252550999668,1,1
0.442237209292195,0.276903409203555,1,1
0.873101306705527,0.616958806970011,1,1
0.156939096727347,0.159663416902918,1,0
0.0243441547414566,0.00994876577267643,1,0
0.68234246115069,0.505127590864883,1,0
0.258998850122558,0.197047005771294,1,0
0.490555864948133,0.333308113841147,1,1
0.573555911855076,0.427928105270882,1,0
0.905967432537705,0.675417173319901,1,1
0.805198701543632,0.53466254517189,1,1
0.69431040830007,0.474163347138658,1,1
0.730534320608267,0.594788536695194,1,1
0.379889573689814,0.310474750957553,1,0
0.458916197679156,0.308013219912681,1,0
0.466585566596271,0.318394226426681,1,0
0.536822186364227,0.382209462210727,1,1
0.1865835463898,0.112756392174236,1,1
0.659036240949618,0.464675684361426,1,0
0.558375275881404,0.418251631959774,1,0
0.797947308239896,0.655693971113178,1,1
0.451720193421215,0.331424057976606,1,0
0.550608429925316,0.464040507077844,1,1
0.804742271918086,0.5340565664028,1,1
0.634037476466045,0.413272150327645,1,1
0.961709859626268,0.784186755216104,1,1
0.601291733526365,0.482310916778283,1,0
0.204509029665161,0.173677993181905,1,0
0.288213943709119,0.215777702358475,1,0
0.708241741462614,0.479007013963586,1,0
0.603072679833752,0.485172229767045,1,1
0.0945859567972275,0.150187272104577,1,0
0.282680175557196,0.20580261387742,1,0
0.784267846053645,0.577909056950323,1,0
0.236360127309182,0.22490959372507,1,0
0.631616730688777,0.484173649201159,1,1
0.884374671030087,0.634607417330721,1,0
0.99514660159161,0.923071618845104,1,1
0.637026121974478,0.417177392485029,1,1
0.0336321288174892,0.0189884065673351,1,0
0.328431820467322,0.239202001361529,1,1
0.857111786781866,0.686843244427239,1,0
0.788020977057108,0.581679260106437,1,1
0.378912269864278,0.308879351224457,1,1
0.946128578241527,0.764464539995261,1,1
0.0904021853915241,0.137194804439675,1,0
0.16514704785842,0.176801013936414,1,0
0.82288710710414,0.523354574713407,1,0
0.686607247419735,0.535337836645386,1,1
0.237718577487339,0.227502302355333,1,0
0.0115604493728512,0.0022435163488679,1,0
0.519062744690308,0.382602120217195,1,0
0.662513205874455,0.469591720639793,1,1
0.0569068491089219,0.0543636848053179,1,0
0.329065108328071,0.240125357510568,1,0
0.426088828596365,0.316268936745108,1,0
0.490413250452529,0.333114343213568,1,0
0.0932188155107843,0.145877048220207,1,0
0.439115505745868,0.273007945647525,1,0
0.374389234526973,0.301549243545277,1,0
0.09779632488876,0.160555384770684,1,1
0.38568534601673,0.320020511885354,1,0
0.0394344639791506,0.0261054804434257,1,0
0.115879919258919,0.128592175624457,1,0
0.318824691461211,0.225412631996421,1,0
0.650830125214841,0.45507911243923,1,0
0.64494262866565,0.472133938882216,1,1
0.284600193511278,0.210400598255538,1,1
0.346054340821102,0.32693635718113,1,0
0.662817099635863,0.470022621405401,1,1
0.638611277251158,0.419256157200352,1,1
0.260347972832875,0.199105184570139,1,1
0.164917934498422,0.176310791722051,1,0
0.22990057815866,0.212784347285971,1,0
0.0587198108269013,0.0578827427719214,1,0
0.809618158397679,0.619232181599038,1,1
0.999490237253908,0.93114728757548,1,1
0.609110646814362,0.455464604810799,1,1
0.963932715854977,0.787816018033947,1,1
0.790346960580593,0.585118186706478,1,1
0.304870619516996,0.27030832704926,1,1
0.53626775573186,0.381420377074316,1,0
0.859082467141024,0.690005269635423,1,1
0.916790708408606,0.793383529962949,1,1
0.576089889960402,0.427971866475777,1,0
0.954928084313309,0.775320763747512,1,1
0.201365043039319,0.168379018855316,1,0
0.541740725731084,0.363788560141651,1,1
0.284446213256734,0.210172989320459,1,0
0.968266179752696,0.797235508153152,1,1
0.268335605995297,0.185445709335344,1,0
0.479099588506304,0.365243426264167,1,1
0.564458566971435,0.427414667613028,1,1
0.0629063431608912,0.0664306781457718,1,0
0.455190727644529,0.336536236162076,1,0
0.662902790554721,0.470144161039418,1,1
0.635307116857359,0.414928936839237,1,0
0.787040408960794,0.582002356067788,1,1
0.404273677957016,0.214942241146256,1,0
0.191469914890964,0.118739597668065,1,0
0.884749473039676,0.635145430334751,1,1
0.232271712270702,0.217196185446832,1,0
0.593843242217603,0.373627483558203,1,1
0.70143175193334,0.434189766697745,1,1
0.225985304083205,0.2055985019964,1,1
0.0760730370925794,0.0971496670695944,1,0
0.172473733879287,0.1928364167355,1,0
0.445056129783889,0.280444750543046,1,1
0.486570228117473,0.25987643090817,1,0
0.931641851462916,0.794278742303061,1,1
0.593230647445568,0.37285703044171,1,0
0.128574799714709,0.158310561481875,1,0
0.741167541366341,0.624593572576002,1,1
0.106125518670628,0.107854390238113,1,1
0.279074563530011,0.200586033296894,1,0
0.697072028338944,0.477942818603952,1,0
0.0513951851065755,0.0443429595497731,1,0
0.930369087269957,0.792110014053599,1,1
0.576934320729732,0.429227425661404,1,1
0.648681320590822,0.452079061373764,1,0
0.234494600527052,0.221373302898663,1,0
0.841042578101237,0.62449293698945,1,1
0.0039759771779635,0.000265379622632387,1,0
0.581044546427307,0.435365060090057,1,0
0.746127087646714,0.554618762787567,1,0
0.358167950519633,0.254471825885177,1,0
0.254021529442194,0.189546260649902,1,0
0.667731011405636,0.449207931304014,1,1
0.569121902761791,0.42133728202701,1,0
0.900401089979498,0.698288886023432,1,1
0.524442179337631,0.402117098068189,1,0
0.918472095882123,0.79629631774805,1,1
0.133327117808687,0.170229631104619,1,0
0.126828931344147,0.154040472642229,1,1
0.048643429394617,0.0397217320258701,1,0
0.226296298606502,0.206164768945353,1,0
0.826305131199617,0.637183582436265,1,1
0.968061469283669,0.796898441329771,1,1
0.626224720312208,0.475942309585688,1,1
0.709848742422727,0.481183214502346,1,1
0.0811081632303685,0.110435560427368,1,0
0.961782348022016,0.784304975033846,1,1
0.551436630160866,0.46543753434282,1,1
0.76579814749537,0.551475478740946,1,1
0.556524969183105,0.474066742159228,1,0
0.375385269576013,0.303155877081761,1,0
0.848247139757339,0.630895072436729,1,1
0.0697696520414687,0.08171709522923,1,0
0.722277394212005,0.570686357437644,1,1
0.226131357014777,0.205864342004073,1,1
0.331314949508107,0.24342009005267,1,0
0.363090518666847,0.306293189634424,1,0
0.125564675564326,0.150984767295217,1,0
0.272897503344222,0.191804727221318,1,0
0.425391581196665,0.315234705136509,1,1
0.84382076159749,0.624327896839206,1,1
0.141553607327677,0.129892777831453,1,0
0.749544788855894,0.625778096268473,1,0
0.0120789433751095,0.00244927583164386,1,0
0.680939308070965,0.503052261760539,1,1
0.700321139424003,0.432815905802543,1,0
0.189173944453257,0.115908990484506,1,0
0.713932007243809,0.486734959352553,1,1
0.449188456255749,0.327719431780944,1,0
0.35250112672247,0.246483175961492,1,0
0.102431150860335,0.100475986924478,1,0
0.277110810407108,0.197773053361845,1,0
0.264410585473925,0.205367560198084,1,0
0.42325257603937,0.294797755442356,1,0
0.27144776834924,0.189772261362995,1,1
0.848284585400976,0.630950775055436,1,1
0.545639746243773,0.369043927954819,1,1
0.255298951586932,0.191457432540462,1,0
0.125044542567109,0.149736494159506,1,0
0.00504286502229845,0.000426908197605445,1,0
0.189738455260348,0.116601786789447,1,0
0.000349905912855109,2.05533382365626e-06,1,0
0.393704679722302,0.25931654433088,1,1
0.53331893284875,0.37723721011233,1,0
0.284472688368114,0.210212115257073,1,0
0.808124257409304,0.616949085324117,1,0
0.492378547339158,0.335789557842606,1,1
0.150791949276791,0.147400661506999,1,0
0.602121036388619,0.483642242753221,1,0
0.825047793986143,0.635245932369344,1,0
0.277498673896378,0.198327074549439,1,0
0.261178294628873,0.200377212928722,1,0
0.23966663412501,0.231246252796498,1,0
0.985776288080107,0.819701850355529,1,1
0.858232777111516,0.688641021894326,1,1
0.606250735157528,0.4902991969833,1,0
0.708186146017167,0.478931814885271,1,1
0.739215172431835,0.621307322406523,1,1
0.490442856412991,0.333154564262864,1,1
0.261132205426839,0.200306499464503,1,0
0.750647540980623,0.627620776698128,1,1
0.510632486113031,0.370275124314539,1,0
0.842528730024974,0.626701889042457,1,1
0.930339317840283,0.792059323878227,1,1
0.912489461162657,0.709357317326278,1,1
0.231704844598535,0.216137328528167,1,1
0.265550503739124,0.181616139897078,1,0
0.1712971525383,0.190214407768278,1,0
0.758496030975613,0.568851043761209,1,0
0.581098180405173,0.435445437533855,1,0
0.917347291247383,0.794347147276738,1,1
0.454833158919276,0.336007721137555,1,0
0.442941714678778,0.277786353131223,1,0
0.36892328304887,0.316212951039287,1,1
0.949694864817149,0.768500726738454,1,1
0.0723373771903133,0.0878426284799736,1,0
0.373513484410706,0.324130645386512,1,1
0.970267604514537,0.794872455084658,1,1
0.994269286783264,0.890955504156842,1,1
0.588146430906084,0.362739526151064,1,1
0.426708093303298,0.317188916343589,1,1
0.35642443039807,0.252000377143697,1,1
0.71102417255819,0.482778105075715,1,1
0.651688255866457,0.456279962774971,1,1
0.198185992648848,0.127215607761257,1,0
0.603892095963514,0.486491566729553,1,1
0.603353748245492,0.485624574468268,1,1
0.258041172275373,0.19559249222174,1,0
0.193079731262133,0.120744638587791,1,0
0.107446028531248,0.11055513298668,1,1
0.830414819440399,0.643537501198925,1,0
0.0971757489531186,0.158524210679218,1,0
0.515856919046794,0.37789067449862,1,1
0.261937502165469,0.201543841245395,1,0
0.244064858726612,0.23981152790542,1,0
0.250099053280154,0.183737694888467,1,0
0.748020068067824,0.557436551584783,1,1
0.36384578978865,0.307568766882825,1,0
0.121565374359834,0.141520045626073,1,0
0.32128242879679,0.228901322787752,1,0
0.726540678418487,0.577443258900617,1,1
0.5613605428742,0.422735822251524,1,0
0.130239373737382,0.16243618263315,1,0
0.537406085533441,0.383041369552175,1,0
0.741503474484314,0.62515989315879,1,1
0.934121998294561,0.704819394022525,1,1
0.265556179350723,0.181623903344491,1,0
0.908825512820884,0.679685409404163,1,1
0.865443472918518,0.639119779948161,1,1
0.809220840081571,0.618624557090567,1,1
0.488023023353048,0.261430619211114,1,1
0.787556365019111,0.580993553700097,1,1
0.294541948903757,0.225356921065307,1,0
0.570243335421335,0.422999375540872,1,0
0.472365246666501,0.355047687201359,1,1
0.635520841906655,0.415208158090697,1,1
0.357742554868327,0.253867713076989,1,1
0.519185525414225,0.382783145427412,1,0
0.863212085518041,0.6358283221708,1,1
0.0501262961642224,0.0421804334138447,1,0
0.0466962060409009,0.0366052181642403,1,0
0.221717668313592,0.204136385819394,1,0
0.177223642187858,0.101727366073053,1,1
0.716529511000941,0.540983565318277,1,1
0.360221166067822,0.257397733107068,1,1
0.339284925848167,0.314270593814288,1,0
0.154496321492419,0.15473173982282,1,0
0.721499773554039,0.569458190493136,1,1
0.756767849506082,0.566261820206287,1,1
0.884043117766077,0.634131676161975,1,1
0.957973482792212,0.780273860736333,1,1
0.0374517974922074,0.0235464337139585,1,0
0.785036628069219,0.579042608066965,1,0
0.0744622145357499,0.0930789987074345,1,0
0.739584006143635,0.621927483529453,1,1
0.293686042101285,0.224049098721213,1,0
0.468116309833383,0.320486787044057,1,1
0.457830904151287,0.340451482113082,1,0
0.51537234573554,0.377181060172476,1,0
0.824944538713214,0.635086939428256,1,0
0.72697960032089,0.578141166285135,1,1
0.501447959887118,0.349174558587514,1,0
0.0523460795513517,0.0459989722173755,1,0
0.1749446292417,0.0991278560130416,1,0
0.453352197925367,0.333823165374484,1,1
0.0451889631533986,0.0342802957261722,1,0
0.696528110254002,0.477197241936651,1,1
0.29964274185873,0.233229839313598,1,1
